track_id,track_start_datetime,track_end_datetime,track_length_images,n_detection_rows,representative_image_path,representative_crop_status,binary_class,order_name,regional_species_rank_1_name,global_family_rank_1_name,global_genus_rank_1_name,global_species_rank_1_name,mean_total_cost,track_duration_minutes,is_single_image_track
Track_002351,01/09/2025 19:31,01/09/2025 19:31,1,1,/home/users/alyduf25/INSPIRE/outputs/singapore/inference/dep000144/raw_outputs/ami-mini-20250901T123138.jpg,crop_2,moth,Lepidoptera Macros,Trilocha varians,Geometridae,Crocallis,Crocallis elinguaria,2.263870886281887,0,TRUE
Track_002352,01/09/2025 19:35,01/09/2025 19:35,1,1,/home/users/alyduf25/INSPIRE/outputs/singapore/inference/dep000144/raw_outputs/ami-mini-20250901T123540.jpg,crop_3,moth,Lepidoptera Macros,Trilocha varians,Lasiocampidae,Malacosoma,Malacosoma castrense,2.3198245733820286,0,TRUE
Track_002353,01/09/2025 19:35,01/09/2025 19:35,1,1,/home/users/alyduf25/INSPIRE/outputs/singapore/inference/dep000144/raw_outputs/ami-mini-20250901T123540.jpg,crop_4,moth,Lepidoptera Macros,Trilocha varians,Noctuidae,Autographa,Autographa excelsa,2.3786365065834807,0,TRUE
Track_002354,01/09/2025 19:37,01/09/2025 19:37,1,1,/home/users/alyduf25/INSPIRE/outputs/singapore/inference/dep000144/raw_outputs/ami-mini-20250901T123741.jpg,crop_1,nonmoth,Lepidoptera Macros,Stenoptilodes taprobanes,Pieridae,Anthocharis,Anthocharis cardamines,1.5032360804091167,0,TRUE
Track_002355,01/09/2025 19:43,01/09/2025 19:43,1,1,/home/users/alyduf25/INSPIRE/outputs/singapore/inference/dep000144/raw_outputs/ami-mini-20250901T124344.jpg,crop_1,nonmoth,Lepidoptera Macros,Lebeda nobilis,Lasiocampidae,Malacosoma,Malacosoma castrense,,0,TRUE
Track_002356,01/09/2025 19:45,01/09/2025 19:45,1,1,/home/users/alyduf25/INSPIRE/outputs/singapore/inference/dep000144/raw_outputs/ami-mini-20250901T124545.jpg,crop_1,nonmoth,Lepidoptera Macros,Stenoptilodes taprobanes,Noctuidae,Hofmannophila,Hofmannophila pseudospretella,1.7660144286320285,0,TRUE
Track_002357,01/09/2025 19:47,01/09/2025 19:47,1,1,/home/users/alyduf25/INSPIRE/outputs/singapore/inference/dep000144/raw_outputs/ami-mini-20250901T124746.jpg,crop_1,nonmoth,Araneae,,,,,,0,TRUE
Track_002358,01/09/2025 19:49,01/09/2025 19:49,1,1,/home/users/alyduf25/INSPIRE/outputs/singapore/inference/dep000144/raw_outputs/ami-mini-20250901T124947.jpg,crop_1,nonmoth,Araneae,,,,,,0,TRUE
Track_002359,01/09/2025 19:51,01/09/2025 19:51,1,1,/home/users/alyduf25/INSPIRE/outputs/singapore/inference/dep000144/raw_outputs/ami-mini-20250901T125148.jpg,crop_1,nonmoth,Araneae,,,,,,0,TRUE
Track_002360,01/09/2025 19:53,01/09/2025 19:53,1,1,/home/users/alyduf25/INSPIRE/outputs/singapore/inference/dep000144/raw_outputs/ami-mini-20250901T125349.jpg,crop_1,nonmoth,Araneae,,,,,,0,TRUE
Track_002361,01/09/2025 19:55,01/09/2025 19:55,1,1,/home/users/alyduf25/INSPIRE/outputs/singapore/inference/dep000144/raw_outputs/ami-mini-20250901T125550.jpg,crop_1,nonmoth,Araneae,,,,,,0,TRUE
Track_002362,01/09/2025 19:57,01/09/2025 19:57,1,1,/home/users/alyduf25/INSPIRE/outputs/singapore/inference/dep000144/raw_outputs/ami-mini-20250901T125751.jpg,crop_1,nonmoth,Araneae,,,,,,0,TRUE
Track_002363,01/09/2025 19:59,01/09/2025 19:59,1,1,/home/users/alyduf25/INSPIRE/outputs/singapore/inference/dep000144/raw_outputs/ami-mini-20250901T125952.jpg,crop_1,nonmoth,Araneae,,,,,,0,TRUE
Track_002364,01/09/2025 20:01,01/09/2025 20:01,1,1,/home/users/alyduf25/INSPIRE/outputs/singapore/inference/dep000144/raw_outputs/ami-mini-20250901T130153.jpg,crop_1,nonmoth,Araneae,,,,,,0,TRUE
Track_002365,01/09/2025 20:03,01/09/2025 20:03,1,1,/home/users/alyduf25/INSPIRE/outputs/singapore/inference/dep000144/raw_outputs/ami-mini-20250901T130354.jpg,crop_1,nonmoth,Araneae,,,,,,0,TRUE
Track_002366,01/09/2025 20:05,01/09/2025 20:05,1,1,/home/users/alyduf25/INSPIRE/outputs/singapore/inference/dep000144/raw_outputs/ami-mini-20250901T130555.jpg,crop_1,nonmoth,Araneae,,,,,,0,TRUE
Track_002367,01/09/2025 20:07,01/09/2025 20:07,1,1,/home/users/alyduf25/INSPIRE/outputs/singapore/inference/dep000144/raw_outputs/ami-mini-20250901T130756.jpg,crop_1,nonmoth,Araneae,,,,,,0,TRUE
Track_002368,01/09/2025 20:09,01/09/2025 20:09,1,1,/home/users/alyduf25/INSPIRE/outputs/singapore/inference/dep000144/raw_outputs/ami-mini-20250901T130957.jpg,crop_1,nonmoth,Araneae,,,,,,0,TRUE
Track_002369,01/09/2025 20:09,01/09/2025 20:09,1,1,/home/users/alyduf25/INSPIRE/outputs/singapore/inference/dep000144/raw_outputs/ami-mini-20250901T130957.jpg,crop_3,moth,Lepidoptera Macros,Trilocha varians,Lasiocampidae,Eriogaster,Eriogaster arbusculae,,0,TRUE
Track_002370,01/09/2025 20:11,01/09/2025 20:11,1,1,/home/users/alyduf25/INSPIRE/outputs/singapore/inference/dep000144/raw_outputs/ami-mini-20250901T131158.jpg,crop_1,nonmoth,Araneae,,,,,,0,TRUE
Track_002371,01/09/2025 20:13,01/09/2025 20:13,1,1,/home/users/alyduf25/INSPIRE/outputs/singapore/inference/dep000144/raw_outputs/ami-mini-20250901T131359.jpg,crop_1,nonmoth,Araneae,,,,,,0,TRUE
Track_002372,01/09/2025 20:16,01/09/2025 20:16,1,1,/home/users/alyduf25/INSPIRE/outputs/singapore/inference/dep000144/raw_outputs/ami-mini-20250901T131600.jpg,crop_1,nonmoth,Araneae,,,,,,0,TRUE
Track_002373,01/09/2025 20:18,01/09/2025 20:18,1,1,/home/users/alyduf25/INSPIRE/outputs/singapore/inference/dep000144/raw_outputs/ami-mini-20250901T131801.jpg,crop_1,nonmoth,Araneae,,,,,,0,TRUE
Track_002374,01/09/2025 20:20,01/09/2025 20:20,1,1,/home/users/alyduf25/INSPIRE/outputs/singapore/inference/dep000144/raw_outputs/ami-mini-20250901T132002.jpg,crop_1,nonmoth,Araneae,,,,,,0,TRUE
Track_002375,01/09/2025 20:22,01/09/2025 20:22,1,1,/home/users/alyduf25/INSPIRE/outputs/singapore/inference/dep000144/raw_outputs/ami-mini-20250901T132203.jpg,crop_1,nonmoth,Araneae,,,,,,0,TRUE
Track_002376,01/09/2025 20:24,01/09/2025 20:24,1,1,/home/users/alyduf25/INSPIRE/outputs/singapore/inference/dep000144/raw_outputs/ami-mini-20250901T132404.jpg,crop_1,nonmoth,Araneae,,,,,,0,TRUE
Track_002377,01/09/2025 20:26,01/09/2025 20:26,1,1,/home/users/alyduf25/INSPIRE/outputs/singapore/inference/dep000144/raw_outputs/ami-mini-20250901T132605.jpg,crop_1,nonmoth,Araneae,,,,,,0,TRUE
Track_002378,01/09/2025 20:28,01/09/2025 20:46,10,10,/home/users/alyduf25/INSPIRE/outputs/singapore/inference/dep000144/raw_outputs/ami-mini-20250901T132806.jpg,crop_1,nonmoth,Lepidoptera Macros,Sphenarches anisodactylus,Geometridae,Idaea,Idaea rusticata,0.205485879,18.15,FALSE
Track_002379,01/09/2025 20:46,01/09/2025 20:46,1,1,/home/users/alyduf25/INSPIRE/outputs/singapore/inference/dep000144/raw_outputs/ami-mini-20250901T134615.jpg,crop_3,moth,Lepidoptera Macros,Trilocha varians,Noctuidae,Euthrix,Euthrix potatoria,2.318850539195781,0,TRUE
Track_002380,01/09/2025 20:48,01/09/2025 20:48,1,1,/home/users/alyduf25/INSPIRE/outputs/singapore/inference/dep000144/raw_outputs/ami-mini-20250901T134816.jpg,crop_1,nonmoth,Araneae,,,,,,0,TRUE
Track_002381,01/09/2025 20:50,01/09/2025 20:50,1,1,/home/users/alyduf25/INSPIRE/outputs/singapore/inference/dep000144/raw_outputs/ami-mini-20250901T135017.jpg,crop_1,nonmoth,Lepidoptera Macros,Sphenarches anisodactylus,Geometridae,Idaea,Noctua janthe,,0,TRUE
Track_002382,01/09/2025 20:52,01/09/2025 20:54,2,2,/home/users/alyduf25/INSPIRE/outputs/singapore/inference/dep000144/raw_outputs/ami-mini-20250901T135218.jpg,crop_1,nonmoth,Lepidoptera Macros,Stenoptilodes taprobanes,Noctuidae,Harpyia,Harpyia milhauseri,0.5932006865975571,2.0166666666666666,FALSE
Track_002383,01/09/2025 20:56,01/09/2025 21:00,3,3,/home/users/alyduf25/INSPIRE/outputs/singapore/inference/dep000144/raw_outputs/ami-mini-20250901T135620.jpg,crop_1,nonmoth,Lepidoptera Macros,Trilocha varians,Pieridae,Anthocharis,Anthocharis cardamines,0.5561457251738345,4.033333333333333,FALSE
Track_002384,01/09/2025 21:02,01/09/2025 21:02,1,1,/home/users/alyduf25/INSPIRE/outputs/singapore/inference/dep000144/raw_outputs/ami-mini-20250901T140223.jpg,crop_1,nonmoth,Araneae,,,,,,0,TRUE
Track_002385,01/09/2025 21:04,01/09/2025 21:14,6,6,/home/users/alyduf25/INSPIRE/outputs/singapore/inference/dep000144/raw_outputs/ami-mini-20250901T140424.jpg,crop_1,nonmoth,Lepidoptera Macros,Hyposidra talaca,Noctuidae,Argyresthia,Galleria mellonella,0.1338030387117629,10.083333333333334,FALSE
Track_002386,01/09/2025 21:14,01/09/2025 21:14,1,1,/home/users/alyduf25/INSPIRE/outputs/singapore/inference/dep000144/raw_outputs/ami-mini-20250901T141429.jpg,crop_3,moth,Lepidoptera Macros,Trilocha varians,Sphingidae,Hyles,Hyles euphorbiae,2.1890404164445973,0,TRUE
Track_002387,01/09/2025 21:16,01/09/2025 21:16,1,1,/home/users/alyduf25/INSPIRE/outputs/singapore/inference/dep000144/raw_outputs/ami-mini-20250901T141630.jpg,crop_1,nonmoth,Lepidoptera Micros,Hippotion rosetta,Tortricidae,Spilonota,Spilonota ocellana,1.5528483182136024,0,TRUE
Track_002388,01/09/2025 21:18,01/09/2025 21:18,1,1,/home/users/alyduf25/INSPIRE/outputs/singapore/inference/dep000144/raw_outputs/ami-mini-20250901T141831.jpg,crop_2,nonmoth,Diptera Nematocera,,,,,,0,TRUE
Track_002389,01/09/2025 21:20,01/09/2025 21:20,1,1,/home/users/alyduf25/INSPIRE/outputs/singapore/inference/dep000144/raw_outputs/ami-mini-20250901T142032.jpg,crop_2,nonmoth,Diptera Nematocera,,,,,,0,TRUE
Track_002390,01/09/2025 21:20,01/09/2025 21:20,1,1,/home/users/alyduf25/INSPIRE/outputs/singapore/inference/dep000144/raw_outputs/ami-mini-20250901T142032.jpg,crop_3,moth,Lepidoptera Macros,Hyposidra talaca,Pterophoridae,Amblyptilia,Amblyptilia acanthadactyla,,0,TRUE
Track_002391,01/09/2025 21:26,01/09/2025 21:26,1,1,/home/users/alyduf25/INSPIRE/outputs/singapore/inference/dep000144/raw_outputs/ami-mini-20250901T142635.jpg,crop_2,nonmoth,Diptera Nematocera,,,,,,0,TRUE
Track_002392,01/09/2025 21:28,01/09/2025 21:28,1,1,/home/users/alyduf25/INSPIRE/outputs/singapore/inference/dep000144/raw_outputs/ami-mini-20250901T142836.jpg,crop_1,nonmoth,Lepidoptera Macros,Attacus atlas,Noctuidae,Conistra,Conistra rubiginosa,,0,TRUE
Track_002393,01/09/2025 21:34,01/09/2025 21:48,8,8,/home/users/alyduf25/INSPIRE/outputs/singapore/inference/dep000144/raw_outputs/ami-mini-20250901T143439.jpg,crop_2,nonmoth,Lepidoptera Macros,Agrius convolvuli,Noctuidae,Conistra,Conistra rubiginosa,0.2108891963712853,14.116666666666667,FALSE
Track_002394,01/09/2025 21:38,01/09/2025 21:38,1,1,/home/users/alyduf25/INSPIRE/outputs/singapore/inference/dep000144/raw_outputs/ami-mini-20250901T143841.jpg,crop_2,nonmoth,Diptera Nematocera,,,,,,0,TRUE
Track_002395,01/09/2025 21:52,01/09/2025 21:52,1,1,/home/users/alyduf25/INSPIRE/outputs/singapore/inference/dep000144/raw_outputs/ami-mini-20250901T145248.jpg,crop_1,nonmoth,Lepidoptera Macros,Theretra latreillii,Crambidae,Pyrausta,Pyrausta porphyralis,,0,TRUE
Track_002396,01/09/2025 22:53,01/09/2025 22:53,1,1,/home/users/alyduf25/INSPIRE/outputs/singapore/inference/dep000144/raw_outputs/ami-mini-20250901T155318.jpg,crop_1,nonmoth,Diptera Nematocera,,,,,,0,TRUE
Track_002397,01/09/2025 23:01,01/09/2025 23:01,1,1,/home/users/alyduf25/INSPIRE/outputs/singapore/inference/dep000144/raw_outputs/ami-mini-20250901T160122.jpg,crop_1,nonmoth,Diptera Brachycera,,,,,,0,TRUE
Track_002398,01/09/2025 23:03,01/09/2025 23:03,1,1,/home/users/alyduf25/INSPIRE/outputs/singapore/inference/dep000144/raw_outputs/ami-mini-20250901T160323.jpg,crop_1,nonmoth,Diptera Nematocera,,,,,,0,TRUE
Track_002399,01/09/2025 23:09,01/09/2025 23:09,1,1,/home/users/alyduf25/INSPIRE/outputs/singapore/inference/dep000144/raw_outputs/ami-mini-20250901T160926.jpg,crop_2,moth,Lepidoptera Micros,Tinea pellionella,Noctuidae,Limnaecia,Limnaecia phragmitella,,0,TRUE
Track_002400,01/09/2025 23:11,01/09/2025 23:11,1,1,/home/users/alyduf25/INSPIRE/outputs/singapore/inference/dep000144/raw_outputs/ami-mini-20250901T161127.jpg,crop_2,nonmoth,Lepidoptera Micros,Tineola bisselliella,Erebidae,Manulea,Manulea complana,1.4549109661051316,0,TRUE
Track_002401,01/09/2025 23:13,01/09/2025 23:13,1,1,/home/users/alyduf25/INSPIRE/outputs/singapore/inference/dep000144/raw_outputs/ami-mini-20250901T161328.jpg,crop_1,nonmoth,Diptera Nematocera,,,,,,0,TRUE
Track_002402,01/09/2025 23:13,01/09/2025 23:13,1,1,/home/users/alyduf25/INSPIRE/outputs/singapore/inference/dep000144/raw_outputs/ami-mini-20250901T161328.jpg,crop_2,nonmoth,Lepidoptera Micros,Parapoynx allionealis,Noctuidae,Phlogophora,Phlogophora meticulosa,1.4007758607169256,0,TRUE
Track_002403,01/09/2025 23:15,01/09/2025 23:15,1,1,/home/users/alyduf25/INSPIRE/outputs/singapore/inference/dep000144/raw_outputs/ami-mini-20250901T161529.jpg,crop_1,nonmoth,Diptera Nematocera,,,,,,0,TRUE
Track_002404,01/09/2025 23:17,01/09/2025 23:17,1,1,/home/users/alyduf25/INSPIRE/outputs/singapore/inference/dep000144/raw_outputs/ami-mini-20250901T161730.jpg,crop_1,nonmoth,Lepidoptera Micros,Plodia interpunctella,Noctuidae,Plodia,Plodia interpunctella,,0,TRUE
Track_002405,01/09/2025 23:19,01/09/2025 23:19,1,1,/home/users/alyduf25/INSPIRE/outputs/singapore/inference/dep000144/raw_outputs/ami-mini-20250901T161931.jpg,crop_1,nonmoth,Diptera Nematocera,,,,,,0,TRUE
Track_002406,01/09/2025 23:23,01/09/2025 23:23,1,1,/home/users/alyduf25/INSPIRE/outputs/singapore/inference/dep000144/raw_outputs/ami-mini-20250901T162333.jpg,crop_1,nonmoth,Lepidoptera Micros,Phereoeca uterella,Pyralidae,Plodia,Plodia interpunctella,,0,TRUE
Track_002407,01/09/2025 23:25,01/09/2025 23:25,1,1,/home/users/alyduf25/INSPIRE/outputs/singapore/inference/dep000144/raw_outputs/ami-mini-20250901T162534.jpg,crop_1,nonmoth,Diptera Brachycera,,,,,,0,TRUE
Track_002408,01/09/2025 23:29,01/09/2025 23:29,1,1,/home/users/alyduf25/INSPIRE/outputs/singapore/inference/dep000144/raw_outputs/ami-mini-20250901T162936.jpg,crop_2,nonmoth,Lepidoptera Micros,Plodia interpunctella,Noctuidae,Amphipoea,Amphipoea oculea,,0,TRUE
Track_002409,01/09/2025 23:31,01/09/2025 23:31,1,1,/home/users/alyduf25/INSPIRE/outputs/singapore/inference/dep000144/raw_outputs/ami-mini-20250901T163137.jpg,crop_1,nonmoth,Lepidoptera Micros,Phaeoses leucodeta,Erebidae,Manulea,Manulea complana,1.8758976570838943,0,TRUE
Track_002410,01/09/2025 23:33,01/09/2025 23:33,1,1,/home/users/alyduf25/INSPIRE/outputs/singapore/inference/dep000144/raw_outputs/ami-mini-20250901T163338.jpg,crop_1,nonmoth,Lepidoptera Micros,Plodia interpunctella,Noctuidae,Dypterygia,Dypterygia scabriuscula,1.1646573676945196,0,TRUE
Track_002411,01/09/2025 23:35,01/09/2025 23:35,1,1,/home/users/alyduf25/INSPIRE/outputs/singapore/inference/dep000144/raw_outputs/ami-mini-20250901T163539.jpg,crop_1,nonmoth,Diptera Nematocera,,,,,,0,TRUE
Track_002412,01/09/2025 23:45,01/09/2025 23:45,1,1,/home/users/alyduf25/INSPIRE/outputs/singapore/inference/dep000144/raw_outputs/ami-mini-20250901T164544.jpg,crop_1,nonmoth,Diptera Nematocera,,,,,,0,TRUE
Track_002413,01/09/2025 23:53,01/09/2025 23:53,1,1,/home/users/alyduf25/INSPIRE/outputs/singapore/inference/dep000144/raw_outputs/ami-mini-20250901T165348.jpg,crop_1,nonmoth,Diptera Nematocera,,,,,,0,TRUE
Track_002414,01/09/2025 23:55,01/09/2025 23:55,1,1,/home/users/alyduf25/INSPIRE/outputs/singapore/inference/dep000144/raw_outputs/ami-mini-20250901T165549.jpg,crop_1,nonmoth,Diptera Nematocera,,,,,,0,TRUE
Track_002415,01/09/2025 23:59,01/09/2025 23:59,1,1,/home/users/alyduf25/INSPIRE/outputs/singapore/inference/dep000144/raw_outputs/ami-mini-20250901T165951.jpg,crop_1,nonmoth,Diptera Nematocera,,,,,,0,TRUE
Track_002416,02/09/2025 00:01,02/09/2025 00:01,1,1,/home/users/alyduf25/INSPIRE/outputs/singapore/inference/dep000144/raw_outputs/ami-mini-20250901T170152.jpg,crop_1,nonmoth,Diptera Nematocera,,,,,,0,TRUE
Track_002417,02/09/2025 00:03,02/09/2025 00:03,1,1,/home/users/alyduf25/INSPIRE/outputs/singapore/inference/dep000144/raw_outputs/ami-mini-20250901T170353.jpg,crop_1,nonmoth,Diptera Nematocera,,,,,,0,TRUE
Track_002418,02/09/2025 00:05,02/09/2025 00:05,1,1,/home/users/alyduf25/INSPIRE/outputs/singapore/inference/dep000144/raw_outputs/ami-mini-20250901T170554.jpg,crop_1,nonmoth,Diptera Nematocera,,,,,,0,TRUE
Track_002419,02/09/2025 00:18,02/09/2025 00:18,1,1,/home/users/alyduf25/INSPIRE/outputs/singapore/inference/dep000144/raw_outputs/ami-mini-20250901T171800.jpg,crop_1,nonmoth,Diptera Brachycera,,,,,,0,TRUE
Track_002420,02/09/2025 00:20,02/09/2025 00:20,1,1,/home/users/alyduf25/INSPIRE/outputs/singapore/inference/dep000144/raw_outputs/ami-mini-20250901T172001.jpg,crop_1,nonmoth,Lepidoptera Micros,Tinea pellionella,Pyralidae,Plodia,Plodia interpunctella,,0,TRUE
Track_002421,02/09/2025 00:22,02/09/2025 00:22,1,1,/home/users/alyduf25/INSPIRE/outputs/singapore/inference/dep000144/raw_outputs/ami-mini-20250901T172202.jpg,crop_1,nonmoth,Diptera Nematocera,,,,,,0,TRUE
Track_002422,02/09/2025 00:28,02/09/2025 00:28,1,1,/home/users/alyduf25/INSPIRE/outputs/singapore/inference/dep000144/raw_outputs/ami-mini-20250901T172805.jpg,crop_1,nonmoth,Diptera Nematocera,,,,,,0,TRUE
Track_002423,02/09/2025 00:34,02/09/2025 00:34,1,1,/home/users/alyduf25/INSPIRE/outputs/singapore/inference/dep000144/raw_outputs/ami-mini-20250901T173408.jpg,crop_1,nonmoth,Diptera Nematocera,,,,,,0,TRUE
Track_002424,02/09/2025 00:36,02/09/2025 00:36,1,1,/home/users/alyduf25/INSPIRE/outputs/singapore/inference/dep000144/raw_outputs/ami-mini-20250901T173609.jpg,crop_1,nonmoth,Diptera Nematocera,,,,,,0,TRUE
Track_002425,02/09/2025 00:38,02/09/2025 00:38,1,1,/home/users/alyduf25/INSPIRE/outputs/singapore/inference/dep000144/raw_outputs/ami-mini-20250901T173810.jpg,crop_1,nonmoth,Diptera Nematocera,,,,,,0,TRUE
Track_002426,02/09/2025 00:40,02/09/2025 00:40,1,1,/home/users/alyduf25/INSPIRE/outputs/singapore/inference/dep000144/raw_outputs/ami-mini-20250901T174011.jpg,crop_1,nonmoth,Diptera Nematocera,,,,,,0,TRUE
Track_002427,02/09/2025 00:42,02/09/2025 00:42,1,1,/home/users/alyduf25/INSPIRE/outputs/singapore/inference/dep000144/raw_outputs/ami-mini-20250901T174212.jpg,crop_1,nonmoth,Diptera Nematocera,,,,,,0,TRUE
Track_002428,02/09/2025 00:44,02/09/2025 00:44,1,1,/home/users/alyduf25/INSPIRE/outputs/singapore/inference/dep000144/raw_outputs/ami-mini-20250901T174413.jpg,crop_1,nonmoth,Diptera Nematocera,,,,,,0,TRUE
Track_002429,02/09/2025 00:46,02/09/2025 00:46,1,1,/home/users/alyduf25/INSPIRE/outputs/singapore/inference/dep000144/raw_outputs/ami-mini-20250901T174614.jpg,crop_1,nonmoth,Diptera Nematocera,,,,,,0,TRUE
Track_002430,02/09/2025 00:50,02/09/2025 00:50,1,1,/home/users/alyduf25/INSPIRE/outputs/singapore/inference/dep000144/raw_outputs/ami-mini-20250901T175016.jpg,crop_1,nonmoth,Diptera Nematocera,,,,,,0,TRUE
Track_002431,02/09/2025 00:52,02/09/2025 00:52,1,1,/home/users/alyduf25/INSPIRE/outputs/singapore/inference/dep000144/raw_outputs/ami-mini-20250901T175217.jpg,crop_1,nonmoth,Diptera Brachycera,,,,,,0,TRUE
Track_002432,02/09/2025 00:54,02/09/2025 00:54,1,1,/home/users/alyduf25/INSPIRE/outputs/singapore/inference/dep000144/raw_outputs/ami-mini-20250901T175418.jpg,crop_1,nonmoth,Diptera Nematocera,,,,,,0,TRUE
Track_002433,02/09/2025 00:56,02/09/2025 00:56,1,1,/home/users/alyduf25/INSPIRE/outputs/singapore/inference/dep000144/raw_outputs/ami-mini-20250901T175619.jpg,crop_1,nonmoth,Diptera Nematocera,,,,,,0,TRUE
Track_002434,02/09/2025 00:58,02/09/2025 00:58,1,1,/home/users/alyduf25/INSPIRE/outputs/singapore/inference/dep000144/raw_outputs/ami-mini-20250901T175820.jpg,crop_1,nonmoth,Diptera Nematocera,,,,,,0,TRUE
Track_002435,02/09/2025 01:10,02/09/2025 01:10,1,1,/home/users/alyduf25/INSPIRE/outputs/singapore/inference/dep000144/raw_outputs/ami-mini-20250901T181026.jpg,crop_1,nonmoth,Lepidoptera Micros,Cryptothelea gloverii,Pyralidae,Plodia,Plodia interpunctella,,0,TRUE
Track_002436,02/09/2025 01:12,02/09/2025 01:12,1,1,/home/users/alyduf25/INSPIRE/outputs/singapore/inference/dep000144/raw_outputs/ami-mini-20250901T181227.jpg,crop_1,nonmoth,Diptera Nematocera,,,,,,0,TRUE
Track_002437,02/09/2025 01:14,02/09/2025 01:14,1,1,/home/users/alyduf25/INSPIRE/outputs/singapore/inference/dep000144/raw_outputs/ami-mini-20250901T181428.jpg,crop_1,nonmoth,Diptera Nematocera,,,,,,0,TRUE
Track_002438,02/09/2025 02:08,02/09/2025 02:08,1,1,/home/users/alyduf25/INSPIRE/outputs/singapore/inference/dep000144/raw_outputs/ami-mini-20250901T190855.jpg,crop_1,moth,Lepidoptera Micros,Tineola bisselliella,Erebidae,Katha,Katha depressa,,0,TRUE
Track_002439,02/09/2025 02:10,02/09/2025 02:10,1,1,/home/users/alyduf25/INSPIRE/outputs/singapore/inference/dep000144/raw_outputs/ami-mini-20250901T191056.jpg,crop_1,moth,Lepidoptera Micros,Ephestiodes infimella,Drepanidae,Cilix,Cilix glaucata,2.0829735919491665,0,TRUE
Track_002440,02/09/2025 02:21,02/09/2025 02:21,1,1,/home/users/alyduf25/INSPIRE/outputs/singapore/inference/dep000144/raw_outputs/ami-mini-20250901T192101.jpg,crop_1,nonmoth,Lepidoptera Micros,Tinea pellionella,Gelechiidae,Pseudotelphusa,Pseudotelphusa scalella,,0,TRUE
Track_002441,02/09/2025 02:39,02/09/2025 02:39,1,1,/home/users/alyduf25/INSPIRE/outputs/singapore/inference/dep000144/raw_outputs/ami-mini-20250901T193910.jpg,crop_1,nonmoth,Diptera Nematocera,,,,,,0,TRUE
Track_002442,02/09/2025 03:15,02/09/2025 03:15,1,1,/home/users/alyduf25/INSPIRE/outputs/singapore/inference/dep000144/raw_outputs/ami-mini-20250901T201528.jpg,crop_1,nonmoth,Diptera Nematocera,,,,,,0,TRUE
Track_002443,02/09/2025 03:17,02/09/2025 03:17,1,1,/home/users/alyduf25/INSPIRE/outputs/singapore/inference/dep000144/raw_outputs/ami-mini-20250901T201729.jpg,crop_1,nonmoth,Lepidoptera Micros,Plodia interpunctella,Noctuidae,Hofmannophila,Hofmannophila pseudospretella,,0,TRUE
Track_002444,02/09/2025 03:19,02/09/2025 03:19,1,1,/home/users/alyduf25/INSPIRE/outputs/singapore/inference/dep000144/raw_outputs/ami-mini-20250901T201930.jpg,crop_1,moth,Diptera Nematocera,Tinea pellionella,Crambidae,Agriphila,Agriphila inquinatella,1.9321812984030176,0,TRUE
Track_002445,02/09/2025 03:19,02/09/2025 03:19,1,1,/home/users/alyduf25/INSPIRE/outputs/singapore/inference/dep000144/raw_outputs/ami-mini-20250901T201930.jpg,crop_2,nonmoth,Diptera Nematocera,,,,,,0,TRUE
Track_002446,02/09/2025 03:25,02/09/2025 03:25,1,1,/home/users/alyduf25/INSPIRE/outputs/singapore/inference/dep000144/raw_outputs/ami-mini-20250901T202533.jpg,crop_1,nonmoth,Diptera Nematocera,,,,,,0,TRUE
Track_002447,02/09/2025 03:27,02/09/2025 03:27,1,1,/home/users/alyduf25/INSPIRE/outputs/singapore/inference/dep000144/raw_outputs/ami-mini-20250901T202734.jpg,crop_1,nonmoth,Diptera Nematocera,,,,,,0,TRUE
Track_002448,02/09/2025 03:29,02/09/2025 03:29,1,1,/home/users/alyduf25/INSPIRE/outputs/singapore/inference/dep000144/raw_outputs/ami-mini-20250901T202935.jpg,crop_1,nonmoth,Diptera Nematocera,,,,,,0,TRUE
Track_002449,02/09/2025 03:31,02/09/2025 03:31,1,1,/home/users/alyduf25/INSPIRE/outputs/singapore/inference/dep000144/raw_outputs/ami-mini-20250901T203136.jpg,crop_1,nonmoth,Diptera Nematocera,,,,,,0,TRUE
Track_002450,02/09/2025 03:33,02/09/2025 03:33,1,1,/home/users/alyduf25/INSPIRE/outputs/singapore/inference/dep000144/raw_outputs/ami-mini-20250901T203337.jpg,crop_1,nonmoth,Diptera Nematocera,,,,,,0,TRUE
Track_002451,02/09/2025 03:35,02/09/2025 03:35,1,1,/home/users/alyduf25/INSPIRE/outputs/singapore/inference/dep000144/raw_outputs/ami-mini-20250901T203538.jpg,crop_1,nonmoth,Diptera Nematocera,,,,,,0,TRUE
Track_002452,02/09/2025 03:35,02/09/2025 03:35,1,1,/home/users/alyduf25/INSPIRE/outputs/singapore/inference/dep000144/raw_outputs/ami-mini-20250901T203538.jpg,crop_2,nonmoth,Diptera Nematocera,,,,,,0,TRUE
Track_002453,02/09/2025 03:37,02/09/2025 03:37,1,1,/home/users/alyduf25/INSPIRE/outputs/singapore/inference/dep000144/raw_outputs/ami-mini-20250901T203739.jpg,crop_1,nonmoth,Diptera Nematocera,,,,,,0,TRUE
Track_002454,02/09/2025 03:37,02/09/2025 03:37,1,1,/home/users/alyduf25/INSPIRE/outputs/singapore/inference/dep000144/raw_outputs/ami-mini-20250901T203739.jpg,crop_2,nonmoth,Diptera Nematocera,,,,,,0,TRUE
Track_002455,02/09/2025 03:39,02/09/2025 03:39,1,1,/home/users/alyduf25/INSPIRE/outputs/singapore/inference/dep000144/raw_outputs/ami-mini-20250901T203940.jpg,crop_1,nonmoth,Diptera Nematocera,,,,,,0,TRUE
Track_002456,02/09/2025 03:41,02/09/2025 03:41,1,1,/home/users/alyduf25/INSPIRE/outputs/singapore/inference/dep000144/raw_outputs/ami-mini-20250901T204141.jpg,crop_1,nonmoth,Diptera Nematocera,,,,,,0,TRUE
Track_002457,02/09/2025 03:41,02/09/2025 03:41,1,1,/home/users/alyduf25/INSPIRE/outputs/singapore/inference/dep000144/raw_outputs/ami-mini-20250901T204141.jpg,crop_2,moth,Lepidoptera Micros,Ephestia elutella,Nymphalidae,Boloria,Boloria frigga,,0,TRUE
Track_002458,02/09/2025 03:43,02/09/2025 03:43,1,1,/home/users/alyduf25/INSPIRE/outputs/singapore/inference/dep000144/raw_outputs/ami-mini-20250901T204342.jpg,crop_1,moth,Lepidoptera Micros,Ephestiodes infimella,Noctuidae,Hecatera,Hecatera dysodea,1.540937173870111,0,TRUE
Track_002459,02/09/2025 03:43,02/09/2025 03:43,1,1,/home/users/alyduf25/INSPIRE/outputs/singapore/inference/dep000144/raw_outputs/ami-mini-20250901T204342.jpg,crop_2,nonmoth,Diptera Nematocera,,,,,,0,TRUE
Track_002460,02/09/2025 03:45,02/09/2025 03:45,1,1,/home/users/alyduf25/INSPIRE/outputs/singapore/inference/dep000144/raw_outputs/ami-mini-20250901T204543.jpg,crop_1,nonmoth,Diptera Nematocera,,,,,,0,TRUE
Track_002461,02/09/2025 03:47,02/09/2025 03:47,1,1,/home/users/alyduf25/INSPIRE/outputs/singapore/inference/dep000144/raw_outputs/ami-mini-20250901T204744.jpg,crop_2,nonmoth,Diptera Nematocera,,,,,,0,TRUE
Track_002462,02/09/2025 03:49,02/09/2025 03:49,1,1,/home/users/alyduf25/INSPIRE/outputs/singapore/inference/dep000144/raw_outputs/ami-mini-20250901T204945.jpg,crop_1,nonmoth,Lepidoptera Micros,Phereoeca uterella,Pyralidae,Plodia,Plodia interpunctella,,0,TRUE
Track_002463,02/09/2025 03:51,02/09/2025 03:51,1,1,/home/users/alyduf25/INSPIRE/outputs/singapore/inference/dep000144/raw_outputs/ami-mini-20250901T205146.jpg,crop_1,nonmoth,Diptera Nematocera,,,,,,0,TRUE
Track_002464,02/09/2025 03:51,02/09/2025 03:51,1,1,/home/users/alyduf25/INSPIRE/outputs/singapore/inference/dep000144/raw_outputs/ami-mini-20250901T205146.jpg,crop_2,nonmoth,Diptera Nematocera,,,,,,0,TRUE
Track_002465,02/09/2025 03:53,02/09/2025 03:53,1,1,/home/users/alyduf25/INSPIRE/outputs/singapore/inference/dep000144/raw_outputs/ami-mini-20250901T205347.jpg,crop_1,nonmoth,Diptera Brachycera,,,,,,0,TRUE
Track_002466,02/09/2025 03:53,02/09/2025 03:53,1,1,/home/users/alyduf25/INSPIRE/outputs/singapore/inference/dep000144/raw_outputs/ami-mini-20250901T205347.jpg,crop_3,nonmoth,Diptera Nematocera,,,,,,0,TRUE
Track_002467,02/09/2025 03:55,02/09/2025 03:55,1,1,/home/users/alyduf25/INSPIRE/outputs/singapore/inference/dep000144/raw_outputs/ami-mini-20250901T205548.jpg,crop_1,nonmoth,Diptera Nematocera,,,,,,0,TRUE
Track_002468,02/09/2025 03:57,02/09/2025 03:59,2,2,/home/users/alyduf25/INSPIRE/outputs/singapore/inference/dep000144/raw_outputs/ami-mini-20250901T205749.jpg,crop_1,nonmoth,Lepidoptera Micros,Phereoeca uterella,Oecophoridae,Hofmannophila,Hofmannophila pseudospretella,0.2381436335026731,2.0166666666666666,FALSE
Track_002469,02/09/2025 04:01,02/09/2025 04:03,2,2,/home/users/alyduf25/INSPIRE/outputs/singapore/inference/dep000144/raw_outputs/ami-mini-20250901T210151.jpg,crop_2,moth,Diptera Nematocera,Phereoeca uterella,Oecophoridae,Oecophora,Oecophora bractella,0.9055634987973588,2.0166666666666666,FALSE
Track_002470,02/09/2025 04:03,02/09/2025 04:03,1,1,/home/users/alyduf25/INSPIRE/outputs/singapore/inference/dep000144/raw_outputs/ami-mini-20250901T210352.jpg,crop_1,nonmoth,Diptera Nematocera,,,,,,0,TRUE
Track_002471,02/09/2025 04:05,02/09/2025 04:05,1,1,/home/users/alyduf25/INSPIRE/outputs/singapore/inference/dep000144/raw_outputs/ami-mini-20250901T210553.jpg,crop_1,nonmoth,Diptera Nematocera,,,,,,0,TRUE
Track_002472,02/09/2025 04:05,02/09/2025 04:05,1,1,/home/users/alyduf25/INSPIRE/outputs/singapore/inference/dep000144/raw_outputs/ami-mini-20250901T210553.jpg,crop_2,nonmoth,Diptera Nematocera,,,,,,0,TRUE
Track_002473,02/09/2025 04:07,02/09/2025 04:07,1,1,/home/users/alyduf25/INSPIRE/outputs/singapore/inference/dep000144/raw_outputs/ami-mini-20250901T210754.jpg,crop_1,nonmoth,Lepidoptera Micros,Phereoeca uterella,Noctuidae,Apotomis,Apotomis semifasciana,,0,TRUE
Track_002474,02/09/2025 04:09,02/09/2025 04:09,1,1,/home/users/alyduf25/INSPIRE/outputs/singapore/inference/dep000144/raw_outputs/ami-mini-20250901T210955.jpg,crop_1,nonmoth,Diptera Nematocera,,,,,,0,TRUE
Track_002475,02/09/2025 04:11,02/09/2025 04:11,1,1,/home/users/alyduf25/INSPIRE/outputs/singapore/inference/dep000144/raw_outputs/ami-mini-20250901T211156.jpg,crop_1,nonmoth,Diptera Brachycera,,,,,,0,TRUE
Track_002476,02/09/2025 04:13,02/09/2025 04:13,1,1,/home/users/alyduf25/INSPIRE/outputs/singapore/inference/dep000144/raw_outputs/ami-mini-20250901T211357.jpg,crop_1,nonmoth,Lepidoptera Micros,Phereoeca uterella,Pyralidae,Plodia,Plodia interpunctella,,0,TRUE
Track_002477,02/09/2025 04:13,02/09/2025 04:13,1,1,/home/users/alyduf25/INSPIRE/outputs/singapore/inference/dep000144/raw_outputs/ami-mini-20250901T211357.jpg,crop_3,nonmoth,Lepidoptera Micros,Tinea pellionella,Tineidae,Tinea,Tinea pellionella,,0,TRUE
Track_002478,02/09/2025 04:15,02/09/2025 04:15,1,1,/home/users/alyduf25/INSPIRE/outputs/singapore/inference/dep000144/raw_outputs/ami-mini-20250901T211558.jpg,crop_1,nonmoth,Diptera Brachycera,,,,,,0,TRUE
Track_002479,02/09/2025 04:17,02/09/2025 04:17,1,1,/home/users/alyduf25/INSPIRE/outputs/singapore/inference/dep000144/raw_outputs/ami-mini-20250901T211759.jpg,crop_1,nonmoth,Diptera Nematocera,,,,,,0,TRUE
Track_002480,02/09/2025 04:17,02/09/2025 04:17,1,1,/home/users/alyduf25/INSPIRE/outputs/singapore/inference/dep000144/raw_outputs/ami-mini-20250901T211759.jpg,crop_2,nonmoth,Diptera Nematocera,,,,,,0,TRUE
Track_002481,02/09/2025 04:17,02/09/2025 04:17,1,1,/home/users/alyduf25/INSPIRE/outputs/singapore/inference/dep000144/raw_outputs/ami-mini-20250901T211759.jpg,crop_3,nonmoth,Diptera Nematocera,,,,,,0,TRUE
Track_002482,02/09/2025 04:20,02/09/2025 04:20,1,1,/home/users/alyduf25/INSPIRE/outputs/singapore/inference/dep000144/raw_outputs/ami-mini-20250901T212000.jpg,crop_1,moth,Lepidoptera Micros,Plodia interpunctella,Noctuidae,Tyta,Tyta luctuosa,,0,TRUE
Track_002483,02/09/2025 04:20,02/09/2025 04:20,1,1,/home/users/alyduf25/INSPIRE/outputs/singapore/inference/dep000144/raw_outputs/ami-mini-20250901T212000.jpg,crop_2,nonmoth,Diptera Brachycera,,,,,,0,TRUE
Track_002484,02/09/2025 04:20,02/09/2025 04:20,1,1,/home/users/alyduf25/INSPIRE/outputs/singapore/inference/dep000144/raw_outputs/ami-mini-20250901T212000.jpg,crop_3,nonmoth,Diptera Nematocera,,,,,,0,TRUE
Track_002485,02/09/2025 04:20,02/09/2025 04:20,1,1,/home/users/alyduf25/INSPIRE/outputs/singapore/inference/dep000144/raw_outputs/ami-mini-20250901T212000.jpg,crop_5,nonmoth,Diptera Nematocera,,,,,,0,TRUE
Track_002486,02/09/2025 04:22,02/09/2025 04:22,1,1,/home/users/alyduf25/INSPIRE/outputs/singapore/inference/dep000144/raw_outputs/ami-mini-20250901T212201.jpg,crop_1,nonmoth,Diptera Nematocera,,,,,,0,TRUE
Track_002487,02/09/2025 04:22,02/09/2025 04:22,1,1,/home/users/alyduf25/INSPIRE/outputs/singapore/inference/dep000144/raw_outputs/ami-mini-20250901T212201.jpg,crop_3,nonmoth,Diptera Nematocera,,,,,,0,TRUE
Track_002488,02/09/2025 04:24,02/09/2025 04:24,1,1,/home/users/alyduf25/INSPIRE/outputs/singapore/inference/dep000144/raw_outputs/ami-mini-20250901T212402.jpg,crop_1,nonmoth,Diptera Nematocera,,,,,,0,TRUE
Track_002489,02/09/2025 04:26,02/09/2025 04:26,1,1,/home/users/alyduf25/INSPIRE/outputs/singapore/inference/dep000144/raw_outputs/ami-mini-20250901T212603.jpg,crop_1,nonmoth,Diptera Nematocera,,,,,,0,TRUE
Track_002490,02/09/2025 04:28,02/09/2025 04:28,1,1,/home/users/alyduf25/INSPIRE/outputs/singapore/inference/dep000144/raw_outputs/ami-mini-20250901T212804.jpg,crop_1,nonmoth,Diptera Nematocera,,,,,,0,TRUE
Track_002491,03/09/2025 19:30,03/09/2025 19:32,2,2,/home/users/alyduf25/INSPIRE/outputs/singapore/inference/dep000144/raw_outputs/ami-mini-20250903T123053.jpg,crop_1,nonmoth,Lepidoptera Macros,Agrius convolvuli,Noctuidae,Mormo,Mormo maura,0.395828691,2.0166666666666666,FALSE
Track_002492,03/09/2025 19:32,03/09/2025 19:32,1,1,/home/users/alyduf25/INSPIRE/outputs/singapore/inference/dep000144/raw_outputs/ami-mini-20250903T123254.jpg,crop_2,moth,Lepidoptera Macros,Trilocha varians,Tortricidae,Retinia,Retinia resinella,2.3300486672512983,0,TRUE
Track_002493,03/09/2025 19:34,03/09/2025 19:34,1,1,/home/users/alyduf25/INSPIRE/outputs/singapore/inference/dep000144/raw_outputs/ami-mini-20250903T123455.jpg,crop_1,nonmoth,Diptera Nematocera,,,,,,0,TRUE
Track_002494,03/09/2025 19:53,03/09/2025 19:53,1,1,/home/users/alyduf25/INSPIRE/outputs/singapore/inference/dep000144/raw_outputs/ami-mini-20250903T125304.jpg,crop_1,nonmoth,Lepidoptera Micros,Trilocha varians,Pyralidae,Plodia,Plodia interpunctella,,0,TRUE
Track_002495,03/09/2025 20:31,03/09/2025 20:33,2,2,/home/users/alyduf25/INSPIRE/outputs/singapore/inference/dep000144/raw_outputs/ami-mini-20250903T133123.jpg,crop_1,nonmoth,Lepidoptera Macros,Trilocha varians,Noctuidae,Hofmannophila,Hofmannophila pseudospretella,0.9423012111864932,2.0166666666666666,FALSE
Track_002496,03/09/2025 20:31,03/09/2025 20:31,1,1,/home/users/alyduf25/INSPIRE/outputs/singapore/inference/dep000144/raw_outputs/ami-mini-20250903T133123.jpg,crop_2,nonmoth,Diptera Nematocera,,,,,,0,TRUE
Track_002497,03/09/2025 20:33,03/09/2025 20:33,1,1,/home/users/alyduf25/INSPIRE/outputs/singapore/inference/dep000144/raw_outputs/ami-mini-20250903T133324.jpg,crop_3,moth,Lepidoptera Macros,Trilocha varians,Noctuidae,Coenophila,Coenophila subrosea,2.306285624573311,0,TRUE
Track_002498,03/09/2025 20:35,03/09/2025 20:35,1,1,/home/users/alyduf25/INSPIRE/outputs/singapore/inference/dep000144/raw_outputs/ami-mini-20250903T133525.jpg,crop_1,nonmoth,Lepidoptera Macros,Theretra latreillii,Ethmiidae,Ethmia,Ethmia dodecea,1.668692386305264,0,TRUE
Track_002499,03/09/2025 20:37,03/09/2025 20:37,1,1,/home/users/alyduf25/INSPIRE/outputs/singapore/inference/dep000144/raw_outputs/ami-mini-20250903T133726.jpg,crop_1,nonmoth,Lepidoptera Macros,Hyposidra talaca,Noctuidae,Macdunnoughia,Macdunnoughia confusa,1.0089433622634758,0,TRUE
Track_002500,03/09/2025 20:37,03/09/2025 20:37,1,1,/home/users/alyduf25/INSPIRE/outputs/singapore/inference/dep000144/raw_outputs/ami-mini-20250903T133726.jpg,crop_2,moth,Lepidoptera Macros,Trilocha varians,Crambidae,Anania,Anania hortulata,2.398038685927244,0,TRUE
Track_002501,03/09/2025 20:37,03/09/2025 20:37,1,1,/home/users/alyduf25/INSPIRE/outputs/singapore/inference/dep000144/raw_outputs/ami-mini-20250903T133726.jpg,crop_3,moth,Lepidoptera Macros,Trilocha varians,Yponomeutidae,Yponomeuta,Yponomeuta plumbella,2.214149747804998,0,TRUE
Track_002502,03/09/2025 20:55,03/09/2025 20:55,1,1,/home/users/alyduf25/INSPIRE/outputs/singapore/inference/dep000144/raw_outputs/ami-mini-20250903T135535.jpg,crop_1,nonmoth,Diptera Nematocera,,,,,,0,TRUE
Track_002503,03/09/2025 20:57,03/09/2025 20:57,1,1,/home/users/alyduf25/INSPIRE/outputs/singapore/inference/dep000144/raw_outputs/ami-mini-20250903T135736.jpg,crop_2,nonmoth,Diptera Nematocera,,,,,,0,TRUE
Track_002504,03/09/2025 21:07,03/09/2025 21:07,1,1,/home/users/alyduf25/INSPIRE/outputs/singapore/inference/dep000144/raw_outputs/ami-mini-20250903T140741.jpg,crop_1,nonmoth,Lepidoptera Macros,Maruca vitrata,Geometridae,Aleucis,Aleucis distinctata,,0,TRUE
Track_002505,03/09/2025 21:13,03/09/2025 21:13,1,1,/home/users/alyduf25/INSPIRE/outputs/singapore/inference/dep000144/raw_outputs/ami-mini-20250903T141344.jpg,crop_1,nonmoth,Lepidoptera Macros,Stenoptilodes taprobanes,Pieridae,Anthocharis,Anthocharis cardamines,,0,TRUE
Track_002506,03/09/2025 21:19,03/09/2025 21:19,1,1,/home/users/alyduf25/INSPIRE/outputs/singapore/inference/dep000144/raw_outputs/ami-mini-20250903T141947.jpg,crop_1,nonmoth,Lepidoptera Macros,Trilocha varians,Pieridae,Anthocharis,Anthocharis cardamines,,0,TRUE
Track_002507,03/09/2025 21:25,03/09/2025 21:25,1,1,/home/users/alyduf25/INSPIRE/outputs/singapore/inference/dep000144/raw_outputs/ami-mini-20250903T142550.jpg,crop_1,nonmoth,Lepidoptera Macros,Hyposidra talaca,Geometridae,Jodis,Jodis putata,,0,TRUE
Track_002508,03/09/2025 21:27,03/09/2025 21:35,5,5,/home/users/alyduf25/INSPIRE/outputs/singapore/inference/dep000144/raw_outputs/ami-mini-20250903T142751.jpg,crop_1,nonmoth,Lepidoptera Macros,Sphenarches anisodactylus,Ypsolophidae,Ypsolopha,Ypsolopha nemorella,0.7795134612632711,8.066666666666666,FALSE
Track_002509,03/09/2025 21:27,03/09/2025 21:27,1,1,/home/users/alyduf25/INSPIRE/outputs/singapore/inference/dep000144/raw_outputs/ami-mini-20250903T142751.jpg,crop_2,nonmoth,Lepidoptera Macros,Theretra latreillii,Noctuidae,Arctia,Arctia caja,1.944436943289068,0,TRUE
Track_002510,03/09/2025 21:29,03/09/2025 21:31,2,2,/home/users/alyduf25/INSPIRE/outputs/singapore/inference/dep000144/raw_outputs/ami-mini-20250903T142952.jpg,crop_2,moth,Lepidoptera Micros,Negeta contrariata,Coleophoridae,Coleophora,Coleophora laricella,1.6154318343476086,2.0166666666666666,FALSE
Track_002511,03/09/2025 21:31,03/09/2025 21:35,3,3,/home/users/alyduf25/INSPIRE/outputs/singapore/inference/dep000144/raw_outputs/ami-mini-20250903T143153.jpg,crop_3,moth,Lepidoptera Macros,Trilocha varians,Noctuidae,Agonopterix,Orthotelia sparganella,0.8197334487459492,4.033333333333333,FALSE
Track_002512,03/09/2025 21:31,03/09/2025 21:35,3,3,/home/users/alyduf25/INSPIRE/outputs/singapore/inference/dep000144/raw_outputs/ami-mini-20250903T143153.jpg,crop_4,moth,Lepidoptera Macros,Trilocha varians,Geometridae,Idaea,Idaea emarginata,0.8071064947789336,4.033333333333333,FALSE
Track_002513,03/09/2025 21:33,03/09/2025 21:33,1,1,/home/users/alyduf25/INSPIRE/outputs/singapore/inference/dep000144/raw_outputs/ami-mini-20250903T143354.jpg,crop_2,nonmoth,Lepidoptera Macros,Trilocha varians,Noctuidae,Hadena,Hadena capsincola,1.911500959021216,0,TRUE
Track_002514,03/09/2025 21:37,03/09/2025 21:37,1,1,/home/users/alyduf25/INSPIRE/outputs/singapore/inference/dep000144/raw_outputs/ami-mini-20250903T143756.jpg,crop_1,nonmoth,Lepidoptera Macros,Hippotion celerio,Noctuidae,Conistra,Conistra rubiginosa,1.6605465495184024,0,TRUE
Track_002515,03/09/2025 21:41,03/09/2025 21:41,1,1,/home/users/alyduf25/INSPIRE/outputs/singapore/inference/dep000144/raw_outputs/ami-mini-20250903T144158.jpg,crop_3,nonmoth,Lepidoptera Macros,Trilocha varians,Tortricidae,Olethreutes,Olethreutes obsoletana,,0,TRUE
Track_002516,03/09/2025 21:43,03/09/2025 21:46,2,2,/home/users/alyduf25/INSPIRE/outputs/singapore/inference/dep000144/raw_outputs/ami-mini-20250903T144359.jpg,crop_1,nonmoth,Lepidoptera Macros,Trilocha varians,Noctuidae,Spilonota,Spilonota ocellana,1.0875208392481976,2.0166666666666666,FALSE
Track_002517,03/09/2025 21:50,03/09/2025 22:08,10,10,/home/users/alyduf25/INSPIRE/outputs/singapore/inference/dep000144/raw_outputs/ami-mini-20250903T145002.jpg,crop_1,nonmoth,Lepidoptera Macros,Trilocha varians,Noctuidae,Nyea,Nyea lurideola,0.2488242613108631,18.15,FALSE
Track_002518,03/09/2025 21:50,03/09/2025 21:52,2,2,/home/users/alyduf25/INSPIRE/outputs/singapore/inference/dep000144/raw_outputs/ami-mini-20250903T145002.jpg,crop_3,nonmoth,Lepidoptera Macros,Trilocha varians,Gracillariidae,Phyllonorycter,Phyllonorycter trifasciella,0.116647579,2.0166666666666666,FALSE
Track_002519,03/09/2025 21:56,03/09/2025 21:56,1,1,/home/users/alyduf25/INSPIRE/outputs/singapore/inference/dep000144/raw_outputs/ami-mini-20250903T145605.jpg,crop_2,nonmoth,Lepidoptera Macros,Trilocha varians,Gracillariidae,Phyllonorycter,Phyllonorycter maestingella,1.989436750865456,0,TRUE
Track_002520,03/09/2025 21:58,03/09/2025 22:04,4,4,/home/users/alyduf25/INSPIRE/outputs/singapore/inference/dep000144/raw_outputs/ami-mini-20250903T145806.jpg,crop_2,nonmoth,Lepidoptera Macros,Stenoptilodes taprobanes,Noctuidae,Diarsia,Diarsia mendica,0.5894061308017668,6.05,FALSE
Track_002521,03/09/2025 22:02,03/09/2025 22:02,1,1,/home/users/alyduf25/INSPIRE/outputs/singapore/inference/dep000144/raw_outputs/ami-mini-20250903T150208.jpg,crop_4,moth,Lepidoptera Macros,Trilocha varians,Lasiocampidae,Malacosoma,Malacosoma castrense,2.3289194548945624,0,TRUE
Track_002522,03/09/2025 22:06,03/09/2025 22:06,1,1,/home/users/alyduf25/INSPIRE/outputs/singapore/inference/dep000144/raw_outputs/ami-mini-20250903T150610.jpg,crop_2,moth,Lepidoptera Macros,Trilocha varians,Noctuidae,Adela,Adela croesella,2.0166257562133127,0,TRUE
Track_002523,03/09/2025 22:06,03/09/2025 22:06,1,1,/home/users/alyduf25/INSPIRE/outputs/singapore/inference/dep000144/raw_outputs/ami-mini-20250903T150610.jpg,crop_3,nonmoth,Lepidoptera Macros,Trilocha varians,Glyphipterigidae,Glyphipterix,Glyphipterix forsterella,1.3416564419932944,0,TRUE
Track_002524,03/09/2025 22:06,03/09/2025 22:08,2,2,/home/users/alyduf25/INSPIRE/outputs/singapore/inference/dep000144/raw_outputs/ami-mini-20250903T150610.jpg,crop_5,moth,Lepidoptera Macros,Trilocha varians,Pterophoridae,Aglossa,Aglossa caprealis,1.5025387133716577,2.0166666666666666,FALSE
Track_002525,03/09/2025 22:10,03/09/2025 22:12,2,2,/home/users/alyduf25/INSPIRE/outputs/singapore/inference/dep000144/raw_outputs/ami-mini-20250903T151012.jpg,crop_1,nonmoth,Lepidoptera Macros,Theretra latreillii,Noctuidae,Hofmannophila,Hofmannophila pseudospretella,0.7349594245577329,2.0166666666666666,FALSE
Track_002526,03/09/2025 22:14,03/09/2025 22:14,1,1,/home/users/alyduf25/INSPIRE/outputs/singapore/inference/dep000144/raw_outputs/ami-mini-20250903T151414.jpg,crop_2,nonmoth,Lepidoptera Macros,Parapoynx crisonalis,Zygaenidae,Zygaena,Zygaena angelicae,1.4194660368094223,0,TRUE
Track_002527,03/09/2025 22:16,03/09/2025 22:16,1,1,/home/users/alyduf25/INSPIRE/outputs/singapore/inference/dep000144/raw_outputs/ami-mini-20250903T151615.jpg,crop_1,nonmoth,Lepidoptera Macros,Hippotion boerhaviae,Pieridae,Anthocharis,Anthocharis cardamines,1.566466111598835,0,TRUE
Track_002528,03/09/2025 22:16,03/09/2025 22:16,1,1,/home/users/alyduf25/INSPIRE/outputs/singapore/inference/dep000144/raw_outputs/ami-mini-20250903T151615.jpg,crop_2,nonmoth,Lepidoptera Macros,Theretra latreillii,Tortricidae,Adela,Adela croesella,1.602364075668804,0,TRUE
Track_002529,03/09/2025 22:18,03/09/2025 22:20,2,2,/home/users/alyduf25/INSPIRE/outputs/singapore/inference/dep000144/raw_outputs/ami-mini-20250903T151816.jpg,crop_1,nonmoth,Lepidoptera Macros,Theretra latreillii,Noctuidae,Euxoa,Euxoa tritici,0.7651199066589678,2.0166666666666666,FALSE
Track_002530,03/09/2025 22:24,03/09/2025 22:24,1,1,/home/users/alyduf25/INSPIRE/outputs/singapore/inference/dep000144/raw_outputs/ami-mini-20250903T152419.jpg,crop_1,nonmoth,Lepidoptera Macros,Sphenarches anisodactylus,Pieridae,Anthocharis,Anthocharis cardamines,,0,TRUE
Track_002531,03/09/2025 22:24,03/09/2025 22:24,1,1,/home/users/alyduf25/INSPIRE/outputs/singapore/inference/dep000144/raw_outputs/ami-mini-20250903T152419.jpg,crop_2,nonmoth,Lepidoptera Macros,Theretra latreillii,Crambidae,Metaxmeste,Metaxmeste schrankiana,,0,TRUE
Track_002532,03/09/2025 22:24,03/09/2025 22:24,1,1,/home/users/alyduf25/INSPIRE/outputs/singapore/inference/dep000144/raw_outputs/ami-mini-20250903T152419.jpg,crop_4,moth,Lepidoptera Macros,Trilocha varians,Geometridae,Mythimna,Mythimna conigera,,0,TRUE
Track_002533,03/09/2025 22:26,03/09/2025 22:26,1,1,/home/users/alyduf25/INSPIRE/outputs/singapore/inference/dep000144/raw_outputs/ami-mini-20250903T152620.jpg,crop_1,moth,Lepidoptera Macros,Trilocha varians,Pterophoridae,Amblyptilia,Amblyptilia acanthadactyla,1.6527932655644058,0,TRUE
Track_002534,03/09/2025 22:28,03/09/2025 22:40,7,7,/home/users/alyduf25/INSPIRE/outputs/singapore/inference/dep000144/raw_outputs/ami-mini-20250903T152821.jpg,crop_1,nonmoth,Lepidoptera Macros,Maruca vitrata,Sesiidae,Synanthedon,Synanthedon myopaeformis,1.0530701343358062,12.1,FALSE
Track_002535,03/09/2025 22:28,03/09/2025 22:28,1,1,/home/users/alyduf25/INSPIRE/outputs/singapore/inference/dep000144/raw_outputs/ami-mini-20250903T152821.jpg,crop_3,moth,Lepidoptera Macros,Theretra latreillii,Geometridae,Jodis,Jodis putata,2.976602145325705,0,TRUE
Track_002536,03/09/2025 22:34,03/09/2025 22:34,1,1,/home/users/alyduf25/INSPIRE/outputs/singapore/inference/dep000144/raw_outputs/ami-mini-20250903T153424.jpg,crop_1,nonmoth,Diptera Brachycera,,,,,,0,TRUE
Track_002537,03/09/2025 22:36,03/09/2025 22:36,1,1,/home/users/alyduf25/INSPIRE/outputs/singapore/inference/dep000144/raw_outputs/ami-mini-20250903T153625.jpg,crop_1,nonmoth,Lepidoptera Macros,Parapoynx crisonalis,Tortricidae,Spilonota,Spilonota ocellana,1.6635275832184278,0,TRUE
Track_002538,03/09/2025 22:38,03/09/2025 22:40,2,2,/home/users/alyduf25/INSPIRE/outputs/singapore/inference/dep000144/raw_outputs/ami-mini-20250903T153826.jpg,crop_2,nonmoth,Lepidoptera Macros,Exelastis pumilio,Noctuidae,Agriopis,Agriopis marginaria,1.2589322851943858,2.0166666666666666,FALSE
Track_002539,03/09/2025 22:42,03/09/2025 22:50,5,5,/home/users/alyduf25/INSPIRE/outputs/singapore/inference/dep000144/raw_outputs/ami-mini-20250903T154228.jpg,crop_1,nonmoth,Lepidoptera Macros,Theretra latreillii,Sesiidae,Synanthedon,Synanthedon myopaeformis,0.4661524502585431,8.066666666666666,FALSE
Track_002540,03/09/2025 22:48,03/09/2025 22:48,1,1,/home/users/alyduf25/INSPIRE/outputs/singapore/inference/dep000144/raw_outputs/ami-mini-20250903T154831.jpg,crop_1,nonmoth,Lepidoptera Macros,Trilocha varians,Geometridae,Etiella,Etiella zinckenella,1.524187595159734,0,TRUE
Track_002541,03/09/2025 22:50,03/09/2025 22:50,1,1,/home/users/alyduf25/INSPIRE/outputs/singapore/inference/dep000144/raw_outputs/ami-mini-20250903T155032.jpg,crop_1,nonmoth,Lepidoptera Macros,Stenoptilodes taprobanes,Geometridae,Thetidia,Thetidia smaragdaria,1.442816465428308,0,TRUE
Track_002542,03/09/2025 22:52,03/09/2025 22:56,3,3,/home/users/alyduf25/INSPIRE/outputs/singapore/inference/dep000144/raw_outputs/ami-mini-20250903T155233.jpg,crop_1,nonmoth,Lepidoptera Macros,Sameodes cancellalis,Depressariidae,Agonopterix,Agonopterix ciliella,0.9564122414327632,4.033333333333333,FALSE
Track_002543,03/09/2025 22:54,03/09/2025 22:54,1,1,/home/users/alyduf25/INSPIRE/outputs/singapore/inference/dep000144/raw_outputs/ami-mini-20250903T155434.jpg,crop_1,nonmoth,Lepidoptera Macros,Hydriris ornatalis,Noctuidae,Pandemis,Pandemis cerasana,1.767945983918088,0,TRUE
Track_002544,03/09/2025 22:58,03/09/2025 22:58,1,1,/home/users/alyduf25/INSPIRE/outputs/singapore/inference/dep000144/raw_outputs/ami-mini-20250903T155836.jpg,crop_1,nonmoth,Lepidoptera Macros,Sphenarches anisodactylus,Geometridae,Thetidia,Thetidia smaragdaria,1.040327618743386,0,TRUE
Track_002545,03/09/2025 23:02,03/09/2025 23:02,1,1,/home/users/alyduf25/INSPIRE/outputs/singapore/inference/dep000144/raw_outputs/ami-mini-20250903T160238.jpg,crop_1,nonmoth,Lepidoptera Macros,Hippotion celerio,Lycaenidae,Maculinea,Maculinea nausithous,,0,TRUE
Track_002546,03/09/2025 23:04,03/09/2025 23:04,1,1,/home/users/alyduf25/INSPIRE/outputs/singapore/inference/dep000144/raw_outputs/ami-mini-20250903T160439.jpg,crop_1,nonmoth,Lepidoptera Macros,Trilocha varians,Sesiidae,Synanthedon,Synanthedon myopaeformis,1.0041748675172382,0,TRUE
Track_002547,03/09/2025 23:04,03/09/2025 23:04,1,1,/home/users/alyduf25/INSPIRE/outputs/singapore/inference/dep000144/raw_outputs/ami-mini-20250903T160439.jpg,crop_3,moth,Lepidoptera Macros,Trilocha varians,Pyralidae,Aglossa,Aglossa caprealis,2.505856684065329,0,TRUE
Track_002548,03/09/2025 23:06,03/09/2025 23:06,1,1,/home/users/alyduf25/INSPIRE/outputs/singapore/inference/dep000144/raw_outputs/ami-mini-20250903T160640.jpg,crop_1,nonmoth,Lepidoptera Macros,Sphenarches anisodactylus,Sesiidae,Synanthedon,Synanthedon myopaeformis,1.3026151209938102,0,TRUE
Track_002549,03/09/2025 23:10,03/09/2025 23:12,2,2,/home/users/alyduf25/INSPIRE/outputs/singapore/inference/dep000144/raw_outputs/ami-mini-20250903T161042.jpg,crop_1,nonmoth,Lepidoptera Macros,Theretra latreillii,Drepanidae,Watsonalla,Watsonalla binaria,0.5899516054329891,2.0166666666666666,FALSE
Track_002550,03/09/2025 23:10,03/09/2025 23:10,1,1,/home/users/alyduf25/INSPIRE/outputs/singapore/inference/dep000144/raw_outputs/ami-mini-20250903T161042.jpg,crop_2,nonmoth,Diptera Nematocera,,,,,,0,TRUE
Track_002551,03/09/2025 23:12,03/09/2025 23:12,1,1,/home/users/alyduf25/INSPIRE/outputs/singapore/inference/dep000144/raw_outputs/ami-mini-20250903T161243.jpg,crop_3,moth,Lepidoptera Macros,Trilocha varians,Pterophoridae,Amblyptilia,Amblyptilia acanthadactyla,2.451044493931089,0,TRUE
Track_002552,03/09/2025 23:14,03/09/2025 23:16,2,2,/home/users/alyduf25/INSPIRE/outputs/singapore/inference/dep000144/raw_outputs/ami-mini-20250903T161444.jpg,crop_1,nonmoth,Lepidoptera Macros,Sphenarches anisodactylus,Sesiidae,Synanthedon,Synanthedon myopaeformis,0.998874292,2.0166666666666666,FALSE
Track_002553,03/09/2025 23:14,03/09/2025 23:14,1,1,/home/users/alyduf25/INSPIRE/outputs/singapore/inference/dep000144/raw_outputs/ami-mini-20250903T161444.jpg,crop_2,nonmoth,Lepidoptera Micros,Tineola bisselliella,Pyralidae,Dyseriocrania,Dyseriocrania subpurpurella,2.4504043095703576,0,TRUE
Track_002554,03/09/2025 23:14,03/09/2025 23:14,1,1,/home/users/alyduf25/INSPIRE/outputs/singapore/inference/dep000144/raw_outputs/ami-mini-20250903T161444.jpg,crop_3,moth,Lepidoptera Macros,Trilocha varians,Pyralidae,Aglossa,Aglossa caprealis,1.3767995746549735,0,TRUE
Track_002555,03/09/2025 23:18,03/09/2025 23:18,1,1,/home/users/alyduf25/INSPIRE/outputs/singapore/inference/dep000144/raw_outputs/ami-mini-20250903T161846.jpg,crop_1,nonmoth,Lepidoptera Macros,Trilocha varians,Tortricidae,Agonopterix,Agonopterix ciliella,1.450484944929895,0,TRUE
Track_002556,03/09/2025 23:18,03/09/2025 23:18,1,1,/home/users/alyduf25/INSPIRE/outputs/singapore/inference/dep000144/raw_outputs/ami-mini-20250903T161846.jpg,crop_2,moth,Lepidoptera Macros,Trilocha varians,Pterophoridae,Amblyptilia,Amblyptilia acanthadactyla,2.3896602924533714,0,TRUE
Track_002557,03/09/2025 23:22,03/09/2025 23:22,1,1,/home/users/alyduf25/INSPIRE/outputs/singapore/inference/dep000144/raw_outputs/ami-mini-20250903T162248.jpg,crop_1,nonmoth,Lepidoptera Macros,Theretra latreillii,Geometridae,Xanthorhoe,Xanthorhoe ferrugata,,0,TRUE
Track_002558,03/09/2025 23:26,03/09/2025 23:26,1,1,/home/users/alyduf25/INSPIRE/outputs/singapore/inference/dep000144/raw_outputs/ami-mini-20250903T162650.jpg,crop_1,nonmoth,Lepidoptera Macros,Hippotion celerio,Hepialidae,Triodia,Triodia sylvina,,0,TRUE
Track_002559,03/09/2025 23:28,03/09/2025 23:30,2,2,/home/users/alyduf25/INSPIRE/outputs/singapore/inference/dep000144/raw_outputs/ami-mini-20250903T162851.jpg,crop_1,moth,Lepidoptera Macros,Hippotion celerio,Geometridae,Synanthedon,Synanthedon myopaeformis,1.025037865684949,2.0166666666666666,FALSE
Track_002560,03/09/2025 23:32,03/09/2025 23:38,4,4,/home/users/alyduf25/INSPIRE/outputs/singapore/inference/dep000144/raw_outputs/ami-mini-20250903T163253.jpg,crop_1,nonmoth,Lepidoptera Macros,Trilocha varians,Lycaenidae,Maculinea,Maculinea nausithous,0.5763720997599053,6.05,FALSE
Track_002561,03/09/2025 23:42,03/09/2025 23:42,1,1,/home/users/alyduf25/INSPIRE/outputs/singapore/inference/dep000144/raw_outputs/ami-mini-20250903T164258.jpg,crop_2,nonmoth,Diptera Nematocera,,,,,,0,TRUE
Track_002562,03/09/2025 23:42,03/09/2025 23:42,1,1,/home/users/alyduf25/INSPIRE/outputs/singapore/inference/dep000144/raw_outputs/ami-mini-20250903T164258.jpg,crop_4,nonmoth,Lepidoptera Micros,Cryptothelea gloverii,Coleophoridae,Coleophora,Coleophora mayrella,,0,TRUE
Track_002563,03/09/2025 23:47,03/09/2025 23:49,2,2,/home/users/alyduf25/INSPIRE/outputs/singapore/inference/dep000144/raw_outputs/ami-mini-20250903T164700.jpg,crop_1,nonmoth,Lepidoptera Macros,Hippotion celerio,Sesiidae,Synanthedon,Synanthedon myopaeformis,0.9406399484764056,2.0166666666666666,FALSE
Track_002564,03/09/2025 23:51,03/09/2025 23:53,2,2,/home/users/alyduf25/INSPIRE/outputs/singapore/inference/dep000144/raw_outputs/ami-mini-20250903T165102.jpg,crop_1,nonmoth,Lepidoptera Macros,Hippotion celerio,Noctuidae,Synanthedon,Synanthedon myopaeformis,0.9108243541074932,2.0166666666666666,FALSE
Track_002565,04/09/2025 00:07,04/09/2025 00:07,1,1,/home/users/alyduf25/INSPIRE/outputs/singapore/inference/dep000144/raw_outputs/ami-mini-20250903T170710.jpg,crop_1,nonmoth,Lepidoptera Macros,Ischyja marapok,Crambidae,Anania,Anania hortulata,,0,TRUE
Track_002566,04/09/2025 00:15,04/09/2025 00:17,2,2,/home/users/alyduf25/INSPIRE/outputs/singapore/inference/dep000144/raw_outputs/ami-mini-20250903T171514.jpg,crop_1,nonmoth,Lepidoptera Macros,Sphenarches anisodactylus,Adelidae,Adela,Adela croesella,0.4460294617341721,2.0166666666666666,FALSE
Track_002567,04/09/2025 00:15,04/09/2025 00:23,5,5,/home/users/alyduf25/INSPIRE/outputs/singapore/inference/dep000144/raw_outputs/ami-mini-20250903T171514.jpg,crop_2,nonmoth,Lepidoptera Micros,Hypena lividalis,Noctuidae,Dyseriocrania,Dyseriocrania subpurpurella,0.278294109,8.066666666666666,FALSE
Track_002568,04/09/2025 00:21,04/09/2025 00:23,2,2,/home/users/alyduf25/INSPIRE/outputs/singapore/inference/dep000144/raw_outputs/ami-mini-20250903T172117.jpg,crop_1,nonmoth,Lepidoptera Macros,Theretra latreillii,Depressariidae,Agonopterix,Agonopterix ciliella,1.645369336992765,2.0166666666666666,FALSE
Track_002569,04/09/2025 00:25,04/09/2025 00:25,1,1,/home/users/alyduf25/INSPIRE/outputs/singapore/inference/dep000144/raw_outputs/ami-mini-20250903T172519.jpg,crop_1,nonmoth,Lepidoptera Macros,Trilocha varians,Sesiidae,Synanthedon,Synanthedon myopaeformis,1.464200273488929,0,TRUE
Track_002570,04/09/2025 00:25,04/09/2025 00:25,1,1,/home/users/alyduf25/INSPIRE/outputs/singapore/inference/dep000144/raw_outputs/ami-mini-20250903T172519.jpg,crop_3,moth,Lepidoptera Macros,Hyposidra talaca,Crambidae,Pyrausta,Pyrausta porphyralis,2.171653037883688,0,TRUE
Track_002571,04/09/2025 00:27,04/09/2025 00:27,1,1,/home/users/alyduf25/INSPIRE/outputs/singapore/inference/dep000144/raw_outputs/ami-mini-20250903T172720.jpg,crop_3,nonmoth,Diptera Nematocera,,,,,,0,TRUE
Track_002572,04/09/2025 00:29,04/09/2025 00:33,3,3,/home/users/alyduf25/INSPIRE/outputs/singapore/inference/dep000144/raw_outputs/ami-mini-20250903T172921.jpg,crop_2,nonmoth,Lepidoptera Macros,Theretra latreillii,Sesiidae,Synanthedon,Synanthedon myopaeformis,0.5288034995801927,4.033333333333333,FALSE
Track_002573,04/09/2025 00:31,04/09/2025 00:31,1,1,/home/users/alyduf25/INSPIRE/outputs/singapore/inference/dep000144/raw_outputs/ami-mini-20250903T173122.jpg,crop_3,moth,Lepidoptera Macros,Trilocha varians,Pterophoridae,Amblyptilia,Amblyptilia acanthadactyla,2.3661594994964648,0,TRUE
Track_002574,04/09/2025 00:33,04/09/2025 00:37,3,3,/home/users/alyduf25/INSPIRE/outputs/singapore/inference/dep000144/raw_outputs/ami-mini-20250903T173323.jpg,crop_2,nonmoth,Lepidoptera Macros,Trilocha varians,Noctuidae,Autographa,Autographa excelsa,0.8736041397967602,4.033333333333333,FALSE
Track_002575,04/09/2025 00:37,04/09/2025 00:39,2,2,/home/users/alyduf25/INSPIRE/outputs/singapore/inference/dep000144/raw_outputs/ami-mini-20250903T173725.jpg,crop_2,nonmoth,Lepidoptera Macros,Trilocha varians,Noctuidae,Apamea,Apamea unanimis,0.9675025428752428,2.0166666666666666,FALSE
Track_002576,04/09/2025 00:43,04/09/2025 00:45,2,2,/home/users/alyduf25/INSPIRE/outputs/singapore/inference/dep000144/raw_outputs/ami-mini-20250903T174328.jpg,crop_1,nonmoth,Lepidoptera Macros,Theretra latreillii,Tortricidae,Anania,Anania hortulata,0.1488919372847646,2.0166666666666666,FALSE
Track_002577,04/09/2025 00:45,04/09/2025 00:45,1,1,/home/users/alyduf25/INSPIRE/outputs/singapore/inference/dep000144/raw_outputs/ami-mini-20250903T174529.jpg,crop_2,nonmoth,Lepidoptera Macros,Trilocha varians,Tortricidae,Epinotia,Epinotia nanana,1.5730718526229182,0,TRUE
Track_002578,04/09/2025 00:49,04/09/2025 00:49,1,1,/home/users/alyduf25/INSPIRE/outputs/singapore/inference/dep000144/raw_outputs/ami-mini-20250903T174931.jpg,crop_1,moth,Lepidoptera Macros,Trilocha varians,Noctuidae,Anania,Anania hortulata,,0,TRUE
Track_002579,04/09/2025 00:51,04/09/2025 00:51,1,1,/home/users/alyduf25/INSPIRE/outputs/singapore/inference/dep000144/raw_outputs/ami-mini-20250903T175132.jpg,crop_1,nonmoth,Diptera Brachycera,,,,,,0,TRUE
Track_002580,04/09/2025 00:53,04/09/2025 00:57,3,3,/home/users/alyduf25/INSPIRE/outputs/singapore/inference/dep000144/raw_outputs/ami-mini-20250903T175333.jpg,crop_1,nonmoth,Lepidoptera Macros,Theretra latreillii,Lycaenidae,Maculinea,Maculinea nausithous,0.4307623375347968,4.033333333333333,FALSE
Track_002581,04/09/2025 00:53,04/09/2025 00:53,1,1,/home/users/alyduf25/INSPIRE/outputs/singapore/inference/dep000144/raw_outputs/ami-mini-20250903T175333.jpg,crop_2,nonmoth,Lepidoptera Macros,Hyposidra talaca,Noctuidae,Chersotis,Chersotis cuprea,,0,TRUE
Track_002582,04/09/2025 00:55,04/09/2025 00:57,2,2,/home/users/alyduf25/INSPIRE/outputs/singapore/inference/dep000144/raw_outputs/ami-mini-20250903T175534.jpg,crop_2,nonmoth,Lepidoptera Macros,Trilocha varians,Noctuidae,Etiella,Etiella zinckenella,0.911404925,2.0166666666666666,FALSE
Track_002583,04/09/2025 00:55,04/09/2025 00:55,1,1,/home/users/alyduf25/INSPIRE/outputs/singapore/inference/dep000144/raw_outputs/ami-mini-20250903T175534.jpg,crop_5,moth,Lepidoptera Macros,Trilocha varians,Noctuidae,Tyta,Tyta luctuosa,2.4292572061942246,0,TRUE
Track_002584,04/09/2025 00:59,04/09/2025 01:01,2,2,/home/users/alyduf25/INSPIRE/outputs/singapore/inference/dep000144/raw_outputs/ami-mini-20250903T175936.jpg,crop_1,nonmoth,Lepidoptera Macros,Hippotion celerio,Tortricidae,Spilonota,Spilonota ocellana,1.1541986622313471,2.0166666666666666,FALSE
Track_002585,04/09/2025 01:03,04/09/2025 01:03,1,1,/home/users/alyduf25/INSPIRE/outputs/singapore/inference/dep000144/raw_outputs/ami-mini-20250903T180338.jpg,crop_1,nonmoth,Lepidoptera Macros,Sphenarches anisodactylus,Noctuidae,Agriopis,Agriopis marginaria,2.3353310391763595,0,TRUE
Track_002586,04/09/2025 01:03,04/09/2025 01:03,1,1,/home/users/alyduf25/INSPIRE/outputs/singapore/inference/dep000144/raw_outputs/ami-mini-20250903T180338.jpg,crop_2,nonmoth,Lepidoptera Macros,Trilocha varians,Sesiidae,Synanthedon,Synanthedon myopaeformis,2.060418195697687,0,TRUE
Track_002587,04/09/2025 01:05,04/09/2025 01:11,4,4,/home/users/alyduf25/INSPIRE/outputs/singapore/inference/dep000144/raw_outputs/ami-mini-20250903T180539.jpg,crop_1,nonmoth,Lepidoptera Macros,Trilocha varians,Noctuidae,Conistra,Conistra rubiginosa,0.7240787394846859,6.05,FALSE
Track_002588,04/09/2025 01:13,04/09/2025 01:13,1,1,/home/users/alyduf25/INSPIRE/outputs/singapore/inference/dep000144/raw_outputs/ami-mini-20250903T181343.jpg,crop_1,nonmoth,Lepidoptera Macros,Maruca vitrata,Tortricidae,Conistra,Conistra rubiginosa,1.2814723998268545,0,TRUE
Track_002589,04/09/2025 01:13,04/09/2025 01:13,1,1,/home/users/alyduf25/INSPIRE/outputs/singapore/inference/dep000144/raw_outputs/ami-mini-20250903T181343.jpg,crop_4,moth,Lepidoptera Macros,Trilocha varians,Pieridae,Anthocharis,Anthocharis cardamines,2.163404360694146,0,TRUE
Track_002590,04/09/2025 01:17,04/09/2025 01:17,1,1,/home/users/alyduf25/INSPIRE/outputs/singapore/inference/dep000144/raw_outputs/ami-mini-20250903T181745.jpg,crop_3,moth,Lepidoptera Micros,Tineola bisselliella,Pyralidae,Aglossa,Aglossa caprealis,,0,TRUE
Track_002591,04/09/2025 01:19,04/09/2025 01:23,3,3,/home/users/alyduf25/INSPIRE/outputs/singapore/inference/dep000144/raw_outputs/ami-mini-20250903T181946.jpg,crop_1,nonmoth,Lepidoptera Macros,Sphenarches anisodactylus,Sesiidae,Synanthedon,Synanthedon myopaeformis,1.4252789513212936,4.033333333333333,FALSE
Track_002592,04/09/2025 01:19,04/09/2025 01:27,5,5,/home/users/alyduf25/INSPIRE/outputs/singapore/inference/dep000144/raw_outputs/ami-mini-20250903T181946.jpg,crop_3,nonmoth,Lepidoptera Macros,Theretra latreillii,Sesiidae,Synanthedon,Synanthedon myopaeformis,1.0001193377555682,8.066666666666666,FALSE
Track_002593,04/09/2025 01:29,04/09/2025 01:29,1,1,/home/users/alyduf25/INSPIRE/outputs/singapore/inference/dep000144/raw_outputs/ami-mini-20250903T182951.jpg,crop_1,nonmoth,Lepidoptera Macros,Hyposidra talaca,Noctuidae,Arctia,Arctia caja,1.845828638,0,TRUE
Track_002594,04/09/2025 01:33,04/09/2025 01:35,2,2,/home/users/alyduf25/INSPIRE/outputs/singapore/inference/dep000144/raw_outputs/ami-mini-20250903T183353.jpg,crop_3,nonmoth,Lepidoptera Macros,Hyposidra talaca,Lasiocampidae,Diarsia,Diarsia mendica,0.099575916,2.0166666666666666,FALSE
Track_002595,04/09/2025 01:39,04/09/2025 01:39,1,1,/home/users/alyduf25/INSPIRE/outputs/singapore/inference/dep000144/raw_outputs/ami-mini-20250903T183956.jpg,crop_1,nonmoth,Lepidoptera Macros,Stenoptilodes taprobanes,Geometridae,Idaea,Idaea pallidata,,0,TRUE
Track_002596,04/09/2025 01:41,04/09/2025 01:52,6,6,/home/users/alyduf25/INSPIRE/outputs/singapore/inference/dep000144/raw_outputs/ami-mini-20250903T184157.jpg,crop_1,nonmoth,Lepidoptera Macros,Trilocha varians,Geometridae,Malacosoma,Malacosoma castrense,0.7599180846135809,10.083333333333334,FALSE
Track_002597,04/09/2025 01:41,04/09/2025 01:41,1,1,/home/users/alyduf25/INSPIRE/outputs/singapore/inference/dep000144/raw_outputs/ami-mini-20250903T184157.jpg,crop_2,nonmoth,Lepidoptera Macros,Theretra latreillii,Eriocraniidae,Dyseriocrania,Dyseriocrania subpurpurella,1.673676598193328,0,TRUE
Track_002598,04/09/2025 01:41,04/09/2025 01:41,1,1,/home/users/alyduf25/INSPIRE/outputs/singapore/inference/dep000144/raw_outputs/ami-mini-20250903T184157.jpg,crop_4,moth,Lepidoptera Macros,Trilocha varians,Geometridae,Idaea,Idaea emarginata,2.4572725690786084,0,TRUE
Track_002599,04/09/2025 01:43,04/09/2025 01:43,1,1,/home/users/alyduf25/INSPIRE/outputs/singapore/inference/dep000144/raw_outputs/ami-mini-20250903T184358.jpg,crop_2,nonmoth,Lepidoptera Macros,Hyposidra talaca,Gracillariidae,Caloptilia,Caloptilia falconipennella,1.3240594900174378,0,TRUE
Track_002600,04/09/2025 01:48,04/09/2025 01:48,1,1,/home/users/alyduf25/INSPIRE/outputs/singapore/inference/dep000144/raw_outputs/ami-mini-20250903T184800.jpg,crop_2,nonmoth,Lepidoptera Macros,Bradina adhaesalis,Noctuidae,Operophtera,Operophtera fagata,1.7517870433949136,0,TRUE
Track_002601,04/09/2025 01:48,04/09/2025 01:48,1,1,/home/users/alyduf25/INSPIRE/outputs/singapore/inference/dep000144/raw_outputs/ami-mini-20250903T184800.jpg,crop_4,moth,Lepidoptera Macros,Trilocha varians,Lycaenidae,Maculinea,Maculinea nausithous,2.346548206961182,0,TRUE
Track_002602,04/09/2025 01:50,04/09/2025 01:50,1,1,/home/users/alyduf25/INSPIRE/outputs/singapore/inference/dep000144/raw_outputs/ami-mini-20250903T185001.jpg,crop_2,nonmoth,Lepidoptera Macros,Trilocha varians,Noctuidae,Exaeretia,Exaeretia ciniflonella,1.6939051601253965,0,TRUE
Track_002603,04/09/2025 01:54,04/09/2025 01:54,1,1,/home/users/alyduf25/INSPIRE/outputs/singapore/inference/dep000144/raw_outputs/ami-mini-20250903T185403.jpg,crop_1,nonmoth,Lepidoptera Macros,Theretra latreillii,Lycaenidae,Maculinea,Maculinea nausithous,1.4402441105869348,0,TRUE
Track_002604,04/09/2025 01:58,04/09/2025 02:02,3,3,/home/users/alyduf25/INSPIRE/outputs/singapore/inference/dep000144/raw_outputs/ami-mini-20250903T185805.jpg,crop_2,nonmoth,Lepidoptera Macros,Sphenarches anisodactylus,Tortricidae,Rhyacionia,Rhyacionia pinivorana,0.1772509668881331,4.033333333333333,FALSE
Track_002605,04/09/2025 02:02,04/09/2025 02:02,1,1,/home/users/alyduf25/INSPIRE/outputs/singapore/inference/dep000144/raw_outputs/ami-mini-20250903T190207.jpg,crop_3,nonmoth,Lepidoptera Macros,Sphingognatha asclepiades,Sesiidae,Synanthedon,Synanthedon myopaeformis,1.8267896332865128,0,TRUE
Track_002606,04/09/2025 02:04,04/09/2025 02:22,10,10,/home/users/alyduf25/INSPIRE/outputs/singapore/inference/dep000144/raw_outputs/ami-mini-20250903T190408.jpg,crop_1,nonmoth,Lepidoptera Macros,Theretra latreillii,Sesiidae,Synanthedon,Synanthedon myopaeformis,0.3895344575022304,18.15,FALSE
Track_002607,04/09/2025 02:08,04/09/2025 02:10,2,2,/home/users/alyduf25/INSPIRE/outputs/singapore/inference/dep000144/raw_outputs/ami-mini-20250903T190810.jpg,crop_1,nonmoth,Lepidoptera Macros,Maruca vitrata,Tortricidae,Clepsis,Clepsis pallidana,0.978438252,2.0166666666666666,FALSE
Track_002608,04/09/2025 02:12,04/09/2025 02:14,2,2,/home/users/alyduf25/INSPIRE/outputs/singapore/inference/dep000144/raw_outputs/ami-mini-20250903T191212.jpg,crop_1,nonmoth,Lepidoptera Macros,Trilocha varians,Gelechiidae,Dichomeris,Dichomeris marginella,1.169863104244678,2.0166666666666666,FALSE
Track_002609,04/09/2025 02:12,04/09/2025 02:12,1,1,/home/users/alyduf25/INSPIRE/outputs/singapore/inference/dep000144/raw_outputs/ami-mini-20250903T191212.jpg,crop_3,nonmoth,Lepidoptera Macros,Trilocha varians,Noctuidae,Alsophila,Alsophila aescularia,2.343881113338186,0,TRUE
Track_002610,04/09/2025 02:14,04/09/2025 02:14,1,1,/home/users/alyduf25/INSPIRE/outputs/singapore/inference/dep000144/raw_outputs/ami-mini-20250903T191413.jpg,crop_3,moth,Lepidoptera Macros,Trilocha varians,Noctuidae,Globia,Globia sparganii,1.6468810723072993,0,TRUE
Track_002611,04/09/2025 02:16,04/09/2025 02:28,7,7,/home/users/alyduf25/INSPIRE/outputs/singapore/inference/dep000144/raw_outputs/ami-mini-20250903T191614.jpg,crop_1,nonmoth,Lepidoptera Macros,Theretra latreillii,Geometridae,Orthonama,Orthonama obstipata,0.6735787718469137,12.1,FALSE
Track_002612,04/09/2025 02:18,04/09/2025 02:18,1,1,/home/users/alyduf25/INSPIRE/outputs/singapore/inference/dep000144/raw_outputs/ami-mini-20250903T191815.jpg,crop_4,moth,Lepidoptera Macros,Trilocha varians,Geometridae,Maculinea,Maculinea nausithous,2.253630489022012,0,TRUE
Track_002613,04/09/2025 02:24,04/09/2025 02:28,3,3,/home/users/alyduf25/INSPIRE/outputs/singapore/inference/dep000144/raw_outputs/ami-mini-20250903T192418.jpg,crop_2,nonmoth,Lepidoptera Macros,Theretra latreillii,Crambidae,Anania,Anania stachydalis,0.6296287606463687,4.033333333333333,FALSE
Track_002614,04/09/2025 02:30,04/09/2025 02:44,8,8,/home/users/alyduf25/INSPIRE/outputs/singapore/inference/dep000144/raw_outputs/ami-mini-20250903T193021.jpg,crop_1,nonmoth,Lepidoptera Macros,Maruca vitrata,Gelechiidae,Gelechia,Gelechia senticetella,0.3498934259233138,14.116666666666667,FALSE
Track_002615,04/09/2025 02:32,04/09/2025 02:36,3,3,/home/users/alyduf25/INSPIRE/outputs/singapore/inference/dep000144/raw_outputs/ami-mini-20250903T193222.jpg,crop_2,nonmoth,Lepidoptera Macros,Trilocha varians,Tineidae,Scardia,Scardia boletella,0.8085299528850832,4.033333333333333,FALSE
Track_002616,04/09/2025 02:38,04/09/2025 02:38,1,1,/home/users/alyduf25/INSPIRE/outputs/singapore/inference/dep000144/raw_outputs/ami-mini-20250903T193825.jpg,crop_2,nonmoth,Lepidoptera Macros,Theretra latreillii,Tortricidae,Monopis,Monopis spilotella,1.0492736177341853,0,TRUE
Track_002617,04/09/2025 02:38,04/09/2025 02:38,1,1,/home/users/alyduf25/INSPIRE/outputs/singapore/inference/dep000144/raw_outputs/ami-mini-20250903T193825.jpg,crop_3,moth,Lepidoptera Macros,Trilocha varians,Tortricidae,Diurnea,Diurnea fagella,2.164098504811745,0,TRUE
Track_002618,04/09/2025 02:42,04/09/2025 03:12,16,16,/home/users/alyduf25/INSPIRE/outputs/singapore/inference/dep000144/raw_outputs/ami-mini-20250903T194227.jpg,crop_2,nonmoth,Lepidoptera Macros,Theretra latreillii,Oecophoridae,Endrosis,Endrosis sarcitrella,0.4703598270201637,30.25,FALSE
Track_002619,04/09/2025 02:46,04/09/2025 02:48,2,2,/home/users/alyduf25/INSPIRE/outputs/singapore/inference/dep000144/raw_outputs/ami-mini-20250903T194629.jpg,crop_1,nonmoth,Lepidoptera Macros,Exelastis pumilio,Noctuidae,Argyresthia,Adela croesella,1.0386197081445403,2.0166666666666666,FALSE
Track_002620,04/09/2025 02:50,04/09/2025 02:52,2,2,/home/users/alyduf25/INSPIRE/outputs/singapore/inference/dep000144/raw_outputs/ami-mini-20250903T195031.jpg,crop_2,nonmoth,Lepidoptera Macros,Psilogramma increta,Sesiidae,Synanthedon,Synanthedon myopaeformis,0.8991541821526171,2.0166666666666666,FALSE
Track_002621,04/09/2025 02:54,04/09/2025 02:54,1,1,/home/users/alyduf25/INSPIRE/outputs/singapore/inference/dep000144/raw_outputs/ami-mini-20250903T195433.jpg,crop_1,nonmoth,Lepidoptera Macros,Trilocha varians,Sesiidae,Synanthedon,Synanthedon myopaeformis,1.770791057580806,0,TRUE
Track_002622,04/09/2025 02:56,04/09/2025 02:56,1,1,/home/users/alyduf25/INSPIRE/outputs/singapore/inference/dep000144/raw_outputs/ami-mini-20250903T195634.jpg,crop_1,nonmoth,Lepidoptera Macros,Trilocha varians,Sesiidae,Synanthedon,Synanthedon myopaeformis,1.2164243284259748,0,TRUE
Track_002623,04/09/2025 02:58,04/09/2025 03:04,4,4,/home/users/alyduf25/INSPIRE/outputs/singapore/inference/dep000144/raw_outputs/ami-mini-20250903T195835.jpg,crop_1,nonmoth,Lepidoptera Macros,Attacus atlas,Geometridae,Maculinea,Maculinea nausithous,0.7065525370371684,6.05,FALSE
Track_002624,04/09/2025 02:58,04/09/2025 02:58,1,1,/home/users/alyduf25/INSPIRE/outputs/singapore/inference/dep000144/raw_outputs/ami-mini-20250903T195835.jpg,crop_4,moth,Lepidoptera Macros,Trilocha varians,Geometridae,Aglossa,Aglossa caprealis,2.438092041,0,TRUE
Track_002625,04/09/2025 03:06,04/09/2025 03:06,1,1,/home/users/alyduf25/INSPIRE/outputs/singapore/inference/dep000144/raw_outputs/ami-mini-20250903T200639.jpg,crop_3,nonmoth,Lepidoptera Macros,Trilocha varians,Geometridae,Aglossa,Aglossa caprealis,1.3164626719610542,0,TRUE
Track_002626,04/09/2025 03:08,04/09/2025 03:14,4,4,/home/users/alyduf25/INSPIRE/outputs/singapore/inference/dep000144/raw_outputs/ami-mini-20250903T200840.jpg,crop_1,nonmoth,Lepidoptera Macros,Lyssa zampa,Lycaenidae,Maculinea,Maculinea nausithous,0.6543902279807067,6.05,FALSE
Track_002627,04/09/2025 03:10,04/09/2025 03:10,1,1,/home/users/alyduf25/INSPIRE/outputs/singapore/inference/dep000144/raw_outputs/ami-mini-20250903T201041.jpg,crop_4,moth,Lepidoptera Macros,Trilocha varians,Coleophoridae,Coleophora,Coleophora serratella,2.322038773173157,0,TRUE
Track_002628,04/09/2025 03:16,04/09/2025 03:24,5,5,/home/users/alyduf25/INSPIRE/outputs/singapore/inference/dep000144/raw_outputs/ami-mini-20250903T201644.jpg,crop_1,nonmoth,Lepidoptera Macros,Attacus atlas,Geometridae,Synanthedon,Synanthedon myopaeformis,0.5364619072879137,8.066666666666666,FALSE
Track_002629,04/09/2025 03:16,04/09/2025 03:16,1,1,/home/users/alyduf25/INSPIRE/outputs/singapore/inference/dep000144/raw_outputs/ami-mini-20250903T201644.jpg,crop_2,nonmoth,Lepidoptera Macros,Attacus atlas,Tortricidae,Notocelia,Notocelia rosaecolana,2.047515980271732,0,TRUE
Track_002630,04/09/2025 03:18,04/09/2025 03:22,3,3,/home/users/alyduf25/INSPIRE/outputs/singapore/inference/dep000144/raw_outputs/ami-mini-20250903T201845.jpg,crop_2,nonmoth,Lepidoptera Macros,Theretra latreillii,Tineidae,Monopis,Monopis monachella,0.4811651030749325,4.033333333333333,FALSE
Track_002631,04/09/2025 03:18,04/09/2025 03:18,1,1,/home/users/alyduf25/INSPIRE/outputs/singapore/inference/dep000144/raw_outputs/ami-mini-20250903T201845.jpg,crop_3,nonmoth,Lepidoptera Micros,Tineola bisselliella,Erebidae,Manulea,Manulea complana,2.8315321469855905,0,TRUE
Track_002632,04/09/2025 03:26,04/09/2025 03:32,4,4,/home/users/alyduf25/INSPIRE/outputs/singapore/inference/dep000144/raw_outputs/ami-mini-20250903T202649.jpg,crop_1,nonmoth,Lepidoptera Macros,Sphenarches anisodactylus,Depressariidae,Agonopterix,Agonopterix ciliella,0.9771719218531254,6.05,FALSE
Track_002633,04/09/2025 03:26,04/09/2025 03:26,1,1,/home/users/alyduf25/INSPIRE/outputs/singapore/inference/dep000144/raw_outputs/ami-mini-20250903T202649.jpg,crop_3,moth,Lepidoptera Macros,Trilocha varians,Geometridae,Mesoleuca,Mesoleuca albicillata,2.3862417706209724,0,TRUE
Track_002634,04/09/2025 03:28,04/09/2025 03:28,1,1,/home/users/alyduf25/INSPIRE/outputs/singapore/inference/dep000144/raw_outputs/ami-mini-20250903T202850.jpg,crop_3,moth,Lepidoptera Macros,Trilocha varians,Noctuidae,Globia,Globia sparganii,1.1267952550665967,0,TRUE
Track_002635,04/09/2025 03:32,04/09/2025 03:32,1,1,/home/users/alyduf25/INSPIRE/outputs/singapore/inference/dep000144/raw_outputs/ami-mini-20250903T203252.jpg,crop_3,moth,Lepidoptera Macros,Trilocha varians,Drepanidae,Falcaria,Falcaria lacertinaria,2.200939057181517,0,TRUE
Track_002636,04/09/2025 03:36,04/09/2025 03:36,1,1,/home/users/alyduf25/INSPIRE/outputs/singapore/inference/dep000144/raw_outputs/ami-mini-20250903T203654.jpg,crop_1,nonmoth,Lepidoptera Macros,Attacus atlas,Lasiocampidae,Cosmotriche,Cosmotriche lobulina,,0,TRUE
Track_002637,04/09/2025 03:38,04/09/2025 03:38,1,1,/home/users/alyduf25/INSPIRE/outputs/singapore/inference/dep000144/raw_outputs/ami-mini-20250903T203855.jpg,crop_2,nonmoth,Diptera Nematocera,,,,,,0,TRUE
Track_002638,04/09/2025 03:40,04/09/2025 03:40,1,1,/home/users/alyduf25/INSPIRE/outputs/singapore/inference/dep000144/raw_outputs/ami-mini-20250903T204056.jpg,crop_2,nonmoth,Diptera Nematocera,,,,,,0,TRUE
Track_002639,04/09/2025 03:42,04/09/2025 03:42,1,1,/home/users/alyduf25/INSPIRE/outputs/singapore/inference/dep000144/raw_outputs/ami-mini-20250903T204257.jpg,crop_1,nonmoth,Lepidoptera Macros,Trilocha varians,Sesiidae,Synanthedon,Synanthedon myopaeformis,,0,TRUE
Track_002640,04/09/2025 03:44,04/09/2025 03:44,1,1,/home/users/alyduf25/INSPIRE/outputs/singapore/inference/dep000144/raw_outputs/ami-mini-20250903T204458.jpg,crop_1,nonmoth,Lepidoptera Macros,Daphnis nerii,Sesiidae,Synanthedon,Synanthedon myopaeformis,1.6438466327077164,0,TRUE
Track_002641,04/09/2025 03:46,04/09/2025 03:46,1,1,/home/users/alyduf25/INSPIRE/outputs/singapore/inference/dep000144/raw_outputs/ami-mini-20250903T204659.jpg,crop_2,nonmoth,Lepidoptera Macros,Trilocha varians,Sesiidae,Synanthedon,Synanthedon myopaeformis,1.4351916120628434,0,TRUE
Track_002642,04/09/2025 03:49,04/09/2025 03:49,1,1,/home/users/alyduf25/INSPIRE/outputs/singapore/inference/dep000144/raw_outputs/ami-mini-20250903T204900.jpg,crop_1,nonmoth,Lepidoptera Macros,Attacus atlas,Geometridae,Acronicta,Acronicta aceris,1.702126348772091,0,TRUE
Track_002643,04/09/2025 03:51,04/09/2025 03:51,1,1,/home/users/alyduf25/INSPIRE/outputs/singapore/inference/dep000144/raw_outputs/ami-mini-20250903T205101.jpg,crop_1,nonmoth,Lepidoptera Macros,Hippotion rosetta,Geometridae,Thetidia,Thetidia smaragdaria,1.2862558792099696,0,TRUE
Track_002644,04/09/2025 03:53,04/09/2025 03:53,1,1,/home/users/alyduf25/INSPIRE/outputs/singapore/inference/dep000144/raw_outputs/ami-mini-20250903T205302.jpg,crop_1,nonmoth,Lepidoptera Macros,Hippotion celerio,Depressariidae,Agonopterix,Agonopterix ciliella,1.1593065928143842,0,TRUE
Track_002645,04/09/2025 03:59,04/09/2025 03:59,1,1,/home/users/alyduf25/INSPIRE/outputs/singapore/inference/dep000144/raw_outputs/ami-mini-20250903T205905.jpg,crop_1,nonmoth,Lepidoptera Macros,Theretra alecto,Geometridae,Conistra,Conistra rubiginosa,,0,TRUE
Track_002646,04/09/2025 04:07,04/09/2025 04:11,3,3,/home/users/alyduf25/INSPIRE/outputs/singapore/inference/dep000144/raw_outputs/ami-mini-20250903T210709.jpg,crop_1,nonmoth,Lepidoptera Macros,Hippotion celerio,Sesiidae,Synanthedon,Synanthedon myopaeformis,0.1548940892776636,4.033333333333333,FALSE
Track_002647,04/09/2025 04:07,04/09/2025 04:07,1,1,/home/users/alyduf25/INSPIRE/outputs/singapore/inference/dep000144/raw_outputs/ami-mini-20250903T210709.jpg,crop_2,moth,Lepidoptera Macros,Trilocha varians,Adelidae,Adela,Adela croesella,,0,TRUE
Track_002648,04/09/2025 04:11,04/09/2025 04:11,1,1,/home/users/alyduf25/INSPIRE/outputs/singapore/inference/dep000144/raw_outputs/ami-mini-20250903T211111.jpg,crop_2,moth,Lepidoptera Macros,Trilocha varians,Noctuidae,Eupithecia,Diurnea fagella,2.263628787,0,TRUE
Track_002649,04/09/2025 04:17,04/09/2025 04:17,1,1,/home/users/alyduf25/INSPIRE/outputs/singapore/inference/dep000144/raw_outputs/ami-mini-20250903T211714.jpg,crop_2,nonmoth,Lepidoptera Macros,Lyssa zampa,Crambidae,Metaxmeste,Metaxmeste schrankiana,,0,TRUE
Track_002650,04/09/2025 04:19,04/09/2025 04:19,1,1,/home/users/alyduf25/INSPIRE/outputs/singapore/inference/dep000144/raw_outputs/ami-mini-20250903T211915.jpg,crop_1,nonmoth,Diptera Nematocera,,,,,,0,TRUE
Track_002651,04/09/2025 04:21,04/09/2025 04:21,1,1,/home/users/alyduf25/INSPIRE/outputs/singapore/inference/dep000144/raw_outputs/ami-mini-20250903T212116.jpg,crop_1,nonmoth,Lepidoptera Micros,Phereoeca uterella,Pyralidae,Plodia,Plodia interpunctella,,0,TRUE
Track_002652,04/09/2025 04:21,04/09/2025 04:21,1,1,/home/users/alyduf25/INSPIRE/outputs/singapore/inference/dep000144/raw_outputs/ami-mini-20250903T212116.jpg,crop_2,nonmoth,Diptera Brachycera,,,,,,0,TRUE
Track_002653,04/09/2025 04:23,04/09/2025 04:23,1,1,/home/users/alyduf25/INSPIRE/outputs/singapore/inference/dep000144/raw_outputs/ami-mini-20250903T212317.jpg,crop_1,nonmoth,Diptera Nematocera,,,,,,0,TRUE
Track_002654,04/09/2025 04:23,04/09/2025 04:23,1,1,/home/users/alyduf25/INSPIRE/outputs/singapore/inference/dep000144/raw_outputs/ami-mini-20250903T212317.jpg,crop_3,moth,Lepidoptera Macros,Trilocha varians,Geometridae,Perizoma,Perizoma taeniata,2.717416056012095,0,TRUE
Track_002655,04/09/2025 04:29,04/09/2025 04:29,1,1,/home/users/alyduf25/INSPIRE/outputs/singapore/inference/dep000144/raw_outputs/ami-mini-20250903T212920.jpg,crop_1,nonmoth,Diptera Nematocera,,,,,,0,TRUE
Track_002656,04/09/2025 04:31,04/09/2025 04:31,1,1,/home/users/alyduf25/INSPIRE/outputs/singapore/inference/dep000144/raw_outputs/ami-mini-20250903T213121.jpg,crop_1,moth,Diptera Nematocera,Endotricha mesenterialis,Pieridae,Anthocharis,Anthocharis cardamines,,0,TRUE
Track_002657,04/09/2025 04:33,04/09/2025 04:33,1,1,/home/users/alyduf25/INSPIRE/outputs/singapore/inference/dep000144/raw_outputs/ami-mini-20250903T213322.jpg,crop_2,nonmoth,Lepidoptera Micros,Tinea pellionella,Noctuidae,Zygaena,Etainia decentella,2.088104543418855,0,TRUE
Track_002658,04/09/2025 04:33,04/09/2025 04:33,1,1,/home/users/alyduf25/INSPIRE/outputs/singapore/inference/dep000144/raw_outputs/ami-mini-20250903T213322.jpg,crop_3,nonmoth,Diptera Nematocera,,,,,,0,TRUE
Track_002659,04/09/2025 04:35,04/09/2025 04:35,1,1,/home/users/alyduf25/INSPIRE/outputs/singapore/inference/dep000144/raw_outputs/ami-mini-20250903T213523.jpg,crop_2,nonmoth,Diptera Nematocera,,,,,,0,TRUE
Track_002660,04/09/2025 04:37,04/09/2025 04:37,1,1,/home/users/alyduf25/INSPIRE/outputs/singapore/inference/dep000144/raw_outputs/ami-mini-20250903T213724.jpg,crop_1,nonmoth,Diptera Nematocera,,,,,,0,TRUE
Track_002661,04/09/2025 04:37,04/09/2025 04:37,1,1,/home/users/alyduf25/INSPIRE/outputs/singapore/inference/dep000144/raw_outputs/ami-mini-20250903T213724.jpg,crop_2,nonmoth,Diptera Nematocera,,,,,,0,TRUE
Track_002662,05/09/2025 20:04,05/09/2025 20:04,1,1,/home/users/alyduf25/INSPIRE/outputs/singapore/inference/dep000144/raw_outputs/ami-mini-20250905T130424.jpg,crop_1,nonmoth,Lepidoptera Micros,Tineola bisselliella,Erebidae,Calliteara,Dicallomera fascelina,,0,TRUE
Track_002663,05/09/2025 20:06,05/09/2025 20:06,1,1,/home/users/alyduf25/INSPIRE/outputs/singapore/inference/dep000144/raw_outputs/ami-mini-20250905T130625.jpg,crop_1,nonmoth,Diptera Nematocera,,,,,,0,TRUE
Track_002664,05/09/2025 20:10,05/09/2025 20:10,1,1,/home/users/alyduf25/INSPIRE/outputs/singapore/inference/dep000144/raw_outputs/ami-mini-20250905T131027.jpg,crop_1,moth,Lepidoptera Micros,Parapoynx allionealis,Sesiidae,Pyropteron,Pyropteron chrysidiformis,,0,TRUE
Track_002665,05/09/2025 20:12,05/09/2025 20:12,1,1,/home/users/alyduf25/INSPIRE/outputs/singapore/inference/dep000144/raw_outputs/ami-mini-20250905T131228.jpg,crop_1,nonmoth,Lepidoptera Micros,Tineola bisselliella,Momphidae,Mompha,Mompha subbistrigella,2.1231753565733875,0,TRUE
Track_002666,05/09/2025 20:16,05/09/2025 20:16,1,1,/home/users/alyduf25/INSPIRE/outputs/singapore/inference/dep000144/raw_outputs/ami-mini-20250905T131630.jpg,crop_1,nonmoth,Lepidoptera Micros,Tinea pellionella,Erebidae,Manulea,Manulea complana,,0,TRUE
Track_002667,05/09/2025 20:26,05/09/2025 21:47,41,41,/home/users/alyduf25/INSPIRE/outputs/singapore/inference/dep000144/raw_outputs/ami-mini-20250905T132635.jpg,crop_1,moth,Lepidoptera Micros,Ephestiodes infimella,Hepialidae,Triodia,Triodia sylvina,0.202079093,80.66666666666667,FALSE
Track_002668,05/09/2025 20:56,05/09/2025 20:56,1,1,/home/users/alyduf25/INSPIRE/outputs/singapore/inference/dep000144/raw_outputs/ami-mini-20250905T135650.jpg,crop_2,nonmoth,Diptera Nematocera,,,,,,0,TRUE
Track_002669,05/09/2025 21:06,05/09/2025 21:06,1,1,/home/users/alyduf25/INSPIRE/outputs/singapore/inference/dep000144/raw_outputs/ami-mini-20250905T140655.jpg,crop_2,nonmoth,Lepidoptera Micros,Tineola bisselliella,Erebidae,Calliteara,Dicallomera fascelina,1.6787262334713402,0,TRUE
Track_002670,05/09/2025 21:08,05/09/2025 21:08,1,1,/home/users/alyduf25/INSPIRE/outputs/singapore/inference/dep000144/raw_outputs/ami-mini-20250905T140856.jpg,crop_2,nonmoth,Diptera Nematocera,,,,,,0,TRUE
Track_002671,05/09/2025 21:10,05/09/2025 21:21,6,6,/home/users/alyduf25/INSPIRE/outputs/singapore/inference/dep000144/raw_outputs/ami-mini-20250905T141057.jpg,crop_2,moth,Lepidoptera Micros,Tinea pellionella,Lyonetiidae,Lyonetia,Lyonetia clerkella,0.6565396340350087,10.083333333333334,FALSE
Track_002672,05/09/2025 21:25,05/09/2025 21:25,1,1,/home/users/alyduf25/INSPIRE/outputs/singapore/inference/dep000144/raw_outputs/ami-mini-20250905T142504.jpg,crop_2,nonmoth,Diptera Nematocera,,,,,,0,TRUE
Track_002673,05/09/2025 21:27,05/09/2025 21:29,2,2,/home/users/alyduf25/INSPIRE/outputs/singapore/inference/dep000144/raw_outputs/ami-mini-20250905T142705.jpg,crop_2,nonmoth,Lepidoptera Micros,Plodia interpunctella,Lyonetiidae,Lyonetia,Lyonetia clerkella,0.938740898,2.0166666666666666,FALSE
Track_002674,05/09/2025 21:31,05/09/2025 21:31,1,1,/home/users/alyduf25/INSPIRE/outputs/singapore/inference/dep000144/raw_outputs/ami-mini-20250905T143107.jpg,crop_4,nonmoth,Diptera Nematocera,,,,,,0,TRUE
Track_002675,05/09/2025 21:33,05/09/2025 21:35,2,2,/home/users/alyduf25/INSPIRE/outputs/singapore/inference/dep000144/raw_outputs/ami-mini-20250905T143308.jpg,crop_2,nonmoth,Lepidoptera Micros,Plodia interpunctella,Oecophoridae,Batia,Batia lunaris,1.0290171299819524,2.0166666666666666,FALSE
Track_002676,05/09/2025 21:49,05/09/2025 22:27,20,20,/home/users/alyduf25/INSPIRE/outputs/singapore/inference/dep000144/raw_outputs/ami-mini-20250905T144916.jpg,crop_1,nonmoth,Lepidoptera Micros,Laspeyria ruficeps,Hepialidae,Triodia,Triodia sylvina,0.32768952,38.31666666666667,FALSE
Track_002677,05/09/2025 22:29,05/09/2025 22:29,1,1,/home/users/alyduf25/INSPIRE/outputs/singapore/inference/dep000144/raw_outputs/ami-mini-20250905T152936.jpg,crop_1,nonmoth,Diptera Nematocera,,,,,,0,TRUE
Track_002678,05/09/2025 22:31,05/09/2025 22:33,2,2,/home/users/alyduf25/INSPIRE/outputs/singapore/inference/dep000144/raw_outputs/ami-mini-20250905T153137.jpg,crop_1,nonmoth,Lepidoptera Micros,Ephestiodes infimella,Hepialidae,Triodia,Triodia sylvina,0.1532865982717066,2.0166666666666666,FALSE
Track_002679,05/09/2025 22:35,05/09/2025 22:35,1,1,/home/users/alyduf25/INSPIRE/outputs/singapore/inference/dep000144/raw_outputs/ami-mini-20250905T153539.jpg,crop_1,nonmoth,Diptera Nematocera,,,,,,0,TRUE
Track_002680,05/09/2025 22:37,05/09/2025 22:37,1,1,/home/users/alyduf25/INSPIRE/outputs/singapore/inference/dep000144/raw_outputs/ami-mini-20250905T153740.jpg,crop_1,nonmoth,Diptera Nematocera,,,,,,0,TRUE
Track_002681,05/09/2025 22:39,05/09/2025 23:09,16,16,/home/users/alyduf25/INSPIRE/outputs/singapore/inference/dep000144/raw_outputs/ami-mini-20250905T153941.jpg,crop_1,moth,Lepidoptera Micros,Phereoeca uterella,Noctuidae,Cochylis,Cochylis flaviciliana,0.1991334374609655,30.25,FALSE
Track_002682,05/09/2025 23:05,05/09/2025 23:05,1,1,/home/users/alyduf25/INSPIRE/outputs/singapore/inference/dep000144/raw_outputs/ami-mini-20250905T160554.jpg,crop_2,nonmoth,Diptera Nematocera,,,,,,0,TRUE
Track_002683,05/09/2025 23:07,05/09/2025 23:07,1,1,/home/users/alyduf25/INSPIRE/outputs/singapore/inference/dep000144/raw_outputs/ami-mini-20250905T160755.jpg,crop_2,nonmoth,Lepidoptera Micros,Tinea pellionella,Noctuidae,Manulea,Manulea complana,2.195711142767628,0,TRUE
Track_002684,05/09/2025 23:09,05/09/2025 23:15,4,4,/home/users/alyduf25/INSPIRE/outputs/singapore/inference/dep000144/raw_outputs/ami-mini-20250905T160956.jpg,crop_2,nonmoth,Lepidoptera Micros,Tirathaba rufivena,Geometridae,Aplocera,Aplocera plagiata,0.5470534570338775,6.05,FALSE
Track_002685,05/09/2025 23:09,05/09/2025 23:09,1,1,/home/users/alyduf25/INSPIRE/outputs/singapore/inference/dep000144/raw_outputs/ami-mini-20250905T160956.jpg,crop_3,nonmoth,Lepidoptera Micros,Ephestiodes infimella,Noctuidae,Pharmacis,Pharmacis fusconebulosa,1.5599228596794754,0,TRUE
Track_002686,05/09/2025 23:11,05/09/2025 23:11,1,1,/home/users/alyduf25/INSPIRE/outputs/singapore/inference/dep000144/raw_outputs/ami-mini-20250905T161157.jpg,crop_1,nonmoth,Lepidoptera Micros,Plutella xylostella,Crambidae,Agriphila,Agriphila geniculea,1.63390336,0,TRUE
Track_002687,05/09/2025 23:15,05/09/2025 23:15,1,1,/home/users/alyduf25/INSPIRE/outputs/singapore/inference/dep000144/raw_outputs/ami-mini-20250905T161559.jpg,crop_2,nonmoth,Diptera Nematocera,,,,,,0,TRUE
Track_002688,05/09/2025 23:18,05/09/2025 23:18,1,1,/home/users/alyduf25/INSPIRE/outputs/singapore/inference/dep000144/raw_outputs/ami-mini-20250905T161800.jpg,crop_2,nonmoth,Diptera Nematocera,,,,,,0,TRUE
Track_002689,05/09/2025 23:20,05/09/2025 23:20,1,1,/home/users/alyduf25/INSPIRE/outputs/singapore/inference/dep000144/raw_outputs/ami-mini-20250905T162001.jpg,crop_1,nonmoth,Lepidoptera Micros,Phereoeca uterella,Pyralidae,Plodia,Plodia interpunctella,,0,TRUE
Track_002690,05/09/2025 23:22,05/09/2025 23:22,1,1,/home/users/alyduf25/INSPIRE/outputs/singapore/inference/dep000144/raw_outputs/ami-mini-20250905T162202.jpg,crop_2,nonmoth,Diptera Nematocera,,,,,,0,TRUE
Track_002691,05/09/2025 23:24,05/09/2025 23:24,1,1,/home/users/alyduf25/INSPIRE/outputs/singapore/inference/dep000144/raw_outputs/ami-mini-20250905T162403.jpg,crop_1,nonmoth,Diptera Nematocera,,,,,,0,TRUE
Track_002692,05/09/2025 23:26,05/09/2025 23:26,1,1,/home/users/alyduf25/INSPIRE/outputs/singapore/inference/dep000144/raw_outputs/ami-mini-20250905T162604.jpg,crop_2,nonmoth,Diptera Nematocera,,,,,,0,TRUE
Track_002693,05/09/2025 23:36,05/09/2025 23:44,5,5,/home/users/alyduf25/INSPIRE/outputs/singapore/inference/dep000144/raw_outputs/ami-mini-20250905T163609.jpg,crop_1,nonmoth,Lepidoptera Macros,Sphenarches anisodactylus,Noctuidae,Xestia,Xestia agathina,0.5742081524075858,8.066666666666666,FALSE
Track_002694,05/09/2025 23:42,05/09/2025 23:42,1,1,/home/users/alyduf25/INSPIRE/outputs/singapore/inference/dep000144/raw_outputs/ami-mini-20250905T164212.jpg,crop_2,nonmoth,Lepidoptera Micros,Tinea pellionella,Pyralidae,Plodia,Plodia interpunctella,2.867562648,0,TRUE
Track_002695,05/09/2025 23:52,05/09/2025 23:52,1,1,/home/users/alyduf25/INSPIRE/outputs/singapore/inference/dep000144/raw_outputs/ami-mini-20250905T165217.jpg,crop_1,nonmoth,Diptera Nematocera,,,,,,0,TRUE
Track_002696,06/09/2025 00:02,06/09/2025 00:02,1,1,/home/users/alyduf25/INSPIRE/outputs/singapore/inference/dep000144/raw_outputs/ami-mini-20250905T170222.jpg,crop_1,nonmoth,Diptera Nematocera,,,,,,0,TRUE
Track_002697,06/09/2025 00:08,06/09/2025 00:18,6,6,/home/users/alyduf25/INSPIRE/outputs/singapore/inference/dep000144/raw_outputs/ami-mini-20250905T170825.jpg,crop_1,nonmoth,Lepidoptera Macros,Trilocha varians,Geometridae,Ecliptopera,Ecliptopera capitata,0.3936538647197194,10.083333333333334,FALSE
Track_002698,06/09/2025 00:08,06/09/2025 00:08,1,1,/home/users/alyduf25/INSPIRE/outputs/singapore/inference/dep000144/raw_outputs/ami-mini-20250905T170825.jpg,crop_2,nonmoth,Diptera Nematocera,,,,,,0,TRUE
Track_002699,06/09/2025 00:10,06/09/2025 00:10,1,1,/home/users/alyduf25/INSPIRE/outputs/singapore/inference/dep000144/raw_outputs/ami-mini-20250905T171026.jpg,crop_3,nonmoth,Diptera Nematocera,,,,,,0,TRUE
Track_002700,06/09/2025 00:12,06/09/2025 00:12,1,1,/home/users/alyduf25/INSPIRE/outputs/singapore/inference/dep000144/raw_outputs/ami-mini-20250905T171227.jpg,crop_2,nonmoth,Diptera Nematocera,,,,,,0,TRUE
Track_002701,06/09/2025 00:14,06/09/2025 00:14,1,1,/home/users/alyduf25/INSPIRE/outputs/singapore/inference/dep000144/raw_outputs/ami-mini-20250905T171428.jpg,crop_3,nonmoth,Diptera Nematocera,,,,,,0,TRUE
Track_002702,06/09/2025 00:16,06/09/2025 00:16,1,1,/home/users/alyduf25/INSPIRE/outputs/singapore/inference/dep000144/raw_outputs/ami-mini-20250905T171629.jpg,crop_3,nonmoth,Diptera Nematocera,,,,,,0,TRUE
Track_002703,06/09/2025 00:20,06/09/2025 00:20,1,1,/home/users/alyduf25/INSPIRE/outputs/singapore/inference/dep000144/raw_outputs/ami-mini-20250905T172031.jpg,crop_1,nonmoth,Lepidoptera Macros,Parapoynx crisonalis,Sesiidae,Synanthedon,Synanthedon myopaeformis,1.2952670280719154,0,TRUE
Track_002704,06/09/2025 00:20,06/09/2025 00:20,1,1,/home/users/alyduf25/INSPIRE/outputs/singapore/inference/dep000144/raw_outputs/ami-mini-20250905T172031.jpg,crop_3,moth,Lepidoptera Macros,Trilocha varians,Noctuidae,Euxoa,Euxoa tritici,2.537336395624408,0,TRUE
Track_002705,06/09/2025 00:22,06/09/2025 00:22,1,1,/home/users/alyduf25/INSPIRE/outputs/singapore/inference/dep000144/raw_outputs/ami-mini-20250905T172232.jpg,crop_1,nonmoth,Lepidoptera Macros,Theretra latreillii,Tortricidae,Larentia,Larentia clavaria,1.365441280407336,0,TRUE
Track_002706,06/09/2025 00:22,06/09/2025 00:22,1,1,/home/users/alyduf25/INSPIRE/outputs/singapore/inference/dep000144/raw_outputs/ami-mini-20250905T172232.jpg,crop_2,nonmoth,Diptera Nematocera,,,,,,0,TRUE
Track_002707,06/09/2025 00:24,06/09/2025 00:24,1,1,/home/users/alyduf25/INSPIRE/outputs/singapore/inference/dep000144/raw_outputs/ami-mini-20250905T172433.jpg,crop_1,nonmoth,Diptera Nematocera,,,,,,0,TRUE
Track_002708,06/09/2025 00:24,06/09/2025 00:24,1,1,/home/users/alyduf25/INSPIRE/outputs/singapore/inference/dep000144/raw_outputs/ami-mini-20250905T172433.jpg,crop_2,nonmoth,Lepidoptera Macros,Theretra latreillii,Erebidae,Tyria,Tyria jacobaeae,1.0658952674591573,0,TRUE
Track_002709,06/09/2025 00:34,06/09/2025 00:34,1,1,/home/users/alyduf25/INSPIRE/outputs/singapore/inference/dep000144/raw_outputs/ami-mini-20250905T173438.jpg,crop_1,nonmoth,Lepidoptera Macros,Hippotion rosetta,Noctuidae,Psyche,Psyche casta,,0,TRUE
Track_002710,06/09/2025 00:50,06/09/2025 00:50,1,1,/home/users/alyduf25/INSPIRE/outputs/singapore/inference/dep000144/raw_outputs/ami-mini-20250905T175046.jpg,crop_1,nonmoth,Lepidoptera Macros,Trilocha varians,Noctuidae,Hofmannophila,Hofmannophila pseudospretella,,0,TRUE
Track_002711,06/09/2025 00:52,06/09/2025 00:56,3,3,/home/users/alyduf25/INSPIRE/outputs/singapore/inference/dep000144/raw_outputs/ami-mini-20250905T175247.jpg,crop_1,nonmoth,Lepidoptera Macros,Theretra latreillii,Lycaenidae,Maculinea,Maculinea nausithous,0.66496644,4.033333333333333,FALSE
Track_002712,06/09/2025 00:52,06/09/2025 00:56,3,3,/home/users/alyduf25/INSPIRE/outputs/singapore/inference/dep000144/raw_outputs/ami-mini-20250905T175247.jpg,crop_2,moth,Lepidoptera Macros,Trilocha varians,Pterophoridae,Amblyptilia,Amblyptilia acanthadactyla,0.8925450058519532,4.033333333333333,FALSE
Track_002713,06/09/2025 00:54,06/09/2025 00:54,1,1,/home/users/alyduf25/INSPIRE/outputs/singapore/inference/dep000144/raw_outputs/ami-mini-20250905T175448.jpg,crop_4,moth,Lepidoptera Macros,Trilocha varians,Lycaenidae,Maculinea,Maculinea nausithous,1.562605934201264,0,TRUE
Track_002714,06/09/2025 00:58,06/09/2025 00:58,1,1,/home/users/alyduf25/INSPIRE/outputs/singapore/inference/dep000144/raw_outputs/ami-mini-20250905T175850.jpg,crop_1,nonmoth,Lepidoptera Macros,Hyposidra talaca,Noctuidae,Hofmannophila,Hofmannophila pseudospretella,1.426393612229985,0,TRUE
Track_002715,06/09/2025 01:00,06/09/2025 01:00,1,1,/home/users/alyduf25/INSPIRE/outputs/singapore/inference/dep000144/raw_outputs/ami-mini-20250905T180051.jpg,crop_1,nonmoth,Lepidoptera Macros,Sphenarches anisodactylus,Sesiidae,Synanthedon,Synanthedon myopaeformis,1.870633928,0,TRUE
Track_002716,06/09/2025 01:00,06/09/2025 01:00,1,1,/home/users/alyduf25/INSPIRE/outputs/singapore/inference/dep000144/raw_outputs/ami-mini-20250905T180051.jpg,crop_2,nonmoth,Diptera Nematocera,,,,,,0,TRUE
Track_002717,06/09/2025 01:04,06/09/2025 01:06,2,2,/home/users/alyduf25/INSPIRE/outputs/singapore/inference/dep000144/raw_outputs/ami-mini-20250905T180453.jpg,crop_1,nonmoth,Lepidoptera Macros,Hippotion rosetta,Geometridae,Maculinea,Maculinea nausithous,0.6574863547090647,2.0166666666666666,FALSE
Track_002718,06/09/2025 01:04,06/09/2025 01:04,1,1,/home/users/alyduf25/INSPIRE/outputs/singapore/inference/dep000144/raw_outputs/ami-mini-20250905T180453.jpg,crop_3,moth,Lepidoptera Macros,Trilocha varians,Pterophoridae,Amblyptilia,Amblyptilia acanthadactyla,,0,TRUE
Track_002719,06/09/2025 01:06,06/09/2025 01:06,1,1,/home/users/alyduf25/INSPIRE/outputs/singapore/inference/dep000144/raw_outputs/ami-mini-20250905T180654.jpg,crop_2,moth,Lepidoptera Macros,Trilocha varians,Pterophoridae,Amblyptilia,Amblyptilia acanthadactyla,1.079130446090821,0,TRUE
Track_002720,06/09/2025 01:08,06/09/2025 01:08,1,1,/home/users/alyduf25/INSPIRE/outputs/singapore/inference/dep000144/raw_outputs/ami-mini-20250905T180855.jpg,crop_3,nonmoth,Diptera Nematocera,,,,,,0,TRUE
Track_002721,06/09/2025 01:19,06/09/2025 01:19,1,1,/home/users/alyduf25/INSPIRE/outputs/singapore/inference/dep000144/raw_outputs/ami-mini-20250905T181900.jpg,crop_1,nonmoth,Lepidoptera Macros,Trilocha varians,Geometridae,Agonopterix,Agonopterix ciliella,,0,TRUE
Track_002722,06/09/2025 01:21,06/09/2025 01:21,1,1,/home/users/alyduf25/INSPIRE/outputs/singapore/inference/dep000144/raw_outputs/ami-mini-20250905T182101.jpg,crop_1,nonmoth,Lepidoptera Macros,Exelastis pumilio,Tortricidae,Oegoconia,Oegoconia caradjai,1.0401220123340509,0,TRUE
Track_002723,06/09/2025 01:25,06/09/2025 01:27,2,2,/home/users/alyduf25/INSPIRE/outputs/singapore/inference/dep000144/raw_outputs/ami-mini-20250905T182503.jpg,crop_1,nonmoth,Lepidoptera Macros,Trilocha varians,Geometridae,Xanthorhoe,Xanthorhoe ferrugata,0.5106387530914261,2.0166666666666666,FALSE
Track_002724,06/09/2025 01:33,06/09/2025 01:33,1,1,/home/users/alyduf25/INSPIRE/outputs/singapore/inference/dep000144/raw_outputs/ami-mini-20250905T183307.jpg,crop_1,nonmoth,Lepidoptera Macros,Attacus atlas,Pieridae,Anthocharis,Anthocharis cardamines,,0,TRUE
Track_002725,06/09/2025 01:39,06/09/2025 01:39,1,1,/home/users/alyduf25/INSPIRE/outputs/singapore/inference/dep000144/raw_outputs/ami-mini-20250905T183910.jpg,crop_1,nonmoth,Lepidoptera Macros,Trilocha varians,Erebidae,Euproctis,Euproctis similis,,0,TRUE
Track_002726,06/09/2025 01:43,06/09/2025 01:47,3,3,/home/users/alyduf25/INSPIRE/outputs/singapore/inference/dep000144/raw_outputs/ami-mini-20250905T184312.jpg,crop_1,nonmoth,Lepidoptera Macros,Trilocha varians,Sesiidae,Synanthedon,Synanthedon myopaeformis,0.070815326,4.033333333333333,FALSE
Track_002727,06/09/2025 01:43,06/09/2025 01:45,2,2,/home/users/alyduf25/INSPIRE/outputs/singapore/inference/dep000144/raw_outputs/ami-mini-20250905T184312.jpg,crop_2,moth,Lepidoptera Macros,Trilocha varians,Noctuidae,Aglossa,Aglossa caprealis,0.030332897,2.0166666666666666,FALSE
Track_002728,06/09/2025 01:51,06/09/2025 01:57,4,4,/home/users/alyduf25/INSPIRE/outputs/singapore/inference/dep000144/raw_outputs/ami-mini-20250905T185116.jpg,crop_1,nonmoth,Lepidoptera Macros,Hippotion rosetta,Noctuidae,Autographa,Autographa excelsa,0.7320558751781583,6.05,FALSE
Track_002729,06/09/2025 02:07,06/09/2025 02:15,5,5,/home/users/alyduf25/INSPIRE/outputs/singapore/inference/dep000144/raw_outputs/ami-mini-20250905T190724.jpg,crop_1,nonmoth,Lepidoptera Macros,Hippotion rosetta,Sesiidae,Synanthedon,Synanthedon myopaeformis,0.6171488654229812,8.066666666666666,FALSE
Track_002730,06/09/2025 02:09,06/09/2025 02:09,1,1,/home/users/alyduf25/INSPIRE/outputs/singapore/inference/dep000144/raw_outputs/ami-mini-20250905T190925.jpg,crop_2,moth,Lepidoptera Macros,Trilocha varians,Geometridae,Idaea,Idaea emarginata,2.146924021716655,0,TRUE
Track_002731,06/09/2025 02:23,06/09/2025 02:23,1,1,/home/users/alyduf25/INSPIRE/outputs/singapore/inference/dep000144/raw_outputs/ami-mini-20250905T192332.jpg,crop_1,nonmoth,Lepidoptera Macros,Hippotion rosetta,Geometridae,Xanthorhoe,Xanthorhoe ferrugata,,0,TRUE
Track_002732,06/09/2025 02:25,06/09/2025 02:25,1,1,/home/users/alyduf25/INSPIRE/outputs/singapore/inference/dep000144/raw_outputs/ami-mini-20250905T192533.jpg,crop_1,nonmoth,Lepidoptera Macros,Theretra nessus,Noctuidae,Mythimna,Mythimna pallens,1.2540249274490936,0,TRUE
Track_002733,06/09/2025 02:27,06/09/2025 02:27,1,1,/home/users/alyduf25/INSPIRE/outputs/singapore/inference/dep000144/raw_outputs/ami-mini-20250905T192734.jpg,crop_1,nonmoth,Lepidoptera Macros,Hippotion rosetta,Geometridae,Agonopterix,Agonopterix ciliella,1.4581698311243478,0,TRUE
Track_002734,06/09/2025 02:29,06/09/2025 02:29,1,1,/home/users/alyduf25/INSPIRE/outputs/singapore/inference/dep000144/raw_outputs/ami-mini-20250905T192935.jpg,crop_1,nonmoth,Lepidoptera Macros,Hippotion rosetta,Noctuidae,Aleucis,Aleucis distinctata,1.7237379425649222,0,TRUE
Track_002735,06/09/2025 02:35,06/09/2025 02:35,1,1,/home/users/alyduf25/INSPIRE/outputs/singapore/inference/dep000144/raw_outputs/ami-mini-20250905T193538.jpg,crop_1,nonmoth,Lepidoptera Macros,Trilocha varians,Crambidae,Anania,Anania hortulata,,0,TRUE
Track_002736,06/09/2025 02:37,06/09/2025 02:45,5,5,/home/users/alyduf25/INSPIRE/outputs/singapore/inference/dep000144/raw_outputs/ami-mini-20250905T193739.jpg,crop_1,nonmoth,Lepidoptera Macros,Trilocha varians,Sesiidae,Synanthedon,Synanthedon myopaeformis,0.7332997167651606,8.066666666666666,FALSE
Track_002737,06/09/2025 02:41,06/09/2025 02:41,1,1,/home/users/alyduf25/INSPIRE/outputs/singapore/inference/dep000144/raw_outputs/ami-mini-20250905T194141.jpg,crop_2,moth,Lepidoptera Macros,Trilocha varians,Pyralidae,Aglossa,Aglossa caprealis,2.2060575287028588,0,TRUE
Track_002738,06/09/2025 02:41,06/09/2025 02:43,2,2,/home/users/alyduf25/INSPIRE/outputs/singapore/inference/dep000144/raw_outputs/ami-mini-20250905T194141.jpg,crop_3,moth,Lepidoptera Macros,Trilocha varians,Pterophoridae,Amblyptilia,Amblyptilia acanthadactyla,1.6332058499885065,2.0166666666666666,FALSE
Track_002739,06/09/2025 02:47,06/09/2025 02:47,1,1,/home/users/alyduf25/INSPIRE/outputs/singapore/inference/dep000144/raw_outputs/ami-mini-20250905T194744.jpg,crop_1,nonmoth,Lepidoptera Macros,Theretra latreillii,Noctuidae,Mesogona,Mesogona oxalina,1.376625494432269,0,TRUE
Track_002740,06/09/2025 02:49,06/09/2025 02:49,1,1,/home/users/alyduf25/INSPIRE/outputs/singapore/inference/dep000144/raw_outputs/ami-mini-20250905T194945.jpg,crop_3,nonmoth,Lepidoptera Micros,Tineola bisselliella,Pyralidae,Plodia,Plodia interpunctella,3.0159313465837903,0,TRUE
Track_002741,06/09/2025 02:51,06/09/2025 02:53,2,2,/home/users/alyduf25/INSPIRE/outputs/singapore/inference/dep000144/raw_outputs/ami-mini-20250905T195146.jpg,crop_1,nonmoth,Lepidoptera Macros,Trilocha varians,Lycaenidae,Lycaena,Lycaena alciphron,1.6490100806964745,2.0166666666666666,FALSE
Track_002742,06/09/2025 02:53,06/09/2025 02:53,1,1,/home/users/alyduf25/INSPIRE/outputs/singapore/inference/dep000144/raw_outputs/ami-mini-20250905T195347.jpg,crop_2,moth,Lepidoptera Macros,Trilocha varians,Coleophoridae,Coleophora,Coleophora discordella,2.163442450525569,0,TRUE
Track_002743,06/09/2025 02:57,06/09/2025 02:57,1,1,/home/users/alyduf25/INSPIRE/outputs/singapore/inference/dep000144/raw_outputs/ami-mini-20250905T195749.jpg,crop_2,nonmoth,Lepidoptera Macros,Lyssa zampa,Tortricidae,Lozotaenia,Lozotaenia forsterana,,0,TRUE
Track_002744,06/09/2025 02:59,06/09/2025 03:07,5,5,/home/users/alyduf25/INSPIRE/outputs/singapore/inference/dep000144/raw_outputs/ami-mini-20250905T195950.jpg,crop_2,nonmoth,Lepidoptera Macros,Sphenarches anisodactylus,Geometridae,Cosmopterix,Cosmopterix scribaiella,0.8326507084867334,8.066666666666666,FALSE
Track_002745,06/09/2025 03:05,06/09/2025 03:05,1,1,/home/users/alyduf25/INSPIRE/outputs/singapore/inference/dep000144/raw_outputs/ami-mini-20250905T200553.jpg,crop_2,moth,Lepidoptera Macros,Trilocha varians,Noctuidae,Eupithecia,Bedellia somnulentella,2.525685844996782,0,TRUE
Track_002746,06/09/2025 03:09,06/09/2025 03:09,1,1,/home/users/alyduf25/INSPIRE/outputs/singapore/inference/dep000144/raw_outputs/ami-mini-20250905T200955.jpg,crop_1,nonmoth,Lepidoptera Macros,Attacus atlas,Sesiidae,Synanthedon,Synanthedon myopaeformis,1.5232259437733875,0,TRUE
Track_002747,06/09/2025 03:11,06/09/2025 03:11,1,1,/home/users/alyduf25/INSPIRE/outputs/singapore/inference/dep000144/raw_outputs/ami-mini-20250905T201156.jpg,crop_1,nonmoth,Lepidoptera Macros,Trilocha varians,Gelechiidae,Aristotelia,Aristotelia brizella,1.7592277732368893,0,TRUE
Track_002748,06/09/2025 03:17,06/09/2025 03:17,1,1,/home/users/alyduf25/INSPIRE/outputs/singapore/inference/dep000144/raw_outputs/ami-mini-20250905T201759.jpg,crop_1,nonmoth,Lepidoptera Macros,Hippotion rosetta,Noctuidae,Hofmannophila,Hofmannophila pseudospretella,,0,TRUE
Track_002749,06/09/2025 03:54,06/09/2025 03:54,1,1,/home/users/alyduf25/INSPIRE/outputs/singapore/inference/dep000144/raw_outputs/ami-mini-20250905T205417.jpg,crop_1,nonmoth,Lepidoptera Micros,Cryptothelea gloverii,Erebidae,Plodia,Plodia interpunctella,,0,TRUE
Track_002750,06/09/2025 03:54,06/09/2025 03:54,1,1,/home/users/alyduf25/INSPIRE/outputs/singapore/inference/dep000144/raw_outputs/ami-mini-20250905T205417.jpg,crop_3,nonmoth,Trichoptera,,,,,,0,TRUE
Track_002751,06/09/2025 03:58,06/09/2025 03:58,1,1,/home/users/alyduf25/INSPIRE/outputs/singapore/inference/dep000144/raw_outputs/ami-mini-20250905T205819.jpg,crop_1,nonmoth,Diptera Nematocera,,,,,,0,TRUE
Track_002752,06/09/2025 04:18,06/09/2025 04:18,1,1,/home/users/alyduf25/INSPIRE/outputs/singapore/inference/dep000144/raw_outputs/ami-mini-20250905T211829.jpg,crop_1,nonmoth,Lepidoptera Micros,Tinea pellionella,Crambidae,Agriphila,Agriphila geniculea,,0,TRUE
Track_002753,06/09/2025 04:20,06/09/2025 04:20,1,1,/home/users/alyduf25/INSPIRE/outputs/singapore/inference/dep000144/raw_outputs/ami-mini-20250905T212030.jpg,crop_1,nonmoth,Diptera Nematocera,,,,,,0,TRUE
Track_002754,06/09/2025 04:24,06/09/2025 04:24,1,1,/home/users/alyduf25/INSPIRE/outputs/singapore/inference/dep000144/raw_outputs/ami-mini-20250905T212432.jpg,crop_1,moth,Lepidoptera Micros,Ephestiodes infimella,Noctuidae,Phlogophora,Phlogophora meticulosa,,0,TRUE
Track_002755,06/09/2025 04:28,06/09/2025 04:28,1,1,/home/users/alyduf25/INSPIRE/outputs/singapore/inference/dep000144/raw_outputs/ami-mini-20250905T212834.jpg,crop_1,nonmoth,Lepidoptera Macros,Stenoptilodes taprobanes,Pyralidae,Sciota,Sciota rhenella,,0,TRUE
Track_002756,06/09/2025 04:30,06/09/2025 04:32,2,2,/home/users/alyduf25/INSPIRE/outputs/singapore/inference/dep000144/raw_outputs/ami-mini-20250905T213035.jpg,crop_1,nonmoth,Lepidoptera Macros,Erechthias zebrina,Gelechiidae,Dichomeris,Dichomeris marginella,1.1686959231004672,2.0166666666666666,FALSE
Track_002757,06/09/2025 04:34,06/09/2025 04:34,1,1,/home/users/alyduf25/INSPIRE/outputs/singapore/inference/dep000144/raw_outputs/ami-mini-20250905T213437.jpg,crop_2,nonmoth,Lepidoptera Macros,Theretra latreillii,Pyralidae,Dioryctria,Dioryctria schuetzeella,1.8839776054902464,0,TRUE
Track_002758,07/09/2025 20:03,07/09/2025 20:03,1,1,/home/users/alyduf25/INSPIRE/outputs/singapore/inference/dep000144/raw_outputs/ami-mini-20250907T130338.jpg,crop_1,nonmoth,Lepidoptera Micros,Phereoeca uterella,Nymphalidae,Mellicta,Mellicta parthenoides,,0,TRUE
Track_002759,07/09/2025 20:05,07/09/2025 20:05,1,1,/home/users/alyduf25/INSPIRE/outputs/singapore/inference/dep000144/raw_outputs/ami-mini-20250907T130539.jpg,crop_1,moth,Lepidoptera Micros,Cryptothelea gloverii,Tortricidae,Ancylis,Ancylis obtusana,1.4400004081025284,0,TRUE
Track_002760,07/09/2025 20:11,07/09/2025 20:11,1,1,/home/users/alyduf25/INSPIRE/outputs/singapore/inference/dep000144/raw_outputs/ami-mini-20250907T131142.jpg,crop_1,nonmoth,Lepidoptera Micros,Plodia interpunctella,Pyralidae,Plodia,Plodia interpunctella,,0,TRUE
Track_002761,07/09/2025 20:25,07/09/2025 20:25,1,1,/home/users/alyduf25/INSPIRE/outputs/singapore/inference/dep000144/raw_outputs/ami-mini-20250907T132549.jpg,crop_1,moth,Lepidoptera Micros,Syntonarcha iriastis,Coleophoridae,Coleophora,Coleophora mayrella,,0,TRUE
Track_002762,07/09/2025 20:35,07/09/2025 20:35,1,1,/home/users/alyduf25/INSPIRE/outputs/singapore/inference/dep000144/raw_outputs/ami-mini-20250907T133554.jpg,crop_1,nonmoth,Diptera Nematocera,,,,,,0,TRUE
Track_002763,07/09/2025 20:48,07/09/2025 20:48,1,1,/home/users/alyduf25/INSPIRE/outputs/singapore/inference/dep000144/raw_outputs/ami-mini-20250907T134800.jpg,crop_2,nonmoth,Lepidoptera Micros,Plodia interpunctella,Drepanidae,Cilix,Cilix glaucata,,0,TRUE
Track_002764,07/09/2025 21:04,07/09/2025 21:04,1,1,/home/users/alyduf25/INSPIRE/outputs/singapore/inference/dep000144/raw_outputs/ami-mini-20250907T140408.jpg,crop_1,nonmoth,Diptera Nematocera,,,,,,0,TRUE
Track_002765,07/09/2025 21:24,07/09/2025 21:24,1,1,/home/users/alyduf25/INSPIRE/outputs/singapore/inference/dep000144/raw_outputs/ami-mini-20250907T142418.jpg,crop_1,nonmoth,Diptera Nematocera,,,,,,0,TRUE
Track_002766,07/09/2025 21:28,07/09/2025 21:28,1,1,/home/users/alyduf25/INSPIRE/outputs/singapore/inference/dep000144/raw_outputs/ami-mini-20250907T142820.jpg,crop_2,nonmoth,Lepidoptera Micros,Brunia antica,Nolidae,Earias,Earias clorana,,0,TRUE
Track_002767,07/09/2025 21:46,07/09/2025 21:46,1,1,/home/users/alyduf25/INSPIRE/outputs/singapore/inference/dep000144/raw_outputs/ami-mini-20250907T144629.jpg,crop_1,nonmoth,Diptera Nematocera,,,,,,0,TRUE
Track_002768,07/09/2025 22:08,07/09/2025 22:08,1,1,/home/users/alyduf25/INSPIRE/outputs/singapore/inference/dep000144/raw_outputs/ami-mini-20250907T150840.jpg,crop_1,nonmoth,Diptera Nematocera,,,,,,0,TRUE
Track_002769,07/09/2025 22:14,07/09/2025 22:14,1,1,/home/users/alyduf25/INSPIRE/outputs/singapore/inference/dep000144/raw_outputs/ami-mini-20250907T151443.jpg,crop_1,nonmoth,Diptera Nematocera,,,,,,0,TRUE
Track_002770,07/09/2025 22:20,07/09/2025 22:20,1,1,/home/users/alyduf25/INSPIRE/outputs/singapore/inference/dep000144/raw_outputs/ami-mini-20250907T152046.jpg,crop_1,nonmoth,Diptera Nematocera,,,,,,0,TRUE
Track_002771,07/09/2025 22:20,07/09/2025 22:20,1,1,/home/users/alyduf25/INSPIRE/outputs/singapore/inference/dep000144/raw_outputs/ami-mini-20250907T152046.jpg,crop_2,nonmoth,Diptera Nematocera,,,,,,0,TRUE
Track_002772,07/09/2025 22:22,07/09/2025 22:22,1,1,/home/users/alyduf25/INSPIRE/outputs/singapore/inference/dep000144/raw_outputs/ami-mini-20250907T152247.jpg,crop_1,nonmoth,Diptera Nematocera,,,,,,0,TRUE
Track_002773,07/09/2025 22:22,07/09/2025 22:28,4,4,/home/users/alyduf25/INSPIRE/outputs/singapore/inference/dep000144/raw_outputs/ami-mini-20250907T152247.jpg,crop_2,moth,Diptera Nematocera,Cryptothelea gloverii,Zygaenidae,Zygaena,Zygaena angelicae,0.593152449,6.05,FALSE
Track_002774,07/09/2025 22:28,07/09/2025 22:28,1,1,/home/users/alyduf25/INSPIRE/outputs/singapore/inference/dep000144/raw_outputs/ami-mini-20250907T152850.jpg,crop_2,nonmoth,Diptera Nematocera,,,,,,0,TRUE
Track_002775,07/09/2025 22:30,07/09/2025 22:38,5,5,/home/users/alyduf25/INSPIRE/outputs/singapore/inference/dep000144/raw_outputs/ami-mini-20250907T153051.jpg,crop_1,moth,Diptera Nematocera,Cryptothelea gloverii,Tortricidae,Lobesia,Lobesia fuligana,0.8516194654584721,8.066666666666666,FALSE
Track_002776,07/09/2025 22:40,07/09/2025 22:40,1,1,/home/users/alyduf25/INSPIRE/outputs/singapore/inference/dep000144/raw_outputs/ami-mini-20250907T154056.jpg,crop_1,moth,Diptera Nematocera,Ephestiodes infimella,Nymphalidae,Boloria,Boloria thore,1.167636544,0,TRUE
Track_002777,07/09/2025 22:42,07/09/2025 22:44,2,2,/home/users/alyduf25/INSPIRE/outputs/singapore/inference/dep000144/raw_outputs/ami-mini-20250907T154257.jpg,crop_1,moth,Lepidoptera Micros,Cryptothelea gloverii,Zygaenidae,Zygaena,Zygaena angelicae,0.8126920642008348,2.0166666666666666,FALSE
Track_002778,07/09/2025 22:46,07/09/2025 22:49,2,2,/home/users/alyduf25/INSPIRE/outputs/singapore/inference/dep000144/raw_outputs/ami-mini-20250907T154659.jpg,crop_1,moth,Diptera Nematocera,Cryptothelea gloverii,Tortricidae,Rhyacionia,Rhyacionia pinivorana,0.7840204533013411,2.0166666666666666,FALSE
Track_002779,07/09/2025 22:51,07/09/2025 22:51,1,1,/home/users/alyduf25/INSPIRE/outputs/singapore/inference/dep000144/raw_outputs/ami-mini-20250907T155101.jpg,crop_1,moth,Lepidoptera Micros,Ephestia elutella,Geometridae,Eupithecia,Eupithecia pygmaeata,1.1987743865858538,0,TRUE
Track_002780,07/09/2025 22:53,07/09/2025 22:53,1,1,/home/users/alyduf25/INSPIRE/outputs/singapore/inference/dep000144/raw_outputs/ami-mini-20250907T155302.jpg,crop_1,moth,Lepidoptera Micros,Cryptothelea gloverii,Sesiidae,Synanthedon,Synanthedon spheciformis,1.122540851,0,TRUE
Track_002781,07/09/2025 22:53,07/09/2025 22:53,1,1,/home/users/alyduf25/INSPIRE/outputs/singapore/inference/dep000144/raw_outputs/ami-mini-20250907T155302.jpg,crop_2,nonmoth,Diptera Nematocera,,,,,,0,TRUE
Track_002782,07/09/2025 22:55,07/09/2025 22:55,1,1,/home/users/alyduf25/INSPIRE/outputs/singapore/inference/dep000144/raw_outputs/ami-mini-20250907T155503.jpg,crop_1,moth,Lepidoptera Micros,Cryptothelea gloverii,Gelechiidae,Aristotelia,Aristotelia brizella,1.2170345588563478,0,TRUE
Track_002783,07/09/2025 22:57,07/09/2025 22:57,1,1,/home/users/alyduf25/INSPIRE/outputs/singapore/inference/dep000144/raw_outputs/ami-mini-20250907T155704.jpg,crop_2,moth,Lepidoptera Micros,Cryptothelea gloverii,Sesiidae,Synanthedon,Synanthedon andrenaeformis,1.2249101650111622,0,TRUE
Track_002784,07/09/2025 22:59,07/09/2025 22:59,1,1,/home/users/alyduf25/INSPIRE/outputs/singapore/inference/dep000144/raw_outputs/ami-mini-20250907T155905.jpg,crop_1,moth,Lepidoptera Micros,Cryptothelea gloverii,Geometridae,Isturgia,Isturgia limbaria,1.181970831253318,0,TRUE
Track_002785,07/09/2025 23:01,07/09/2025 23:01,1,1,/home/users/alyduf25/INSPIRE/outputs/singapore/inference/dep000144/raw_outputs/ami-mini-20250907T160106.jpg,crop_1,moth,Lepidoptera Micros,Cryptothelea gloverii,Crambidae,Catoptria,Catoptria fulgidella,1.1610085595914332,0,TRUE
Track_002786,07/09/2025 23:03,07/09/2025 23:03,1,1,/home/users/alyduf25/INSPIRE/outputs/singapore/inference/dep000144/raw_outputs/ami-mini-20250907T160307.jpg,crop_1,nonmoth,Lepidoptera Micros,Cryptothelea gloverii,Sesiidae,Synanthedon,Synanthedon andrenaeformis,1.1475804463526478,0,TRUE
Track_002787,07/09/2025 23:05,07/09/2025 23:05,1,1,/home/users/alyduf25/INSPIRE/outputs/singapore/inference/dep000144/raw_outputs/ami-mini-20250907T160508.jpg,crop_1,moth,Lepidoptera Micros,Cryptothelea gloverii,Gracillariidae,Phyllonorycter,Phyllonorycter rajella,1.1763593424562493,0,TRUE
Track_002788,07/09/2025 23:07,07/09/2025 23:07,1,1,/home/users/alyduf25/INSPIRE/outputs/singapore/inference/dep000144/raw_outputs/ami-mini-20250907T160709.jpg,crop_1,moth,Lepidoptera Micros,Cryptothelea gloverii,Erebidae,Parascotia,Parascotia fuliginaria,1.1015894550301015,0,TRUE
Track_002789,07/09/2025 23:09,07/09/2025 23:09,1,1,/home/users/alyduf25/INSPIRE/outputs/singapore/inference/dep000144/raw_outputs/ami-mini-20250907T160910.jpg,crop_1,moth,Lepidoptera Micros,Cryptothelea gloverii,Tortricidae,Epinotia,Epinotia nanana,1.1984092783863922,0,TRUE
Track_002790,07/09/2025 23:11,07/09/2025 23:11,1,1,/home/users/alyduf25/INSPIRE/outputs/singapore/inference/dep000144/raw_outputs/ami-mini-20250907T161111.jpg,crop_1,moth,Lepidoptera Micros,Cryptothelea gloverii,Gelechiidae,Helcystogramma,Helcystogramma lutatella,1.2139095680094611,0,TRUE
Track_002791,07/09/2025 23:13,07/09/2025 23:29,9,9,/home/users/alyduf25/INSPIRE/outputs/singapore/inference/dep000144/raw_outputs/ami-mini-20250907T161312.jpg,crop_1,moth,Lepidoptera Micros,Cryptothelea gloverii,Gelechiidae,Aristotelia,Aristotelia brizella,0.3925006179309915,16.133333333333333,FALSE
Track_002792,07/09/2025 23:17,07/09/2025 23:17,1,1,/home/users/alyduf25/INSPIRE/outputs/singapore/inference/dep000144/raw_outputs/ami-mini-20250907T161714.jpg,crop_2,nonmoth,Diptera Nematocera,,,,,,0,TRUE
Track_002793,07/09/2025 23:19,07/09/2025 23:19,1,1,/home/users/alyduf25/INSPIRE/outputs/singapore/inference/dep000144/raw_outputs/ami-mini-20250907T161915.jpg,crop_2,nonmoth,Diptera Nematocera,,,,,,0,TRUE
Track_002794,07/09/2025 23:23,07/09/2025 23:23,1,1,/home/users/alyduf25/INSPIRE/outputs/singapore/inference/dep000144/raw_outputs/ami-mini-20250907T162317.jpg,crop_4,nonmoth,Lepidoptera Micros,Culladia hastiferalis,Tineidae,Tinea,Tinea pellionella,1.966586401651221,0,TRUE
Track_002795,07/09/2025 23:31,07/09/2025 23:31,1,1,/home/users/alyduf25/INSPIRE/outputs/singapore/inference/dep000144/raw_outputs/ami-mini-20250907T163121.jpg,crop_1,moth,Lepidoptera Micros,Cryptothelea gloverii,Nymphalidae,Boloria,Boloria thore,1.1911879794888618,0,TRUE
Track_002796,07/09/2025 23:33,07/09/2025 23:45,7,7,/home/users/alyduf25/INSPIRE/outputs/singapore/inference/dep000144/raw_outputs/ami-mini-20250907T163322.jpg,crop_1,moth,Lepidoptera Micros,Cryptothelea gloverii,Geometridae,Thera,Thera vetustata,0.4158979467413939,12.1,FALSE
Track_002797,07/09/2025 23:33,07/09/2025 23:33,1,1,/home/users/alyduf25/INSPIRE/outputs/singapore/inference/dep000144/raw_outputs/ami-mini-20250907T163322.jpg,crop_3,nonmoth,Diptera Nematocera,,,,,,0,TRUE
Track_002798,07/09/2025 23:45,07/09/2025 23:45,1,1,/home/users/alyduf25/INSPIRE/outputs/singapore/inference/dep000144/raw_outputs/ami-mini-20250907T164528.jpg,crop_2,nonmoth,Diptera Nematocera,,,,,,0,TRUE
Track_002799,07/09/2025 23:47,07/09/2025 23:47,1,1,/home/users/alyduf25/INSPIRE/outputs/singapore/inference/dep000144/raw_outputs/ami-mini-20250907T164729.jpg,crop_1,nonmoth,Diptera Nematocera,,,,,,0,TRUE
Track_002800,07/09/2025 23:47,07/09/2025 23:47,1,1,/home/users/alyduf25/INSPIRE/outputs/singapore/inference/dep000144/raw_outputs/ami-mini-20250907T164729.jpg,crop_2,moth,Lepidoptera Micros,Cryptothelea gloverii,Gelechiidae,Gelechia,Gelechia muscosella,1.1854425837756473,0,TRUE
Track_002801,07/09/2025 23:47,07/09/2025 23:47,1,1,/home/users/alyduf25/INSPIRE/outputs/singapore/inference/dep000144/raw_outputs/ami-mini-20250907T164729.jpg,crop_4,nonmoth,Diptera Nematocera,,,,,,0,TRUE
Track_002802,07/09/2025 23:49,07/09/2025 23:49,1,1,/home/users/alyduf25/INSPIRE/outputs/singapore/inference/dep000144/raw_outputs/ami-mini-20250907T164930.jpg,crop_1,moth,Lepidoptera Micros,Cryptothelea gloverii,Tortricidae,Argyroploce,Argyroploce arbutella,1.185865368301014,0,TRUE
Track_002803,07/09/2025 23:51,07/09/2025 23:51,1,1,/home/users/alyduf25/INSPIRE/outputs/singapore/inference/dep000144/raw_outputs/ami-mini-20250907T165131.jpg,crop_1,moth,Lepidoptera Micros,Cryptothelea gloverii,Tortricidae,Grapholita,Grapholita jungiella,1.1830340533341075,0,TRUE
Track_002804,07/09/2025 23:53,07/09/2025 23:53,1,1,/home/users/alyduf25/INSPIRE/outputs/singapore/inference/dep000144/raw_outputs/ami-mini-20250907T165332.jpg,crop_1,moth,Lepidoptera Micros,Phereoeca uterella,Noctuidae,Agrochola,Agrochola laevis,1.2142710280699651,0,TRUE
Track_002805,07/09/2025 23:55,07/09/2025 23:55,1,1,/home/users/alyduf25/INSPIRE/outputs/singapore/inference/dep000144/raw_outputs/ami-mini-20250907T165533.jpg,crop_1,nonmoth,Lepidoptera Micros,Cryptothelea gloverii,Sesiidae,Synanthedon,Synanthedon andrenaeformis,1.0934711004962878,0,TRUE
Track_002806,07/09/2025 23:57,07/09/2025 23:57,1,1,/home/users/alyduf25/INSPIRE/outputs/singapore/inference/dep000144/raw_outputs/ami-mini-20250907T165734.jpg,crop_1,moth,Lepidoptera Micros,Cryptothelea gloverii,Gelechiidae,Aristotelia,Aristotelia brizella,1.106227664451725,0,TRUE
Track_002807,07/09/2025 23:59,07/09/2025 23:59,1,1,/home/users/alyduf25/INSPIRE/outputs/singapore/inference/dep000144/raw_outputs/ami-mini-20250907T165935.jpg,crop_1,moth,Lepidoptera Micros,Cryptothelea gloverii,Psychidae,Sterrhopterix,Sterrhopterix fusca,1.2157911974613962,0,TRUE
Track_002808,08/09/2025 00:01,08/09/2025 00:01,1,1,/home/users/alyduf25/INSPIRE/outputs/singapore/inference/dep000144/raw_outputs/ami-mini-20250907T170136.jpg,crop_1,moth,Lepidoptera Micros,Cryptothelea gloverii,Noctuidae,Plusia,Plusia putnami,1.126837430540442,0,TRUE
Track_002809,08/09/2025 00:03,08/09/2025 00:03,1,1,/home/users/alyduf25/INSPIRE/outputs/singapore/inference/dep000144/raw_outputs/ami-mini-20250907T170337.jpg,crop_1,moth,Lepidoptera Micros,Cryptothelea gloverii,Gelechiidae,Aristotelia,Aristotelia brizella,1.199053959635727,0,TRUE
Track_002810,08/09/2025 00:05,08/09/2025 00:15,6,6,/home/users/alyduf25/INSPIRE/outputs/singapore/inference/dep000144/raw_outputs/ami-mini-20250907T170538.jpg,crop_1,moth,Lepidoptera Micros,Cryptothelea gloverii,Gelechiidae,Aristotelia,Aristotelia brizella,0.5170324053048824,10.083333333333334,FALSE
Track_002811,08/09/2025 00:21,08/09/2025 00:29,5,5,/home/users/alyduf25/INSPIRE/outputs/singapore/inference/dep000144/raw_outputs/ami-mini-20250907T172146.jpg,crop_1,moth,Lepidoptera Micros,Cryptothelea gloverii,Gelechiidae,Aristotelia,Aristotelia brizella,0.4110130864130006,8.066666666666666,FALSE
Track_002812,08/09/2025 00:31,08/09/2025 00:31,1,1,/home/users/alyduf25/INSPIRE/outputs/singapore/inference/dep000144/raw_outputs/ami-mini-20250907T173151.jpg,crop_1,moth,Lepidoptera Micros,Cryptothelea gloverii,Noctuidae,Autographa,Autographa excelsa,1.183159652531382,0,TRUE
Track_002813,08/09/2025 00:31,08/09/2025 00:31,1,1,/home/users/alyduf25/INSPIRE/outputs/singapore/inference/dep000144/raw_outputs/ami-mini-20250907T173151.jpg,crop_2,nonmoth,Diptera Brachycera,,,,,,0,TRUE
Track_002814,08/09/2025 00:33,08/09/2025 00:33,1,1,/home/users/alyduf25/INSPIRE/outputs/singapore/inference/dep000144/raw_outputs/ami-mini-20250907T173352.jpg,crop_1,nonmoth,Diptera Nematocera,,,,,,0,TRUE
Track_002815,08/09/2025 00:33,08/09/2025 00:33,1,1,/home/users/alyduf25/INSPIRE/outputs/singapore/inference/dep000144/raw_outputs/ami-mini-20250907T173352.jpg,crop_2,moth,Lepidoptera Micros,Cryptothelea gloverii,Lycaenidae,Fixsenia,Fixsenia pruni,1.2591516483941227,0,TRUE
Track_002816,08/09/2025 00:35,08/09/2025 00:35,1,1,/home/users/alyduf25/INSPIRE/outputs/singapore/inference/dep000144/raw_outputs/ami-mini-20250907T173553.jpg,crop_1,nonmoth,Diptera Nematocera,,,,,,0,TRUE
Track_002817,08/09/2025 00:37,08/09/2025 00:37,1,1,/home/users/alyduf25/INSPIRE/outputs/singapore/inference/dep000144/raw_outputs/ami-mini-20250907T173754.jpg,crop_1,nonmoth,Lepidoptera Micros,Parotis marginata,Pieridae,Anthocharis,Anthocharis cardamines,,0,TRUE
Track_002818,08/09/2025 00:41,08/09/2025 00:41,1,1,/home/users/alyduf25/INSPIRE/outputs/singapore/inference/dep000144/raw_outputs/ami-mini-20250907T174156.jpg,crop_1,nonmoth,Lepidoptera Micros,Ephestiodes infimella,Pyralidae,Plodia,Plodia interpunctella,,0,TRUE
Track_002819,08/09/2025 00:45,08/09/2025 00:45,1,1,/home/users/alyduf25/INSPIRE/outputs/singapore/inference/dep000144/raw_outputs/ami-mini-20250907T174558.jpg,crop_1,nonmoth,Lepidoptera Micros,Comostola laesaria,Noctuidae,Lacanobia,Lacanobia oleracea,,0,TRUE
Track_002820,08/09/2025 00:47,08/09/2025 00:47,1,1,/home/users/alyduf25/INSPIRE/outputs/singapore/inference/dep000144/raw_outputs/ami-mini-20250907T174759.jpg,crop_1,nonmoth,Lepidoptera Micros,Comostola laesaria,Pyralidae,Aphomia,Aphomia sociella,1.4103233865409766,0,TRUE
Track_002821,08/09/2025 00:54,08/09/2025 00:54,1,1,/home/users/alyduf25/INSPIRE/outputs/singapore/inference/dep000144/raw_outputs/ami-mini-20250907T175402.jpg,crop_1,moth,Lepidoptera Micros,Herpetogramma phaeopteralis,Incurvariidae,Lampronia,Lampronia praelatella,,0,TRUE
Track_002822,08/09/2025 01:00,08/09/2025 01:00,1,1,/home/users/alyduf25/INSPIRE/outputs/singapore/inference/dep000144/raw_outputs/ami-mini-20250907T180005.jpg,crop_1,nonmoth,Vegetation,,,,,,0,TRUE
Track_002823,08/09/2025 01:02,08/09/2025 01:02,1,1,/home/users/alyduf25/INSPIRE/outputs/singapore/inference/dep000144/raw_outputs/ami-mini-20250907T180206.jpg,crop_2,nonmoth,Lepidoptera Micros,Hypsopygia costalis,Noctuidae,Argyresthia,Habrosyne pyritoides,,0,TRUE
Track_002824,08/09/2025 01:04,08/09/2025 01:04,1,1,/home/users/alyduf25/INSPIRE/outputs/singapore/inference/dep000144/raw_outputs/ami-mini-20250907T180407.jpg,crop_1,nonmoth,Diptera Brachycera,,,,,,0,TRUE
Track_002825,08/09/2025 01:08,08/09/2025 01:08,1,1,/home/users/alyduf25/INSPIRE/outputs/singapore/inference/dep000144/raw_outputs/ami-mini-20250907T180809.jpg,crop_1,nonmoth,Diptera Nematocera,,,,,,0,TRUE
Track_002826,08/09/2025 01:10,08/09/2025 01:10,1,1,/home/users/alyduf25/INSPIRE/outputs/singapore/inference/dep000144/raw_outputs/ami-mini-20250907T181010.jpg,crop_1,nonmoth,Diptera Nematocera,,,,,,0,TRUE
Track_002827,08/09/2025 01:12,08/09/2025 01:12,1,1,/home/users/alyduf25/INSPIRE/outputs/singapore/inference/dep000144/raw_outputs/ami-mini-20250907T181211.jpg,crop_1,nonmoth,Diptera Nematocera,,,,,,0,TRUE
Track_002828,08/09/2025 01:14,08/09/2025 01:14,1,1,/home/users/alyduf25/INSPIRE/outputs/singapore/inference/dep000144/raw_outputs/ami-mini-20250907T181412.jpg,crop_1,nonmoth,Diptera Nematocera,,,,,,0,TRUE
Track_002829,08/09/2025 01:20,08/09/2025 01:20,1,1,/home/users/alyduf25/INSPIRE/outputs/singapore/inference/dep000144/raw_outputs/ami-mini-20250907T182015.jpg,crop_1,moth,Lepidoptera Micros,Ephestiodes infimella,Geometridae,Tinagma,Tinagma ocnerostomella,,0,TRUE
Track_002830,08/09/2025 01:22,08/09/2025 01:22,1,1,/home/users/alyduf25/INSPIRE/outputs/singapore/inference/dep000144/raw_outputs/ami-mini-20250907T182216.jpg,crop_1,nonmoth,Diptera Nematocera,,,,,,0,TRUE
Track_002831,08/09/2025 01:24,08/09/2025 01:24,1,1,/home/users/alyduf25/INSPIRE/outputs/singapore/inference/dep000144/raw_outputs/ami-mini-20250907T182417.jpg,crop_1,nonmoth,Diptera Nematocera,,,,,,0,TRUE
Track_002832,08/09/2025 01:28,08/09/2025 01:28,1,1,/home/users/alyduf25/INSPIRE/outputs/singapore/inference/dep000144/raw_outputs/ami-mini-20250907T182819.jpg,crop_1,nonmoth,Diptera Brachycera,,,,,,0,TRUE
Track_002833,08/09/2025 01:30,08/09/2025 01:30,1,1,/home/users/alyduf25/INSPIRE/outputs/singapore/inference/dep000144/raw_outputs/ami-mini-20250907T183020.jpg,crop_1,nonmoth,Diptera Nematocera,,,,,,0,TRUE
Track_002834,08/09/2025 01:32,08/09/2025 01:32,1,1,/home/users/alyduf25/INSPIRE/outputs/singapore/inference/dep000144/raw_outputs/ami-mini-20250907T183221.jpg,crop_1,nonmoth,Diptera Nematocera,,,,,,0,TRUE
Track_002835,08/09/2025 01:34,08/09/2025 01:34,1,1,/home/users/alyduf25/INSPIRE/outputs/singapore/inference/dep000144/raw_outputs/ami-mini-20250907T183422.jpg,crop_1,nonmoth,Diptera Brachycera,,,,,,0,TRUE
Track_002836,08/09/2025 01:34,08/09/2025 01:34,1,1,/home/users/alyduf25/INSPIRE/outputs/singapore/inference/dep000144/raw_outputs/ami-mini-20250907T183422.jpg,crop_3,nonmoth,Diptera Nematocera,,,,,,0,TRUE
Track_002837,08/09/2025 01:36,08/09/2025 01:36,1,1,/home/users/alyduf25/INSPIRE/outputs/singapore/inference/dep000144/raw_outputs/ami-mini-20250907T183623.jpg,crop_1,moth,Diptera Nematocera,Ephestiodes infimella,Erebidae,Calliteara,Dicallomera fascelina,,0,TRUE
Track_002838,08/09/2025 01:38,08/09/2025 01:38,1,1,/home/users/alyduf25/INSPIRE/outputs/singapore/inference/dep000144/raw_outputs/ami-mini-20250907T183824.jpg,crop_1,nonmoth,Diptera Nematocera,,,,,,0,TRUE
Track_002839,08/09/2025 01:40,08/09/2025 01:40,1,1,/home/users/alyduf25/INSPIRE/outputs/singapore/inference/dep000144/raw_outputs/ami-mini-20250907T184025.jpg,crop_1,nonmoth,Diptera Nematocera,,,,,,0,TRUE
Track_002840,08/09/2025 01:40,08/09/2025 01:40,1,1,/home/users/alyduf25/INSPIRE/outputs/singapore/inference/dep000144/raw_outputs/ami-mini-20250907T184025.jpg,crop_2,nonmoth,Diptera Nematocera,,,,,,0,TRUE
Track_002841,08/09/2025 01:42,08/09/2025 01:42,1,1,/home/users/alyduf25/INSPIRE/outputs/singapore/inference/dep000144/raw_outputs/ami-mini-20250907T184226.jpg,crop_1,nonmoth,Diptera Nematocera,,,,,,0,TRUE
Track_002842,08/09/2025 01:44,08/09/2025 01:44,1,1,/home/users/alyduf25/INSPIRE/outputs/singapore/inference/dep000144/raw_outputs/ami-mini-20250907T184427.jpg,crop_1,nonmoth,Ephemeroptera,,,,,,0,TRUE
Track_002843,08/09/2025 01:48,08/09/2025 01:48,1,1,/home/users/alyduf25/INSPIRE/outputs/singapore/inference/dep000144/raw_outputs/ami-mini-20250907T184829.jpg,crop_1,nonmoth,Lepidoptera Micros,Cryptothelea gloverii,Lasiocampidae,Lasiocampa,Lasiocampa trifolii,,0,TRUE
Track_002844,08/09/2025 01:50,08/09/2025 01:50,1,1,/home/users/alyduf25/INSPIRE/outputs/singapore/inference/dep000144/raw_outputs/ami-mini-20250907T185030.jpg,crop_1,nonmoth,Diptera Brachycera,,,,,,0,TRUE
Track_002845,08/09/2025 01:52,08/09/2025 01:52,1,1,/home/users/alyduf25/INSPIRE/outputs/singapore/inference/dep000144/raw_outputs/ami-mini-20250907T185231.jpg,crop_1,nonmoth,Diptera Nematocera,,,,,,0,TRUE
Track_002846,08/09/2025 01:56,08/09/2025 01:56,1,1,/home/users/alyduf25/INSPIRE/outputs/singapore/inference/dep000144/raw_outputs/ami-mini-20250907T185633.jpg,crop_1,moth,Lepidoptera Micros,Parapoynx diminutalis,Hepialidae,Triodia,Triodia sylvina,,0,TRUE
Track_002847,08/09/2025 01:56,08/09/2025 01:56,1,1,/home/users/alyduf25/INSPIRE/outputs/singapore/inference/dep000144/raw_outputs/ami-mini-20250907T185633.jpg,crop_2,nonmoth,Diptera Nematocera,,,,,,0,TRUE
Track_002848,08/09/2025 02:00,08/09/2025 02:00,1,1,/home/users/alyduf25/INSPIRE/outputs/singapore/inference/dep000144/raw_outputs/ami-mini-20250907T190035.jpg,crop_1,nonmoth,Diptera Brachycera,,,,,,0,TRUE
Track_002849,08/09/2025 02:08,08/09/2025 02:08,1,1,/home/users/alyduf25/INSPIRE/outputs/singapore/inference/dep000144/raw_outputs/ami-mini-20250907T190839.jpg,crop_1,nonmoth,Diptera Brachycera,,,,,,0,TRUE
Track_002850,08/09/2025 02:10,08/09/2025 02:10,1,1,/home/users/alyduf25/INSPIRE/outputs/singapore/inference/dep000144/raw_outputs/ami-mini-20250907T191040.jpg,crop_2,nonmoth,Lepidoptera Micros,Plodia interpunctella,Noctuidae,Lacanobia,Lacanobia oleracea,,0,TRUE
Track_002851,08/09/2025 02:12,08/09/2025 02:12,1,1,/home/users/alyduf25/INSPIRE/outputs/singapore/inference/dep000144/raw_outputs/ami-mini-20250907T191241.jpg,crop_1,nonmoth,Diptera Brachycera,,,,,,0,TRUE
Track_002852,08/09/2025 02:24,08/09/2025 02:24,1,1,/home/users/alyduf25/INSPIRE/outputs/singapore/inference/dep000144/raw_outputs/ami-mini-20250907T192447.jpg,crop_1,nonmoth,Lepidoptera Micros,Ephestiodes infimella,Crambidae,Acentria,Acentria ephemerella,,0,TRUE
Track_002853,08/09/2025 02:36,08/09/2025 02:36,1,1,/home/users/alyduf25/INSPIRE/outputs/singapore/inference/dep000144/raw_outputs/ami-mini-20250907T193653.jpg,crop_1,moth,Lepidoptera Micros,Plodia interpunctella,Noctuidae,Coenophila,Coenophila subrosea,,0,TRUE
Track_002854,08/09/2025 02:36,08/09/2025 02:36,1,1,/home/users/alyduf25/INSPIRE/outputs/singapore/inference/dep000144/raw_outputs/ami-mini-20250907T193653.jpg,crop_2,nonmoth,Lepidoptera Micros,Cryptothelea gloverii,Noctuidae,Coenophila,Coenophila subrosea,,0,TRUE
Track_002855,08/09/2025 02:57,08/09/2025 02:57,1,1,/home/users/alyduf25/INSPIRE/outputs/singapore/inference/dep000144/raw_outputs/ami-mini-20250907T195703.jpg,crop_1,nonmoth,Diptera Brachycera,,,,,,0,TRUE
Track_002856,08/09/2025 03:03,08/09/2025 03:03,1,1,/home/users/alyduf25/INSPIRE/outputs/singapore/inference/dep000144/raw_outputs/ami-mini-20250907T200306.jpg,crop_1,moth,Lepidoptera Micros,Cryptothelea gloverii,Momphidae,Mompha,Mompha lacteella,,0,TRUE
Track_002857,08/09/2025 03:05,08/09/2025 03:05,1,1,/home/users/alyduf25/INSPIRE/outputs/singapore/inference/dep000144/raw_outputs/ami-mini-20250907T200507.jpg,crop_1,nonmoth,Lepidoptera Micros,Plodia interpunctella,Lasiocampidae,Lasiocampa,Lasiocampa trifolii,2.002781487524573,0,TRUE
Track_002858,08/09/2025 03:07,08/09/2025 03:07,1,1,/home/users/alyduf25/INSPIRE/outputs/singapore/inference/dep000144/raw_outputs/ami-mini-20250907T200708.jpg,crop_1,nonmoth,Diptera Nematocera,,,,,,0,TRUE
Track_002859,08/09/2025 03:11,08/09/2025 03:11,1,1,/home/users/alyduf25/INSPIRE/outputs/singapore/inference/dep000144/raw_outputs/ami-mini-20250907T201110.jpg,crop_1,nonmoth,Lepidoptera Micros,Tineola bisselliella,Erebidae,Manulea,Manulea complana,,0,TRUE
Track_002860,08/09/2025 03:11,08/09/2025 03:11,1,1,/home/users/alyduf25/INSPIRE/outputs/singapore/inference/dep000144/raw_outputs/ami-mini-20250907T201110.jpg,crop_2,nonmoth,Lepidoptera Macros,Parapoynx crisonalis,Noctuidae,Syngrapha,Syngrapha diasema,,0,TRUE
Track_002861,08/09/2025 03:13,08/09/2025 03:13,1,1,/home/users/alyduf25/INSPIRE/outputs/singapore/inference/dep000144/raw_outputs/ami-mini-20250907T201311.jpg,crop_1,nonmoth,Lepidoptera Macros,Hippotion rosetta,Blastobasidae,Hypatopa,Hypatopa binotella,1.1505487803078498,0,TRUE
Track_002862,08/09/2025 03:13,08/09/2025 03:13,1,1,/home/users/alyduf25/INSPIRE/outputs/singapore/inference/dep000144/raw_outputs/ami-mini-20250907T201311.jpg,crop_3,moth,Lepidoptera Macros,Trilocha varians,Geometridae,Perizoma,Perizoma taeniata,2.4314251768850665,0,TRUE
Track_002863,08/09/2025 03:15,08/09/2025 03:15,1,1,/home/users/alyduf25/INSPIRE/outputs/singapore/inference/dep000144/raw_outputs/ami-mini-20250907T201512.jpg,crop_3,nonmoth,Lepidoptera Micros,Phereoeca uterella,Noctuidae,Caradrina,Plodia interpunctella,2.7941111846080853,0,TRUE
Track_002864,08/09/2025 03:23,08/09/2025 03:23,1,1,/home/users/alyduf25/INSPIRE/outputs/singapore/inference/dep000144/raw_outputs/ami-mini-20250907T202316.jpg,crop_1,nonmoth,Lepidoptera Macros,Hippotion celerio,Noctuidae,Protolampra,Protolampra sobrina,,0,TRUE
Track_002865,08/09/2025 03:27,08/09/2025 03:27,1,1,/home/users/alyduf25/INSPIRE/outputs/singapore/inference/dep000144/raw_outputs/ami-mini-20250907T202718.jpg,crop_1,moth,Lepidoptera Macros,Trilocha varians,Geometridae,Eupithecia,Eupithecia satyrata,,0,TRUE
Track_002866,08/09/2025 03:31,08/09/2025 03:31,1,1,/home/users/alyduf25/INSPIRE/outputs/singapore/inference/dep000144/raw_outputs/ami-mini-20250907T203120.jpg,crop_1,nonmoth,Lepidoptera Macros,Hippotion rosetta,Adelidae,Adela,Adela croesella,,0,TRUE
Track_002867,08/09/2025 03:33,08/09/2025 03:33,1,1,/home/users/alyduf25/INSPIRE/outputs/singapore/inference/dep000144/raw_outputs/ami-mini-20250907T203321.jpg,crop_1,nonmoth,Lepidoptera Macros,Trilocha varians,Coleophoridae,Coleophora,Coleophora discordella,1.079797839970372,0,TRUE
Track_002868,08/09/2025 03:47,08/09/2025 03:47,1,1,/home/users/alyduf25/INSPIRE/outputs/singapore/inference/dep000144/raw_outputs/ami-mini-20250907T204728.jpg,crop_1,nonmoth,Lepidoptera Micros,Hypsopygia costalis,Lasiocampidae,Lasiocampa,Lasiocampa trifolii,,0,TRUE
Track_002869,08/09/2025 03:51,08/09/2025 03:51,1,1,/home/users/alyduf25/INSPIRE/outputs/singapore/inference/dep000144/raw_outputs/ami-mini-20250907T205130.jpg,crop_1,nonmoth,Lepidoptera Macros,Hippotion rosetta,Geometridae,Triodia,Triodia sylvina,,0,TRUE
Track_002870,08/09/2025 03:59,08/09/2025 03:59,1,1,/home/users/alyduf25/INSPIRE/outputs/singapore/inference/dep000144/raw_outputs/ami-mini-20250907T205934.jpg,crop_1,nonmoth,Lepidoptera Macros,Trilocha varians,Drepanidae,Watsonalla,Watsonalla cultraria,,0,TRUE
Track_002871,08/09/2025 04:01,08/09/2025 04:01,1,1,/home/users/alyduf25/INSPIRE/outputs/singapore/inference/dep000144/raw_outputs/ami-mini-20250907T210135.jpg,crop_1,nonmoth,Lepidoptera Macros,Theretra latreillii,Tortricidae,Conistra,Conistra rubiginosa,1.0040752510932596,0,TRUE
Track_002872,08/09/2025 04:05,08/09/2025 04:05,1,1,/home/users/alyduf25/INSPIRE/outputs/singapore/inference/dep000144/raw_outputs/ami-mini-20250907T210537.jpg,crop_1,nonmoth,Lepidoptera Macros,Trilocha varians,Lycaenidae,Maculinea,Maculinea nausithous,,0,TRUE
Track_002873,08/09/2025 04:05,08/09/2025 04:05,1,1,/home/users/alyduf25/INSPIRE/outputs/singapore/inference/dep000144/raw_outputs/ami-mini-20250907T210537.jpg,crop_2,nonmoth,Diptera Nematocera,,,,,,0,TRUE
Track_002874,08/09/2025 04:05,08/09/2025 04:05,1,1,/home/users/alyduf25/INSPIRE/outputs/singapore/inference/dep000144/raw_outputs/ami-mini-20250907T210537.jpg,crop_3,moth,Lepidoptera Macros,Hyposidra talaca,Geometridae,Idaea,Idaea emarginata,,0,TRUE
Track_002875,08/09/2025 04:07,08/09/2025 04:07,1,1,/home/users/alyduf25/INSPIRE/outputs/singapore/inference/dep000144/raw_outputs/ami-mini-20250907T210738.jpg,crop_1,nonmoth,Lepidoptera Macros,Trilocha varians,Sesiidae,Synanthedon,Synanthedon myopaeformis,1.3607298217551336,0,TRUE
Track_002876,08/09/2025 04:09,08/09/2025 04:09,1,1,/home/users/alyduf25/INSPIRE/outputs/singapore/inference/dep000144/raw_outputs/ami-mini-20250907T210939.jpg,crop_1,moth,Lepidoptera Micros,Tirathaba rufivena,Erebidae,Triodia,Triodia sylvina,2.883272640282233,0,TRUE
Track_002877,08/09/2025 04:13,08/09/2025 04:13,1,1,/home/users/alyduf25/INSPIRE/outputs/singapore/inference/dep000144/raw_outputs/ami-mini-20250907T211341.jpg,crop_1,nonmoth,Lepidoptera Macros,Hippotion celerio,Noctuidae,Conistra,Conistra rubiginosa,,0,TRUE
Track_002878,08/09/2025 04:17,08/09/2025 04:19,2,2,/home/users/alyduf25/INSPIRE/outputs/singapore/inference/dep000144/raw_outputs/ami-mini-20250907T211743.jpg,crop_1,nonmoth,Lepidoptera Macros,Trilocha varians,Sesiidae,Synanthedon,Synanthedon myopaeformis,0.2660681512958515,2.0166666666666666,FALSE
Track_002879,08/09/2025 04:17,08/09/2025 04:17,1,1,/home/users/alyduf25/INSPIRE/outputs/singapore/inference/dep000144/raw_outputs/ami-mini-20250907T211743.jpg,crop_2,moth,Lepidoptera Macros,Trilocha varians,Geometridae,Idaea,Idaea emarginata,,0,TRUE
Track_002880,08/09/2025 04:21,08/09/2025 04:21,1,1,/home/users/alyduf25/INSPIRE/outputs/singapore/inference/dep000144/raw_outputs/ami-mini-20250907T212145.jpg,crop_1,nonmoth,Lepidoptera Macros,Theretra latreillii,Geometridae,Idaea,Idaea pallidata,1.054358171249263,0,TRUE
Track_002881,08/09/2025 04:23,08/09/2025 04:23,1,1,/home/users/alyduf25/INSPIRE/outputs/singapore/inference/dep000144/raw_outputs/ami-mini-20250907T212346.jpg,crop_1,nonmoth,Lepidoptera Macros,Trilocha varians,Depressariidae,Agonopterix,Agonopterix scopariella,1.6027523439734144,0,TRUE
Track_002882,09/09/2025 20:08,09/09/2025 20:14,4,4,/home/users/alyduf25/INSPIRE/outputs/singapore/inference/dep000144/raw_outputs/ami-mini-20250909T130854.jpg,crop_1,moth,Lepidoptera Micros,Cryptothelea gloverii,Zygaenidae,Zygaena,Zygaena angelicae,0.1874020593023942,6.05,FALSE
Track_002883,09/09/2025 20:18,09/09/2025 20:33,8,8,/home/users/alyduf25/INSPIRE/outputs/singapore/inference/dep000144/raw_outputs/ami-mini-20250909T131859.jpg,crop_1,moth,Lepidoptera Micros,Cryptothelea gloverii,Zygaenidae,Zygaena,Zygaena angelicae,0.1978621056988499,14.116666666666667,FALSE
Track_002884,09/09/2025 20:37,09/09/2025 20:37,1,1,/home/users/alyduf25/INSPIRE/outputs/singapore/inference/dep000144/raw_outputs/ami-mini-20250909T133708.jpg,crop_1,nonmoth,Lepidoptera Micros,Cryptothelea gloverii,Pterophoridae,Marasmarcha,Marasmarcha lunaedactyla,,0,TRUE
Track_002885,09/09/2025 20:41,09/09/2025 20:57,9,9,/home/users/alyduf25/INSPIRE/outputs/singapore/inference/dep000144/raw_outputs/ami-mini-20250909T134110.jpg,crop_1,moth,Lepidoptera Micros,Cryptothelea gloverii,Geometridae,Ecliptopera,Ecliptopera capitata,0.2868019133758756,16.133333333333333,FALSE
Track_002886,09/09/2025 20:59,09/09/2025 20:59,1,1,/home/users/alyduf25/INSPIRE/outputs/singapore/inference/dep000144/raw_outputs/ami-mini-20250909T135919.jpg,crop_1,moth,Lepidoptera Micros,Cryptothelea gloverii,Lasiocampidae,Incurvaria,Lampronia oehlmaniella,1.0547262081798705,0,TRUE
Track_002887,09/09/2025 21:03,09/09/2025 21:03,1,1,/home/users/alyduf25/INSPIRE/outputs/singapore/inference/dep000144/raw_outputs/ami-mini-20250909T140321.jpg,crop_1,moth,Lepidoptera Micros,Cryptothelea gloverii,Sesiidae,Synanthedon,Synanthedon andrenaeformis,,0,TRUE
Track_002888,09/09/2025 21:05,09/09/2025 21:05,1,1,/home/users/alyduf25/INSPIRE/outputs/singapore/inference/dep000144/raw_outputs/ami-mini-20250909T140522.jpg,crop_1,moth,Lepidoptera Micros,Cryptothelea gloverii,Geometridae,Idaea,Idaea moniliata,1.070016904856821,0,TRUE
Track_002889,09/09/2025 21:07,09/09/2025 21:07,1,1,/home/users/alyduf25/INSPIRE/outputs/singapore/inference/dep000144/raw_outputs/ami-mini-20250909T140723.jpg,crop_1,moth,Lepidoptera Micros,Cryptothelea gloverii,Geometridae,Ecliptopera,Ecliptopera capitata,1.249569981180695,0,TRUE
Track_002890,09/09/2025 21:09,09/09/2025 21:11,2,2,/home/users/alyduf25/INSPIRE/outputs/singapore/inference/dep000144/raw_outputs/ami-mini-20250909T140924.jpg,crop_1,moth,Lepidoptera Micros,Phereoeca uterella,Noctuidae,Hadena,Hadena capsincola,0.9501483041169368,2.0166666666666666,FALSE
Track_002891,09/09/2025 21:13,09/09/2025 21:13,1,1,/home/users/alyduf25/INSPIRE/outputs/singapore/inference/dep000144/raw_outputs/ami-mini-20250909T141326.jpg,crop_1,moth,Lepidoptera Micros,Phereoeca uterella,Argyresthiidae,Argyresthia,Argyresthia retinella,1.1542283817137604,0,TRUE
Track_002892,09/09/2025 21:15,09/09/2025 21:15,1,1,/home/users/alyduf25/INSPIRE/outputs/singapore/inference/dep000144/raw_outputs/ami-mini-20250909T141527.jpg,crop_1,moth,Lepidoptera Micros,Phereoeca uterella,Douglasiidae,Tinagma,Tinagma ocnerostomella,1.3111985758260958,0,TRUE
Track_002893,09/09/2025 21:29,09/09/2025 21:29,1,1,/home/users/alyduf25/INSPIRE/outputs/singapore/inference/dep000144/raw_outputs/ami-mini-20250909T142934.jpg,crop_1,nonmoth,Lepidoptera Micros,Erebus macrops,Noctuidae,Chilodes,Chilodes maritima,,0,TRUE
Track_002894,09/09/2025 21:31,09/09/2025 21:31,1,1,/home/users/alyduf25/INSPIRE/outputs/singapore/inference/dep000144/raw_outputs/ami-mini-20250909T143135.jpg,crop_1,nonmoth,Lepidoptera Micros,Spirama retorta,Lasiocampidae,Incurvaria,Lampronia oehlmaniella,2.1080389514087825,0,TRUE
Track_002895,09/09/2025 21:35,09/09/2025 21:35,1,1,/home/users/alyduf25/INSPIRE/outputs/singapore/inference/dep000144/raw_outputs/ami-mini-20250909T143537.jpg,crop_1,nonmoth,Lepidoptera Micros,Ephestiodes infimella,Tortricidae,Grapholita,Grapholita compositella,,0,TRUE
Track_002896,09/09/2025 21:45,09/09/2025 21:45,1,1,/home/users/alyduf25/INSPIRE/outputs/singapore/inference/dep000144/raw_outputs/ami-mini-20250909T144542.jpg,crop_1,moth,Lepidoptera Micros,Ephestia elutella,Oecophoridae,Batia,Batia lunaris,,0,TRUE
Track_002897,10/09/2025 00:25,10/09/2025 00:25,1,1,/home/users/alyduf25/INSPIRE/outputs/singapore/inference/dep000144/raw_outputs/ami-mini-20250909T172501.jpg,crop_1,nonmoth,Lepidoptera Micros,Tineola bisselliella,Noctuidae,Graphiphora,Graphiphora augur,,0,TRUE
Track_002898,10/09/2025 00:29,10/09/2025 00:29,1,1,/home/users/alyduf25/INSPIRE/outputs/singapore/inference/dep000144/raw_outputs/ami-mini-20250909T172903.jpg,crop_1,nonmoth,Diptera Nematocera,,,,,,0,TRUE
Track_002899,10/09/2025 00:53,10/09/2025 00:53,1,1,/home/users/alyduf25/INSPIRE/outputs/singapore/inference/dep000144/raw_outputs/ami-mini-20250909T175315.jpg,crop_2,nonmoth,Diptera Nematocera,,,,,,0,TRUE
Track_002900,10/09/2025 01:01,10/09/2025 01:01,1,1,/home/users/alyduf25/INSPIRE/outputs/singapore/inference/dep000144/raw_outputs/ami-mini-20250909T180119.jpg,crop_2,nonmoth,Diptera Nematocera,,,,,,0,TRUE
Track_002901,10/09/2025 01:13,10/09/2025 01:13,1,1,/home/users/alyduf25/INSPIRE/outputs/singapore/inference/dep000144/raw_outputs/ami-mini-20250909T181325.jpg,crop_1,nonmoth,Diptera Nematocera,,,,,,0,TRUE
Track_002902,10/09/2025 01:15,10/09/2025 01:15,1,1,/home/users/alyduf25/INSPIRE/outputs/singapore/inference/dep000144/raw_outputs/ami-mini-20250909T181526.jpg,crop_1,nonmoth,Lepidoptera Micros,Ephestiodes infimella,Noctuidae,Plodia,Plodia interpunctella,,0,TRUE
Track_002903,10/09/2025 01:49,10/09/2025 02:03,8,8,/home/users/alyduf25/INSPIRE/outputs/singapore/inference/dep000144/raw_outputs/ami-mini-20250909T184943.jpg,crop_1,nonmoth,Lepidoptera Micros,Stenoptilodes taprobanes,Tortricidae,Acleris,Acleris comariana,0.057893134,14.116666666666667,FALSE
Track_002904,10/09/2025 01:49,10/09/2025 01:49,1,1,/home/users/alyduf25/INSPIRE/outputs/singapore/inference/dep000144/raw_outputs/ami-mini-20250909T184943.jpg,crop_2,moth,Lepidoptera Micros,Rusicada privata,Noctuidae,Triodia,Triodia sylvina,,0,TRUE
Track_002905,10/09/2025 02:36,10/09/2025 02:36,1,1,/home/users/alyduf25/INSPIRE/outputs/singapore/inference/dep000144/raw_outputs/ami-mini-20250909T193606.jpg,crop_1,nonmoth,Lepidoptera Micros,Phereoeca uterella,Pyralidae,Plodia,Plodia interpunctella,,0,TRUE
Track_002906,10/09/2025 02:38,10/09/2025 02:38,1,1,/home/users/alyduf25/INSPIRE/outputs/singapore/inference/dep000144/raw_outputs/ami-mini-20250909T193807.jpg,crop_1,nonmoth,Lepidoptera Micros,Plodia interpunctella,Lasiocampidae,Lasiocampa,Lasiocampa trifolii,1.8959033155993803,0,TRUE
Track_002907,10/09/2025 02:38,10/09/2025 02:38,1,1,/home/users/alyduf25/INSPIRE/outputs/singapore/inference/dep000144/raw_outputs/ami-mini-20250909T193807.jpg,crop_2,nonmoth,Lepidoptera Micros,Phereoeca uterella,Noctuidae,Hecatera,Hecatera dysodea,1.3767612002885996,0,TRUE
Track_002908,10/09/2025 02:42,10/09/2025 02:42,1,1,/home/users/alyduf25/INSPIRE/outputs/singapore/inference/dep000144/raw_outputs/ami-mini-20250909T194209.jpg,crop_1,nonmoth,Lepidoptera Micros,Cryptothelea gloverii,Drepanidae,Habrosyne,Habrosyne pyritoides,,0,TRUE
Track_002909,10/09/2025 02:42,10/09/2025 02:42,1,1,/home/users/alyduf25/INSPIRE/outputs/singapore/inference/dep000144/raw_outputs/ami-mini-20250909T194209.jpg,crop_2,nonmoth,Lepidoptera Micros,Plodia interpunctella,Geometridae,Plodia,Plodia interpunctella,,0,TRUE
Track_002910,10/09/2025 02:52,10/09/2025 02:52,1,1,/home/users/alyduf25/INSPIRE/outputs/singapore/inference/dep000144/raw_outputs/ami-mini-20250909T195214.jpg,crop_1,nonmoth,Diptera Nematocera,,,,,,0,TRUE
Track_002911,10/09/2025 02:56,10/09/2025 02:56,1,1,/home/users/alyduf25/INSPIRE/outputs/singapore/inference/dep000144/raw_outputs/ami-mini-20250909T195616.jpg,crop_1,nonmoth,Lepidoptera Micros,Phereoeca uterella,Hepialidae,Pharmacis,Pharmacis fusconebulosa,,0,TRUE
Track_002912,10/09/2025 02:58,10/09/2025 02:58,1,1,/home/users/alyduf25/INSPIRE/outputs/singapore/inference/dep000144/raw_outputs/ami-mini-20250909T195817.jpg,crop_1,nonmoth,Lepidoptera Micros,Eublemma accedens,Noctuidae,Pharmacis,Pharmacis fusconebulosa,1.6369555835221838,0,TRUE
Track_002913,10/09/2025 03:00,10/09/2025 03:00,1,1,/home/users/alyduf25/INSPIRE/outputs/singapore/inference/dep000144/raw_outputs/ami-mini-20250909T200018.jpg,crop_2,nonmoth,Lepidoptera Micros,Tinea pellionella,Erebidae,Manulea,Manulea complana,1.7151903809819986,0,TRUE
Track_002914,10/09/2025 03:02,10/09/2025 03:02,1,1,/home/users/alyduf25/INSPIRE/outputs/singapore/inference/dep000144/raw_outputs/ami-mini-20250909T200219.jpg,crop_1,nonmoth,Diptera Brachycera,,,,,,0,TRUE
Track_002915,10/09/2025 03:20,10/09/2025 03:20,1,1,/home/users/alyduf25/INSPIRE/outputs/singapore/inference/dep000144/raw_outputs/ami-mini-20250909T202028.jpg,crop_1,nonmoth,Lepidoptera Micros,Plutella xylostella,Pterophoridae,Pterophorus,Pterophorus pentadactyla,,0,TRUE
Track_002916,10/09/2025 03:22,10/09/2025 03:22,1,1,/home/users/alyduf25/INSPIRE/outputs/singapore/inference/dep000144/raw_outputs/ami-mini-20250909T202229.jpg,crop_1,nonmoth,Lepidoptera Micros,Phereoeca uterella,Pyralidae,Aglossa,Aglossa caprealis,1.8669998844345683,0,TRUE
Track_002917,10/09/2025 03:26,10/09/2025 03:26,1,1,/home/users/alyduf25/INSPIRE/outputs/singapore/inference/dep000144/raw_outputs/ami-mini-20250909T202631.jpg,crop_1,nonmoth,Lepidoptera Micros,Phereoeca uterella,Erebidae,Manulea,Manulea complana,,0,TRUE
Track_002918,10/09/2025 03:32,10/09/2025 03:32,1,1,/home/users/alyduf25/INSPIRE/outputs/singapore/inference/dep000144/raw_outputs/ami-mini-20250909T203234.jpg,crop_1,moth,Lepidoptera Micros,Phereoeca uterella,Elachistidae,Elachista,Elachista albifrontella,,0,TRUE
Track_002919,10/09/2025 03:48,10/09/2025 03:48,1,1,/home/users/alyduf25/INSPIRE/outputs/singapore/inference/dep000144/raw_outputs/ami-mini-20250909T204842.jpg,crop_1,nonmoth,Diptera Nematocera,,,,,,0,TRUE
Track_002920,10/09/2025 03:52,10/09/2025 03:52,1,1,/home/users/alyduf25/INSPIRE/outputs/singapore/inference/dep000144/raw_outputs/ami-mini-20250909T205244.jpg,crop_1,nonmoth,Diptera Nematocera,,,,,,0,TRUE
Track_002921,10/09/2025 03:58,10/09/2025 03:58,1,1,/home/users/alyduf25/INSPIRE/outputs/singapore/inference/dep000144/raw_outputs/ami-mini-20250909T205847.jpg,crop_1,nonmoth,Diptera Nematocera,,,,,,0,TRUE
Track_002922,10/09/2025 04:04,10/09/2025 04:04,1,1,/home/users/alyduf25/INSPIRE/outputs/singapore/inference/dep000144/raw_outputs/ami-mini-20250909T210450.jpg,crop_1,nonmoth,Diptera Nematocera,,,,,,0,TRUE
Track_002923,10/09/2025 04:04,10/09/2025 04:04,1,1,/home/users/alyduf25/INSPIRE/outputs/singapore/inference/dep000144/raw_outputs/ami-mini-20250909T210450.jpg,crop_2,nonmoth,Diptera Brachycera,,,,,,0,TRUE
Track_002924,10/09/2025 04:04,10/09/2025 04:04,1,1,/home/users/alyduf25/INSPIRE/outputs/singapore/inference/dep000144/raw_outputs/ami-mini-20250909T210450.jpg,crop_3,nonmoth,Lepidoptera Micros,Phereoeca uterella,Tortricidae,Cochylis,Cochylis flaviciliana,,0,TRUE
Track_002925,10/09/2025 04:06,10/09/2025 04:06,1,1,/home/users/alyduf25/INSPIRE/outputs/singapore/inference/dep000144/raw_outputs/ami-mini-20250909T210651.jpg,crop_1,nonmoth,Diptera Nematocera,,,,,,0,TRUE
Track_002926,10/09/2025 04:06,10/09/2025 04:06,1,1,/home/users/alyduf25/INSPIRE/outputs/singapore/inference/dep000144/raw_outputs/ami-mini-20250909T210651.jpg,crop_2,moth,Lepidoptera Micros,Phereoeca uterella,Noctuidae,Conistra,Conistra rubiginosa,1.702282774827624,0,TRUE
Track_002927,10/09/2025 04:10,10/09/2025 04:10,1,1,/home/users/alyduf25/INSPIRE/outputs/singapore/inference/dep000144/raw_outputs/ami-mini-20250909T211053.jpg,crop_1,moth,Diptera Nematocera,Ephestiodes infimella,Pyralidae,Plodia,Plodia interpunctella,,0,TRUE
Track_002928,10/09/2025 04:12,10/09/2025 04:12,1,1,/home/users/alyduf25/INSPIRE/outputs/singapore/inference/dep000144/raw_outputs/ami-mini-20250909T211254.jpg,crop_1,moth,Lepidoptera Micros,Hyposidra talaca,Noctuidae,Noctua,Noctua janthe,1.700875587120774,0,TRUE
Track_002929,10/09/2025 04:16,10/09/2025 04:16,1,1,/home/users/alyduf25/INSPIRE/outputs/singapore/inference/dep000144/raw_outputs/ami-mini-20250909T211656.jpg,crop_1,nonmoth,Diptera Nematocera,,,,,,0,TRUE
Track_002930,10/09/2025 04:16,10/09/2025 04:16,1,1,/home/users/alyduf25/INSPIRE/outputs/singapore/inference/dep000144/raw_outputs/ami-mini-20250909T211656.jpg,crop_2,moth,Lepidoptera Micros,Ephestiodes infimella,Noctuidae,Agrochola,Agrochola lota,,0,TRUE
Track_002931,10/09/2025 04:20,10/09/2025 04:20,1,1,/home/users/alyduf25/INSPIRE/outputs/singapore/inference/dep000144/raw_outputs/ami-mini-20250909T212058.jpg,crop_1,nonmoth,Diptera Brachycera,,,,,,0,TRUE
Track_002932,10/09/2025 04:20,10/09/2025 04:22,2,2,/home/users/alyduf25/INSPIRE/outputs/singapore/inference/dep000144/raw_outputs/ami-mini-20250909T212058.jpg,crop_2,moth,Lepidoptera Micros,Ephestia elutella,Noctuidae,Coenophila,Coenophila subrosea,0.074838933,2.0166666666666666,FALSE
Track_002933,10/09/2025 04:20,10/09/2025 04:20,1,1,/home/users/alyduf25/INSPIRE/outputs/singapore/inference/dep000144/raw_outputs/ami-mini-20250909T212058.jpg,crop_3,nonmoth,Lepidoptera Micros,Endotricha mesenterialis,Papilionidae,Parnassius,Parnassius apollo,,0,TRUE
Track_002934,10/09/2025 04:20,10/09/2025 04:20,1,1,/home/users/alyduf25/INSPIRE/outputs/singapore/inference/dep000144/raw_outputs/ami-mini-20250909T212058.jpg,crop_4,moth,Lepidoptera Micros,Plodia interpunctella,Noctuidae,Coenophila,Coenophila subrosea,,0,TRUE
Track_002935,10/09/2025 04:22,10/09/2025 04:22,1,1,/home/users/alyduf25/INSPIRE/outputs/singapore/inference/dep000144/raw_outputs/ami-mini-20250909T212259.jpg,crop_1,nonmoth,Diptera Nematocera,,,,,,0,TRUE
Track_002936,10/09/2025 04:22,10/09/2025 04:22,1,1,/home/users/alyduf25/INSPIRE/outputs/singapore/inference/dep000144/raw_outputs/ami-mini-20250909T212259.jpg,crop_2,nonmoth,Lepidoptera Micros,Tinea pellionella,Pyralidae,Plodia,Plodia interpunctella,1.631233515351346,0,TRUE
Track_002937,10/09/2025 04:22,10/09/2025 04:22,1,1,/home/users/alyduf25/INSPIRE/outputs/singapore/inference/dep000144/raw_outputs/ami-mini-20250909T212259.jpg,crop_6,nonmoth,Lepidoptera Micros,Tinea pellionella,Noctuidae,Elachista,Elachista albifrontella,1.6537479312813106,0,TRUE
Track_002938,10/09/2025 04:25,10/09/2025 04:25,1,1,/home/users/alyduf25/INSPIRE/outputs/singapore/inference/dep000144/raw_outputs/ami-mini-20250909T212500.jpg,crop_3,nonmoth,Lepidoptera Micros,Phereoeca uterella,Noctuidae,Hofmannophila,Hofmannophila pseudospretella,1.5716792953714196,0,TRUE
Track_002939,10/09/2025 04:27,10/09/2025 04:27,1,1,/home/users/alyduf25/INSPIRE/outputs/singapore/inference/dep000144/raw_outputs/ami-mini-20250909T212701.jpg,crop_1,nonmoth,Lepidoptera Micros,Plodia interpunctella,Noctuidae,Lacanobia,Lacanobia oleracea,1.7221058741594284,0,TRUE
Track_002940,10/09/2025 04:27,10/09/2025 04:29,2,2,/home/users/alyduf25/INSPIRE/outputs/singapore/inference/dep000144/raw_outputs/ami-mini-20250909T212701.jpg,crop_2,moth,Lepidoptera Micros,Herpetogramma phaeopteralis,Noctuidae,Triodia,Triodia sylvina,0.9378561766140489,2.0166666666666666,FALSE
Track_002941,10/09/2025 04:29,10/09/2025 04:29,1,1,/home/users/alyduf25/INSPIRE/outputs/singapore/inference/dep000144/raw_outputs/ami-mini-20250909T212902.jpg,crop_2,nonmoth,Diptera Nematocera,,,,,,0,TRUE
Track_002942,10/09/2025 04:31,10/09/2025 04:31,1,1,/home/users/alyduf25/INSPIRE/outputs/singapore/inference/dep000144/raw_outputs/ami-mini-20250909T213103.jpg,crop_1,moth,Lepidoptera Micros,Ephestiodes infimella,Tortricidae,Acleris,Noctua janthe,1.2301760211311528,0,TRUE
Track_002943,10/09/2025 04:33,10/09/2025 04:33,1,1,/home/users/alyduf25/INSPIRE/outputs/singapore/inference/dep000144/raw_outputs/ami-mini-20250909T213304.jpg,crop_1,nonmoth,Diptera Nematocera,,,,,,0,TRUE
Track_002944,11/09/2025 20:02,11/09/2025 20:04,2,2,/home/users/alyduf25/INSPIRE/outputs/singapore/inference/dep000144/raw_outputs/ami-mini-20250911T130203.jpg,crop_1,nonmoth,Lepidoptera Micros,Tineola bisselliella,Geometridae,Timandra,Timandra comae,0.7208909171735634,2.0166666666666666,FALSE
Track_002945,11/09/2025 21:12,11/09/2025 21:14,2,2,/home/users/alyduf25/INSPIRE/outputs/singapore/inference/dep000144/raw_outputs/ami-mini-20250911T141238.jpg,crop_1,moth,Lepidoptera Micros,Tinea pellionella,Pyralidae,Plodia,Plodia interpunctella,0.1499623265528389,2.0166666666666666,FALSE
Track_002946,11/09/2025 21:36,11/09/2025 21:36,1,1,/home/users/alyduf25/INSPIRE/outputs/singapore/inference/dep000144/raw_outputs/ami-mini-20250911T143650.jpg,crop_1,nonmoth,Lepidoptera Micros,Tinea pellionella,Tineidae,Tinea,Tinea pellionella,,0,TRUE
Track_002947,11/09/2025 21:50,11/09/2025 22:21,16,16,/home/users/alyduf25/INSPIRE/outputs/singapore/inference/dep000144/raw_outputs/ami-mini-20250911T145057.jpg,crop_1,nonmoth,Lepidoptera Micros,Tinea pellionella,Pyralidae,Plodia,Plodia interpunctella,0.3290354585894638,30.25,FALSE
Track_002948,11/09/2025 23:09,11/09/2025 23:09,1,1,/home/users/alyduf25/INSPIRE/outputs/singapore/inference/dep000144/raw_outputs/ami-mini-20250911T160936.jpg,crop_1,nonmoth,Lepidoptera Micros,Tineola bisselliella,Erebidae,Manulea,Manulea complana,,0,TRUE
Track_002949,11/09/2025 23:47,11/09/2025 23:47,1,1,/home/users/alyduf25/INSPIRE/outputs/singapore/inference/dep000144/raw_outputs/ami-mini-20250911T164755.jpg,crop_1,nonmoth,Diptera Nematocera,,,,,,0,TRUE
Track_002950,11/09/2025 23:51,11/09/2025 23:51,1,1,/home/users/alyduf25/INSPIRE/outputs/singapore/inference/dep000144/raw_outputs/ami-mini-20250911T165157.jpg,crop_1,nonmoth,Diptera Brachycera,,,,,,0,TRUE
Track_002951,12/09/2025 00:12,12/09/2025 00:12,1,1,/home/users/alyduf25/INSPIRE/outputs/singapore/inference/dep000144/raw_outputs/ami-mini-20250911T171207.jpg,crop_1,nonmoth,Lepidoptera Micros,Parapoynx allionealis,Depressariidae,Exaeretia,Exaeretia ciniflonella,,0,TRUE
Track_002952,12/09/2025 00:12,12/09/2025 00:12,1,1,/home/users/alyduf25/INSPIRE/outputs/singapore/inference/dep000144/raw_outputs/ami-mini-20250911T171207.jpg,crop_2,nonmoth,Diptera Nematocera,,,,,,0,TRUE
Track_002953,12/09/2025 00:14,12/09/2025 01:16,32,32,/home/users/alyduf25/INSPIRE/outputs/singapore/inference/dep000144/raw_outputs/ami-mini-20250911T171408.jpg,crop_1,nonmoth,Lepidoptera Micros,Endotricha mesenterialis,Noctuidae,Pharmacis,Pharmacis fusconebulosa,0.2445790962010555,62.516666666666666,FALSE
Track_002954,12/09/2025 00:26,12/09/2025 00:26,1,1,/home/users/alyduf25/INSPIRE/outputs/singapore/inference/dep000144/raw_outputs/ami-mini-20250911T172614.jpg,crop_2,nonmoth,Lepidoptera Micros,Phereoeca uterella,Crambidae,Crambus,Crambus pascuella,1.4474638699956983,0,TRUE
Track_002955,12/09/2025 00:28,12/09/2025 00:28,1,1,/home/users/alyduf25/INSPIRE/outputs/singapore/inference/dep000144/raw_outputs/ami-mini-20250911T172815.jpg,crop_1,nonmoth,Diptera Nematocera,,,,,,0,TRUE
Track_002956,12/09/2025 00:34,12/09/2025 00:34,1,1,/home/users/alyduf25/INSPIRE/outputs/singapore/inference/dep000144/raw_outputs/ami-mini-20250911T173418.jpg,crop_3,nonmoth,Lepidoptera Micros,Ephestiodes infimella,Noctuidae,Coenophila,Coenophila subrosea,1.5869352174770954,0,TRUE
Track_002957,12/09/2025 01:24,12/09/2025 01:24,1,1,/home/users/alyduf25/INSPIRE/outputs/singapore/inference/dep000144/raw_outputs/ami-mini-20250911T182443.jpg,crop_2,nonmoth,Lepidoptera Micros,Phereoeca uterella,Notodontidae,Drymonia,Drymonia obliterata,,0,TRUE
Track_002958,12/09/2025 01:26,12/09/2025 01:28,2,2,/home/users/alyduf25/INSPIRE/outputs/singapore/inference/dep000144/raw_outputs/ami-mini-20250911T182644.jpg,crop_1,nonmoth,Lepidoptera Micros,Tinea pellionella,Lasiocampidae,Lasiocampa,Lasiocampa trifolii,0.832422039,2.0166666666666666,FALSE
Track_002959,12/09/2025 01:32,12/09/2025 01:32,1,1,/home/users/alyduf25/INSPIRE/outputs/singapore/inference/dep000144/raw_outputs/ami-mini-20250911T183247.jpg,crop_1,nonmoth,Lepidoptera Micros,Cryptothelea gloverii,Lasiocampidae,Lasiocampa,Lasiocampa trifolii,,0,TRUE
Track_002960,12/09/2025 01:46,12/09/2025 01:46,1,1,/home/users/alyduf25/INSPIRE/outputs/singapore/inference/dep000144/raw_outputs/ami-mini-20250911T184654.jpg,crop_2,nonmoth,Lepidoptera Micros,Tinea pellionella,Noctuidae,Bucculatrix,Lasiocampa trifolii,,0,TRUE
Track_002961,12/09/2025 01:52,12/09/2025 01:52,1,1,/home/users/alyduf25/INSPIRE/outputs/singapore/inference/dep000144/raw_outputs/ami-mini-20250911T185257.jpg,crop_1,nonmoth,Lepidoptera Micros,Hypena lividalis,Noctuidae,Plodia,Plodia interpunctella,,0,TRUE
Track_002962,12/09/2025 01:52,12/09/2025 02:01,5,5,/home/users/alyduf25/INSPIRE/outputs/singapore/inference/dep000144/raw_outputs/ami-mini-20250911T185257.jpg,crop_3,nonmoth,Lepidoptera Micros,Tinea pellionella,Noctuidae,Lasiocampa,Lasiocampa trifolii,0.2633348088460803,8.066666666666666,FALSE
Track_002963,12/09/2025 01:54,12/09/2025 01:54,1,1,/home/users/alyduf25/INSPIRE/outputs/singapore/inference/dep000144/raw_outputs/ami-mini-20250911T185458.jpg,crop_1,nonmoth,Lepidoptera Micros,Phereoeca uterella,Tortricidae,Cochylis,Cochylis flaviciliana,1.975773656605199,0,TRUE
Track_002964,12/09/2025 02:03,12/09/2025 02:23,11,11,/home/users/alyduf25/INSPIRE/outputs/singapore/inference/dep000144/raw_outputs/ami-mini-20250911T190302.jpg,crop_1,moth,Lepidoptera Micros,Doloessa viridis,Noctuidae,Pyropteron,Pyropteron chrysidiforme,0.3062414515648401,20.166666666666668,FALSE
Track_002965,12/09/2025 02:05,12/09/2025 02:05,1,1,/home/users/alyduf25/INSPIRE/outputs/singapore/inference/dep000144/raw_outputs/ami-mini-20250911T190503.jpg,crop_2,nonmoth,Lepidoptera Micros,Plodia interpunctella,Geometridae,Eupsilia,Eupsilia transversa,2.2366744392768734,0,TRUE
Track_002966,12/09/2025 02:07,12/09/2025 02:07,1,1,/home/users/alyduf25/INSPIRE/outputs/singapore/inference/dep000144/raw_outputs/ami-mini-20250911T190704.jpg,crop_2,nonmoth,Diptera Nematocera,,,,,,0,TRUE
Track_002967,12/09/2025 02:09,12/09/2025 02:09,1,1,/home/users/alyduf25/INSPIRE/outputs/singapore/inference/dep000144/raw_outputs/ami-mini-20250911T190905.jpg,crop_1,nonmoth,Diptera Brachycera,,,,,,0,TRUE
Track_002968,12/09/2025 02:13,12/09/2025 02:13,1,1,/home/users/alyduf25/INSPIRE/outputs/singapore/inference/dep000144/raw_outputs/ami-mini-20250911T191307.jpg,crop_2,nonmoth,Diptera Nematocera,,,,,,0,TRUE
Track_002969,12/09/2025 02:13,12/09/2025 02:13,1,1,/home/users/alyduf25/INSPIRE/outputs/singapore/inference/dep000144/raw_outputs/ami-mini-20250911T191307.jpg,crop_3,moth,Lepidoptera Micros,Polypogon biasalis,Noctuidae,Papestra,Papestra biren,2.0339398820900945,0,TRUE
Track_002970,12/09/2025 02:15,12/09/2025 02:15,1,1,/home/users/alyduf25/INSPIRE/outputs/singapore/inference/dep000144/raw_outputs/ami-mini-20250911T191508.jpg,crop_2,nonmoth,Lepidoptera Micros,Ephestiodes infimella,Bucculatricidae,Bucculatrix,Bucculatrix ulmella,1.2405973261272332,0,TRUE
Track_002971,12/09/2025 02:19,12/09/2025 02:19,1,1,/home/users/alyduf25/INSPIRE/outputs/singapore/inference/dep000144/raw_outputs/ami-mini-20250911T191910.jpg,crop_2,nonmoth,Diptera Nematocera,,,,,,0,TRUE
Track_002972,12/09/2025 02:21,12/09/2025 02:21,1,1,/home/users/alyduf25/INSPIRE/outputs/singapore/inference/dep000144/raw_outputs/ami-mini-20250911T192111.jpg,crop_2,nonmoth,Diptera Brachycera,,,,,,0,TRUE
Track_002973,12/09/2025 02:21,12/09/2025 02:21,1,1,/home/users/alyduf25/INSPIRE/outputs/singapore/inference/dep000144/raw_outputs/ami-mini-20250911T192111.jpg,crop_3,moth,Lepidoptera Micros,Herpetogramma phaeopteralis,Geometridae,Cyclophora,Cyclophora pendularia,1.806124431,0,TRUE
Track_002974,12/09/2025 02:23,12/09/2025 02:25,2,2,/home/users/alyduf25/INSPIRE/outputs/singapore/inference/dep000144/raw_outputs/ami-mini-20250911T192312.jpg,crop_2,nonmoth,Lepidoptera Micros,Phereoeca uterella,Tortricidae,Anthocharis,Anthocharis cardamines,1.0048232602297902,2.0166666666666666,FALSE
Track_002975,12/09/2025 02:27,12/09/2025 02:27,1,1,/home/users/alyduf25/INSPIRE/outputs/singapore/inference/dep000144/raw_outputs/ami-mini-20250911T192714.jpg,crop_1,moth,Lepidoptera Micros,Imma mylias,Nolidae,Nycteola,Nycteola degenerana,2.228721259,0,TRUE
Track_002976,12/09/2025 02:33,12/09/2025 02:33,1,1,/home/users/alyduf25/INSPIRE/outputs/singapore/inference/dep000144/raw_outputs/ami-mini-20250911T193317.jpg,crop_1,moth,Lepidoptera Micros,Plodia interpunctella,Lasiocampidae,Lasiocampa,Lasiocampa trifolii,,0,TRUE
Track_002977,12/09/2025 02:39,12/09/2025 02:41,2,2,/home/users/alyduf25/INSPIRE/outputs/singapore/inference/dep000144/raw_outputs/ami-mini-20250911T193920.jpg,crop_1,nonmoth,Lepidoptera Micros,Plodia interpunctella,Tortricidae,Apotomis,Apotomis infida,0.1598646283719147,2.0166666666666666,FALSE
Track_002978,12/09/2025 02:43,12/09/2025 02:43,1,1,/home/users/alyduf25/INSPIRE/outputs/singapore/inference/dep000144/raw_outputs/ami-mini-20250911T194322.jpg,crop_2,nonmoth,Diptera Nematocera,,,,,,0,TRUE
Track_002979,12/09/2025 02:49,12/09/2025 02:49,1,1,/home/users/alyduf25/INSPIRE/outputs/singapore/inference/dep000144/raw_outputs/ami-mini-20250911T194925.jpg,crop_1,nonmoth,Diptera Brachycera,,,,,,0,TRUE
Track_002980,12/09/2025 02:51,12/09/2025 02:51,1,1,/home/users/alyduf25/INSPIRE/outputs/singapore/inference/dep000144/raw_outputs/ami-mini-20250911T195126.jpg,crop_1,nonmoth,Lepidoptera Micros,Phereoeca uterella,Hepialidae,Triodia,Triodia sylvina,,0,TRUE
Track_002981,12/09/2025 02:55,12/09/2025 02:55,1,1,/home/users/alyduf25/INSPIRE/outputs/singapore/inference/dep000144/raw_outputs/ami-mini-20250911T195528.jpg,crop_1,nonmoth,Lepidoptera Micros,Phereoeca uterella,Blastobasidae,Blastobasis,Blastobasis glandulella,,0,TRUE
Track_002982,12/09/2025 02:59,12/09/2025 02:59,1,1,/home/users/alyduf25/INSPIRE/outputs/singapore/inference/dep000144/raw_outputs/ami-mini-20250911T195930.jpg,crop_1,nonmoth,Diptera Nematocera,,,,,,0,TRUE
Track_002983,12/09/2025 03:07,12/09/2025 03:07,1,1,/home/users/alyduf25/INSPIRE/outputs/singapore/inference/dep000144/raw_outputs/ami-mini-20250911T200734.jpg,crop_1,nonmoth,Lepidoptera Micros,Plodia interpunctella,Geometridae,Plodia,Plodia interpunctella,,0,TRUE
Track_002984,12/09/2025 03:25,12/09/2025 03:25,1,1,/home/users/alyduf25/INSPIRE/outputs/singapore/inference/dep000144/raw_outputs/ami-mini-20250911T202543.jpg,crop_1,nonmoth,Diptera Brachycera,,,,,,0,TRUE
Track_002985,12/09/2025 03:27,12/09/2025 03:27,1,1,/home/users/alyduf25/INSPIRE/outputs/singapore/inference/dep000144/raw_outputs/ami-mini-20250911T202744.jpg,crop_1,nonmoth,Diptera Nematocera,,,,,,0,TRUE
Track_002986,12/09/2025 03:33,12/09/2025 03:33,1,1,/home/users/alyduf25/INSPIRE/outputs/singapore/inference/dep000144/raw_outputs/ami-mini-20250911T203347.jpg,crop_1,nonmoth,Lepidoptera Micros,Tinea pellionella,Pyralidae,Plodia,Plodia interpunctella,,0,TRUE
Track_002987,12/09/2025 03:33,12/09/2025 03:33,1,1,/home/users/alyduf25/INSPIRE/outputs/singapore/inference/dep000144/raw_outputs/ami-mini-20250911T203347.jpg,crop_2,nonmoth,Lepidoptera Micros,Plodia interpunctella,Nymphalidae,Mellicta,Mellicta parthenoides,,0,TRUE
Track_002988,12/09/2025 03:35,12/09/2025 03:35,1,1,/home/users/alyduf25/INSPIRE/outputs/singapore/inference/dep000144/raw_outputs/ami-mini-20250911T203548.jpg,crop_1,nonmoth,Lepidoptera Micros,Tineola bisselliella,Elachistidae,Elachista,Elachista argentella,1.462846893342306,0,TRUE
Track_002989,12/09/2025 03:35,12/09/2025 03:35,1,1,/home/users/alyduf25/INSPIRE/outputs/singapore/inference/dep000144/raw_outputs/ami-mini-20250911T203548.jpg,crop_2,nonmoth,Lepidoptera Micros,Cyclophora obstataria,Tineidae,Nemapogon,Nemapogon granella,1.2301713859912309,0,TRUE
Track_002990,12/09/2025 03:37,12/09/2025 03:37,1,1,/home/users/alyduf25/INSPIRE/outputs/singapore/inference/dep000144/raw_outputs/ami-mini-20250911T203749.jpg,crop_1,nonmoth,Lepidoptera Micros,Tinea pellionella,Geometridae,Xanthorhoe,Xanthorhoe quadrifasiata,1.5506323012026977,0,TRUE
Track_002991,12/09/2025 03:37,12/09/2025 03:37,1,1,/home/users/alyduf25/INSPIRE/outputs/singapore/inference/dep000144/raw_outputs/ami-mini-20250911T203749.jpg,crop_2,nonmoth,Lepidoptera Micros,Plodia interpunctella,Pyralidae,Plodia,Plodia interpunctella,1.184253344382734,0,TRUE
Track_002992,12/09/2025 03:37,12/09/2025 03:37,1,1,/home/users/alyduf25/INSPIRE/outputs/singapore/inference/dep000144/raw_outputs/ami-mini-20250911T203749.jpg,crop_3,nonmoth,Lepidoptera Micros,Tinea pellionella,Pyralidae,Plodia,Plodia interpunctella,1.3761227583175206,0,TRUE
Track_002993,12/09/2025 03:41,12/09/2025 03:41,1,1,/home/users/alyduf25/INSPIRE/outputs/singapore/inference/dep000144/raw_outputs/ami-mini-20250911T204151.jpg,crop_1,nonmoth,Diptera Nematocera,,,,,,0,TRUE
Track_002994,12/09/2025 03:41,12/09/2025 03:43,2,2,/home/users/alyduf25/INSPIRE/outputs/singapore/inference/dep000144/raw_outputs/ami-mini-20250911T204151.jpg,crop_2,nonmoth,Lepidoptera Micros,Phereoeca uterella,Tortricidae,Cydia,Cydia pomonella,0.2133628604866655,2.0166666666666666,FALSE
Track_002995,12/09/2025 03:41,12/09/2025 03:41,1,1,/home/users/alyduf25/INSPIRE/outputs/singapore/inference/dep000144/raw_outputs/ami-mini-20250911T204151.jpg,crop_3,nonmoth,Diptera Brachycera,,,,,,0,TRUE
Track_002996,12/09/2025 03:41,12/09/2025 03:41,1,1,/home/users/alyduf25/INSPIRE/outputs/singapore/inference/dep000144/raw_outputs/ami-mini-20250911T204151.jpg,crop_4,nonmoth,Diptera Nematocera,,,,,,0,TRUE
Track_002997,12/09/2025 03:43,12/09/2025 03:43,1,1,/home/users/alyduf25/INSPIRE/outputs/singapore/inference/dep000144/raw_outputs/ami-mini-20250911T204352.jpg,crop_2,nonmoth,Diptera Brachycera,,,,,,0,TRUE
Track_002998,12/09/2025 03:45,12/09/2025 03:45,1,1,/home/users/alyduf25/INSPIRE/outputs/singapore/inference/dep000144/raw_outputs/ami-mini-20250911T204553.jpg,crop_1,nonmoth,Diptera Nematocera,,,,,,0,TRUE
Track_002999,12/09/2025 03:45,12/09/2025 03:45,1,1,/home/users/alyduf25/INSPIRE/outputs/singapore/inference/dep000144/raw_outputs/ami-mini-20250911T204553.jpg,crop_3,nonmoth,Diptera Brachycera,,,,,,0,TRUE
Track_003000,12/09/2025 03:47,12/09/2025 03:47,1,1,/home/users/alyduf25/INSPIRE/outputs/singapore/inference/dep000144/raw_outputs/ami-mini-20250911T204754.jpg,crop_1,nonmoth,Diptera Nematocera,,,,,,0,TRUE
Track_003001,12/09/2025 03:47,12/09/2025 03:47,1,1,/home/users/alyduf25/INSPIRE/outputs/singapore/inference/dep000144/raw_outputs/ami-mini-20250911T204754.jpg,crop_2,nonmoth,Lepidoptera Micros,Plodia interpunctella,Noctuidae,Plodia,Plodia interpunctella,,0,TRUE
Track_003002,12/09/2025 03:49,12/09/2025 03:49,1,1,/home/users/alyduf25/INSPIRE/outputs/singapore/inference/dep000144/raw_outputs/ami-mini-20250911T204955.jpg,crop_1,nonmoth,Lepidoptera Micros,Tinea pellionella,Pyralidae,Plodia,Plodia interpunctella,1.4824618425895917,0,TRUE
Track_003003,12/09/2025 03:49,12/09/2025 03:53,3,3,/home/users/alyduf25/INSPIRE/outputs/singapore/inference/dep000144/raw_outputs/ami-mini-20250911T204955.jpg,crop_3,nonmoth,Lepidoptera Micros,Phereoeca uterella,Pyralidae,Plodia,Plodia interpunctella,0.9466123597834164,4.033333333333333,FALSE
Track_003004,12/09/2025 03:49,12/09/2025 03:49,1,1,/home/users/alyduf25/INSPIRE/outputs/singapore/inference/dep000144/raw_outputs/ami-mini-20250911T204955.jpg,crop_4,nonmoth,Lepidoptera Micros,Phereoeca uterella,Oecophoridae,Hofmannophila,Hofmannophila pseudospretella,1.6405927172420942,0,TRUE
Track_003005,12/09/2025 03:51,12/09/2025 03:51,1,1,/home/users/alyduf25/INSPIRE/outputs/singapore/inference/dep000144/raw_outputs/ami-mini-20250911T205156.jpg,crop_1,nonmoth,Lepidoptera Micros,Cryptothelea gloverii,Erebidae,Manulea,Manulea complana,1.1718011871946612,0,TRUE
Track_003006,12/09/2025 03:51,12/09/2025 03:51,1,1,/home/users/alyduf25/INSPIRE/outputs/singapore/inference/dep000144/raw_outputs/ami-mini-20250911T205156.jpg,crop_3,nonmoth,Lepidoptera Micros,Phereoeca uterella,Erebidae,Collita,Collita griseola,1.5988706171552771,0,TRUE
Track_003007,12/09/2025 03:51,12/09/2025 03:51,1,1,/home/users/alyduf25/INSPIRE/outputs/singapore/inference/dep000144/raw_outputs/ami-mini-20250911T205156.jpg,crop_4,nonmoth,Diptera Nematocera,,,,,,0,TRUE
Track_003008,12/09/2025 03:53,12/09/2025 03:53,1,1,/home/users/alyduf25/INSPIRE/outputs/singapore/inference/dep000144/raw_outputs/ami-mini-20250911T205357.jpg,crop_1,nonmoth,Lepidoptera Micros,Trilocha varians,Pieridae,Anthocharis,Anthocharis cardamines,1.549876694,0,TRUE
Track_003009,12/09/2025 03:53,12/09/2025 03:53,1,1,/home/users/alyduf25/INSPIRE/outputs/singapore/inference/dep000144/raw_outputs/ami-mini-20250911T205357.jpg,crop_2,nonmoth,Lepidoptera Micros,Parapoynx allionealis,Pyralidae,Plodia,Plodia interpunctella,1.064701237963706,0,TRUE
Track_003010,12/09/2025 03:53,12/09/2025 03:53,1,1,/home/users/alyduf25/INSPIRE/outputs/singapore/inference/dep000144/raw_outputs/ami-mini-20250911T205357.jpg,crop_3,nonmoth,Lepidoptera Micros,Plodia interpunctella,Geometridae,Tetheella,Tetheella fluctuosa,1.6266670528853535,0,TRUE
Track_003011,12/09/2025 03:55,12/09/2025 03:55,1,1,/home/users/alyduf25/INSPIRE/outputs/singapore/inference/dep000144/raw_outputs/ami-mini-20250911T205558.jpg,crop_1,nonmoth,Diptera Brachycera,,,,,,0,TRUE
Track_003012,12/09/2025 03:55,12/09/2025 03:57,2,2,/home/users/alyduf25/INSPIRE/outputs/singapore/inference/dep000144/raw_outputs/ami-mini-20250911T205558.jpg,crop_2,nonmoth,Lepidoptera Micros,Herpetogramma phaeopteralis,Hepialidae,Triodia,Triodia sylvina,1.0310046872299818,2.0166666666666666,FALSE
Track_003013,12/09/2025 03:55,12/09/2025 03:55,1,1,/home/users/alyduf25/INSPIRE/outputs/singapore/inference/dep000144/raw_outputs/ami-mini-20250911T205558.jpg,crop_4,nonmoth,Lepidoptera Micros,Phereoeca uterella,Noctuidae,Hecatera,Hecatera dysodea,1.409270717306391,0,TRUE
Track_003014,12/09/2025 03:55,12/09/2025 03:55,1,1,/home/users/alyduf25/INSPIRE/outputs/singapore/inference/dep000144/raw_outputs/ami-mini-20250911T205558.jpg,crop_5,nonmoth,Lepidoptera Micros,Tinea pellionella,Crambidae,Crambus,Crambus perlellus,1.5391319558105303,0,TRUE
Track_003015,12/09/2025 03:57,12/09/2025 03:57,1,1,/home/users/alyduf25/INSPIRE/outputs/singapore/inference/dep000144/raw_outputs/ami-mini-20250911T205759.jpg,crop_1,nonmoth,Lepidoptera Micros,Plodia interpunctella,Pyralidae,Plodia,Plodia interpunctella,1.186833191319891,0,TRUE
Track_003016,12/09/2025 03:57,12/09/2025 03:57,1,1,/home/users/alyduf25/INSPIRE/outputs/singapore/inference/dep000144/raw_outputs/ami-mini-20250911T205759.jpg,crop_2,nonmoth,Diptera Nematocera,,,,,,0,TRUE
Track_003017,12/09/2025 03:57,12/09/2025 03:57,1,1,/home/users/alyduf25/INSPIRE/outputs/singapore/inference/dep000144/raw_outputs/ami-mini-20250911T205759.jpg,crop_3,nonmoth,Diptera Nematocera,,,,,,0,TRUE
Track_003018,12/09/2025 04:00,12/09/2025 04:00,1,1,/home/users/alyduf25/INSPIRE/outputs/singapore/inference/dep000144/raw_outputs/ami-mini-20250911T210000.jpg,crop_1,nonmoth,Diptera Nematocera,,,,,,0,TRUE
Track_003019,12/09/2025 04:00,12/09/2025 04:00,1,1,/home/users/alyduf25/INSPIRE/outputs/singapore/inference/dep000144/raw_outputs/ami-mini-20250911T210000.jpg,crop_2,nonmoth,Diptera Nematocera,,,,,,0,TRUE
Track_003020,12/09/2025 04:00,12/09/2025 04:00,1,1,/home/users/alyduf25/INSPIRE/outputs/singapore/inference/dep000144/raw_outputs/ami-mini-20250911T210000.jpg,crop_5,nonmoth,Lepidoptera Micros,Ephestiodes infimella,Pyralidae,Plodia,Plodia interpunctella,1.4078269157646135,0,TRUE
Track_003021,12/09/2025 04:02,12/09/2025 04:02,1,1,/home/users/alyduf25/INSPIRE/outputs/singapore/inference/dep000144/raw_outputs/ami-mini-20250911T210201.jpg,crop_1,nonmoth,Diptera Nematocera,,,,,,0,TRUE
Track_003022,12/09/2025 04:02,12/09/2025 04:02,1,1,/home/users/alyduf25/INSPIRE/outputs/singapore/inference/dep000144/raw_outputs/ami-mini-20250911T210201.jpg,crop_2,nonmoth,Diptera Nematocera,,,,,,0,TRUE
Track_003023,12/09/2025 04:02,12/09/2025 04:02,1,1,/home/users/alyduf25/INSPIRE/outputs/singapore/inference/dep000144/raw_outputs/ami-mini-20250911T210201.jpg,crop_4,nonmoth,Lepidoptera Micros,Phereoeca uterella,Depressariidae,Exaeretia,Exaeretia ciniflonella,1.4481208678743387,0,TRUE
Track_003024,12/09/2025 04:02,12/09/2025 04:02,1,1,/home/users/alyduf25/INSPIRE/outputs/singapore/inference/dep000144/raw_outputs/ami-mini-20250911T210201.jpg,crop_5,nonmoth,Lepidoptera Micros,Phereoeca uterella,Erebidae,Idaea,Idaea aversata,1.7462461558020437,0,TRUE
Track_003025,12/09/2025 04:04,12/09/2025 04:04,1,1,/home/users/alyduf25/INSPIRE/outputs/singapore/inference/dep000144/raw_outputs/ami-mini-20250911T210402.jpg,crop_1,nonmoth,Diptera Brachycera,,,,,,0,TRUE
Track_003026,12/09/2025 04:04,12/09/2025 04:04,1,1,/home/users/alyduf25/INSPIRE/outputs/singapore/inference/dep000144/raw_outputs/ami-mini-20250911T210402.jpg,crop_2,nonmoth,Diptera Nematocera,,,,,,0,TRUE
Track_003027,12/09/2025 04:04,12/09/2025 04:04,1,1,/home/users/alyduf25/INSPIRE/outputs/singapore/inference/dep000144/raw_outputs/ami-mini-20250911T210402.jpg,crop_5,nonmoth,Diptera Brachycera,,,,,,0,TRUE
Track_003028,12/09/2025 04:06,12/09/2025 04:06,1,1,/home/users/alyduf25/INSPIRE/outputs/singapore/inference/dep000144/raw_outputs/ami-mini-20250911T210603.jpg,crop_1,moth,Lepidoptera Micros,Negeta contrariata,Tortricidae,Pandemis,Pandemis heparana,,0,TRUE
Track_003029,12/09/2025 04:06,12/09/2025 04:06,1,1,/home/users/alyduf25/INSPIRE/outputs/singapore/inference/dep000144/raw_outputs/ami-mini-20250911T210603.jpg,crop_2,nonmoth,Lepidoptera Micros,Tinea pellionella,Pyralidae,Bucculatrix,Bucculatrix ulmella,,0,TRUE
Track_003030,12/09/2025 04:08,12/09/2025 04:08,1,1,/home/users/alyduf25/INSPIRE/outputs/singapore/inference/dep000144/raw_outputs/ami-mini-20250911T210804.jpg,crop_1,nonmoth,Diptera Brachycera,,,,,,0,TRUE
Track_003031,12/09/2025 04:08,12/09/2025 04:08,1,1,/home/users/alyduf25/INSPIRE/outputs/singapore/inference/dep000144/raw_outputs/ami-mini-20250911T210804.jpg,crop_2,nonmoth,Lepidoptera Micros,Phereoeca uterella,Pyralidae,Aglossa,Aglossa caprealis,1.7995816655689407,0,TRUE
Track_003032,12/09/2025 04:10,12/09/2025 04:10,1,1,/home/users/alyduf25/INSPIRE/outputs/singapore/inference/dep000144/raw_outputs/ami-mini-20250911T211005.jpg,crop_1,nonmoth,Lepidoptera Micros,Phereoeca uterella,Pyralidae,Plodia,Plodia interpunctella,1.3616054064503451,0,TRUE
Track_003033,12/09/2025 04:10,12/09/2025 04:10,1,1,/home/users/alyduf25/INSPIRE/outputs/singapore/inference/dep000144/raw_outputs/ami-mini-20250911T211005.jpg,crop_3,nonmoth,Diptera Nematocera,,,,,,0,TRUE
Track_003034,12/09/2025 04:12,12/09/2025 04:12,1,1,/home/users/alyduf25/INSPIRE/outputs/singapore/inference/dep000144/raw_outputs/ami-mini-20250911T211206.jpg,crop_1,nonmoth,Lepidoptera Micros,Phereoeca uterella,Pyralidae,Plodia,Plodia interpunctella,1.4358965108880053,0,TRUE
Track_003035,12/09/2025 04:12,12/09/2025 04:12,1,1,/home/users/alyduf25/INSPIRE/outputs/singapore/inference/dep000144/raw_outputs/ami-mini-20250911T211206.jpg,crop_3,nonmoth,Lepidoptera Micros,Phereoeca uterella,Incurvariidae,Incurvaria,Incurvaria masculella,1.309942632,0,TRUE
Track_003036,12/09/2025 04:14,12/09/2025 04:14,1,1,/home/users/alyduf25/INSPIRE/outputs/singapore/inference/dep000144/raw_outputs/ami-mini-20250911T211407.jpg,crop_1,nonmoth,Diptera Nematocera,,,,,,0,TRUE
Track_003037,12/09/2025 04:14,12/09/2025 04:14,1,1,/home/users/alyduf25/INSPIRE/outputs/singapore/inference/dep000144/raw_outputs/ami-mini-20250911T211407.jpg,crop_2,nonmoth,Lepidoptera Micros,Phereoeca uterella,Noctuidae,Plodia,Plodia interpunctella,1.5349564589909417,0,TRUE
Track_003038,12/09/2025 04:14,12/09/2025 04:14,1,1,/home/users/alyduf25/INSPIRE/outputs/singapore/inference/dep000144/raw_outputs/ami-mini-20250911T211407.jpg,crop_3,nonmoth,Lepidoptera Micros,Tineola bisselliella,Pyralidae,Plodia,Plodia interpunctella,1.4570386699032578,0,TRUE
Track_003039,12/09/2025 04:14,12/09/2025 04:14,1,1,/home/users/alyduf25/INSPIRE/outputs/singapore/inference/dep000144/raw_outputs/ami-mini-20250911T211407.jpg,crop_5,nonmoth,Lepidoptera Micros,Hypsopygia costalis,Pyralidae,Plodia,Plodia interpunctella,1.6073729317859144,0,TRUE
Track_003040,12/09/2025 04:16,12/09/2025 04:16,1,1,/home/users/alyduf25/INSPIRE/outputs/singapore/inference/dep000144/raw_outputs/ami-mini-20250911T211608.jpg,crop_1,nonmoth,Diptera Nematocera,,,,,,0,TRUE
Track_003041,12/09/2025 04:16,12/09/2025 04:16,1,1,/home/users/alyduf25/INSPIRE/outputs/singapore/inference/dep000144/raw_outputs/ami-mini-20250911T211608.jpg,crop_2,nonmoth,Diptera Nematocera,,,,,,0,TRUE
Track_003042,12/09/2025 04:16,12/09/2025 04:16,1,1,/home/users/alyduf25/INSPIRE/outputs/singapore/inference/dep000144/raw_outputs/ami-mini-20250911T211608.jpg,crop_3,nonmoth,Lepidoptera Micros,Tinea pellionella,Noctuidae,Bucculatrix,Bucculatrix thoracella,1.3857161543828536,0,TRUE
Track_003043,12/09/2025 04:18,12/09/2025 04:18,1,1,/home/users/alyduf25/INSPIRE/outputs/singapore/inference/dep000144/raw_outputs/ami-mini-20250911T211809.jpg,crop_1,nonmoth,Diptera Brachycera,,,,,,0,TRUE
Track_003044,12/09/2025 04:18,12/09/2025 04:18,1,1,/home/users/alyduf25/INSPIRE/outputs/singapore/inference/dep000144/raw_outputs/ami-mini-20250911T211809.jpg,crop_2,nonmoth,Diptera Nematocera,,,,,,0,TRUE
Track_003045,12/09/2025 04:18,12/09/2025 04:18,1,1,/home/users/alyduf25/INSPIRE/outputs/singapore/inference/dep000144/raw_outputs/ami-mini-20250911T211809.jpg,crop_3,nonmoth,Diptera Brachycera,,,,,,0,TRUE
Track_003046,12/09/2025 04:20,12/09/2025 04:20,1,1,/home/users/alyduf25/INSPIRE/outputs/singapore/inference/dep000144/raw_outputs/ami-mini-20250911T212010.jpg,crop_1,nonmoth,Lepidoptera Micros,Phereoeca uterella,Erebidae,Sphrageidus,Sphrageidus similis,,0,TRUE
Track_003047,12/09/2025 04:20,12/09/2025 04:20,1,1,/home/users/alyduf25/INSPIRE/outputs/singapore/inference/dep000144/raw_outputs/ami-mini-20250911T212010.jpg,crop_2,nonmoth,Diptera Nematocera,,,,,,0,TRUE
Track_003048,12/09/2025 04:22,12/09/2025 04:22,1,1,/home/users/alyduf25/INSPIRE/outputs/singapore/inference/dep000144/raw_outputs/ami-mini-20250911T212211.jpg,crop_1,nonmoth,Lepidoptera Micros,Ephestiodes infimella,Pyralidae,Pyralis,Pyralis cardinalis,1.363378789875352,0,TRUE
Track_003049,12/09/2025 04:22,12/09/2025 04:22,1,1,/home/users/alyduf25/INSPIRE/outputs/singapore/inference/dep000144/raw_outputs/ami-mini-20250911T212211.jpg,crop_2,nonmoth,Diptera Brachycera,,,,,,0,TRUE
Track_003050,12/09/2025 04:26,12/09/2025 04:26,1,1,/home/users/alyduf25/INSPIRE/outputs/singapore/inference/dep000144/raw_outputs/ami-mini-20250911T212613.jpg,crop_1,nonmoth,Diptera Brachycera,,,,,,0,TRUE
Track_003051,12/09/2025 04:30,12/09/2025 04:30,1,1,/home/users/alyduf25/INSPIRE/outputs/singapore/inference/dep000144/raw_outputs/ami-mini-20250911T213015.jpg,crop_1,nonmoth,Diptera Nematocera,,,,,,0,TRUE
Track_003052,12/09/2025 04:30,12/09/2025 04:30,1,1,/home/users/alyduf25/INSPIRE/outputs/singapore/inference/dep000144/raw_outputs/ami-mini-20250911T213015.jpg,crop_2,nonmoth,Lepidoptera Micros,Tinea pellionella,Geometridae,Xanthorhoe,Xanthorhoe quadrifasiata,,0,TRUE
Track_003053,12/09/2025 04:32,12/09/2025 04:32,1,1,/home/users/alyduf25/INSPIRE/outputs/singapore/inference/dep000144/raw_outputs/ami-mini-20250911T213216.jpg,crop_1,nonmoth,Diptera Brachycera,,,,,,0,TRUE
Track_003054,13/09/2025 20:21,13/09/2025 20:29,5,5,/home/users/alyduf25/INSPIRE/outputs/singapore/inference/dep000144/raw_outputs/ami-mini-20250913T132125.jpg,crop_1,nonmoth,Lepidoptera Macros,Trilocha varians,Geometridae,Orthotelia,Orthotelia sparganella,0.3303981944902326,8.066666666666666,FALSE
Track_003055,13/09/2025 20:31,13/09/2025 20:31,1,1,/home/users/alyduf25/INSPIRE/outputs/singapore/inference/dep000144/raw_outputs/ami-mini-20250913T133130.jpg,crop_1,nonmoth,Lepidoptera Macros,Theretra latreillii,Nymphalidae,Boloria,Boloria thore,1.175890237946703,0,TRUE
Track_003056,13/09/2025 20:31,13/09/2025 20:31,1,1,/home/users/alyduf25/INSPIRE/outputs/singapore/inference/dep000144/raw_outputs/ami-mini-20250913T133130.jpg,crop_2,moth,Lepidoptera Macros,Trilocha varians,Noctuidae,Eucarta,Eucarta virgo,2.5893366336116457,0,TRUE
Track_003057,13/09/2025 20:33,13/09/2025 20:39,4,4,/home/users/alyduf25/INSPIRE/outputs/singapore/inference/dep000144/raw_outputs/ami-mini-20250913T133331.jpg,crop_1,nonmoth,Lepidoptera Macros,Parapoynx crisonalis,Pieridae,Anthocharis,Anthocharis cardamines,0.5877955340905583,6.05,FALSE
Track_003058,13/09/2025 20:37,13/09/2025 20:37,1,1,/home/users/alyduf25/INSPIRE/outputs/singapore/inference/dep000144/raw_outputs/ami-mini-20250913T133733.jpg,crop_2,moth,Lepidoptera Macros,Trilocha varians,Geometridae,Idaea,Anania hortulata,2.423570357954566,0,TRUE
Track_003059,13/09/2025 20:39,13/09/2025 20:39,1,1,/home/users/alyduf25/INSPIRE/outputs/singapore/inference/dep000144/raw_outputs/ami-mini-20250913T133934.jpg,crop_2,moth,Lepidoptera Macros,Trilocha varians,Noctuidae,Hofmannophila,Hofmannophila pseudospretella,1.5670221255351209,0,TRUE
Track_003060,13/09/2025 20:41,13/09/2025 20:41,1,1,/home/users/alyduf25/INSPIRE/outputs/singapore/inference/dep000144/raw_outputs/ami-mini-20250913T134135.jpg,crop_1,nonmoth,Lepidoptera Macros,Trilocha varians,Geometridae,Orthotelia,Orthotelia sparganella,1.301319231438886,0,TRUE
Track_003061,13/09/2025 21:07,13/09/2025 21:09,2,2,/home/users/alyduf25/INSPIRE/outputs/singapore/inference/dep000144/raw_outputs/ami-mini-20250913T140748.jpg,crop_1,nonmoth,Lepidoptera Macros,Sphenarches anisodactylus,Lasiocampidae,Incurvaria,Lampronia oehlmaniella,0.1572768927036611,2.0166666666666666,FALSE
Track_003062,13/09/2025 21:11,13/09/2025 21:11,1,1,/home/users/alyduf25/INSPIRE/outputs/singapore/inference/dep000144/raw_outputs/ami-mini-20250913T141150.jpg,crop_1,nonmoth,Lepidoptera Macros,Erechthias zebrina,Depressariidae,Agonopterix,Agonopterix scopariella,1.1283125038483046,0,TRUE
Track_003063,13/09/2025 21:13,13/09/2025 21:13,1,1,/home/users/alyduf25/INSPIRE/outputs/singapore/inference/dep000144/raw_outputs/ami-mini-20250913T141351.jpg,crop_1,nonmoth,Araneae,,,,,,0,TRUE
Track_003064,13/09/2025 21:15,13/09/2025 21:21,4,4,/home/users/alyduf25/INSPIRE/outputs/singapore/inference/dep000144/raw_outputs/ami-mini-20250913T141552.jpg,crop_1,nonmoth,Lepidoptera Macros,Theretra latreillii,Pieridae,Anthocharis,Anthocharis cardamines,0.6174081149391756,6.05,FALSE
Track_003065,13/09/2025 21:17,13/09/2025 21:17,1,1,/home/users/alyduf25/INSPIRE/outputs/singapore/inference/dep000144/raw_outputs/ami-mini-20250913T141753.jpg,crop_2,moth,Lepidoptera Macros,Trilocha varians,Pterophoridae,Amblyptilia,Amblyptilia acanthadactyla,2.3963373379142374,0,TRUE
Track_003066,13/09/2025 21:29,13/09/2025 21:29,1,1,/home/users/alyduf25/INSPIRE/outputs/singapore/inference/dep000144/raw_outputs/ami-mini-20250913T142959.jpg,crop_1,nonmoth,Lepidoptera Macros,Eupanacra elegantulus,Tortricidae,Spilonota,Spilonota ocellana,,0,TRUE
Track_003067,13/09/2025 21:42,13/09/2025 21:42,1,1,/home/users/alyduf25/INSPIRE/outputs/singapore/inference/dep000144/raw_outputs/ami-mini-20250913T144205.jpg,crop_1,nonmoth,Lepidoptera Macros,Theretra latreillii,Depressariidae,Agonopterix,Agonopterix scopariella,,0,TRUE
Track_003068,13/09/2025 21:50,13/09/2025 21:50,1,1,/home/users/alyduf25/INSPIRE/outputs/singapore/inference/dep000144/raw_outputs/ami-mini-20250913T145009.jpg,crop_2,moth,Lepidoptera Macros,Trilocha varians,Geometridae,Aglossa,Aglossa caprealis,,0,TRUE
Track_003069,13/09/2025 21:52,13/09/2025 21:52,1,1,/home/users/alyduf25/INSPIRE/outputs/singapore/inference/dep000144/raw_outputs/ami-mini-20250913T145210.jpg,crop_1,nonmoth,Lepidoptera Macros,Hippotion celerio,Noctuidae,Brachylomia,Brachylomia viminalis,2.477654399,0,TRUE
Track_003070,13/09/2025 21:52,13/09/2025 21:52,1,1,/home/users/alyduf25/INSPIRE/outputs/singapore/inference/dep000144/raw_outputs/ami-mini-20250913T145210.jpg,crop_2,moth,Lepidoptera Macros,Trilocha varians,Noctuidae,Xestia,Xestia agathina,1.3995298034929229,0,TRUE
Track_003071,13/09/2025 21:58,13/09/2025 22:16,10,10,/home/users/alyduf25/INSPIRE/outputs/singapore/inference/dep000144/raw_outputs/ami-mini-20250913T145813.jpg,crop_1,nonmoth,Lepidoptera Macros,Trilocha varians,Noctuidae,Galleria,Galleria mellonella,0.5630511924497249,18.15,FALSE
Track_003072,13/09/2025 22:02,13/09/2025 22:02,1,1,/home/users/alyduf25/INSPIRE/outputs/singapore/inference/dep000144/raw_outputs/ami-mini-20250913T150215.jpg,crop_2,moth,Lepidoptera Macros,Trilocha varians,Gelechiidae,Bryotropha,Bryotropha senectella,2.476223894250268,0,TRUE
Track_003073,13/09/2025 22:04,13/09/2025 22:04,1,1,/home/users/alyduf25/INSPIRE/outputs/singapore/inference/dep000144/raw_outputs/ami-mini-20250913T150416.jpg,crop_2,moth,Lepidoptera Macros,Trilocha varians,Geometridae,Aglossa,Aglossa caprealis,1.2360444558709438,0,TRUE
Track_003074,13/09/2025 22:08,13/09/2025 22:08,1,1,/home/users/alyduf25/INSPIRE/outputs/singapore/inference/dep000144/raw_outputs/ami-mini-20250913T150818.jpg,crop_2,nonmoth,Diptera Nematocera,,,,,,0,TRUE
Track_003075,13/09/2025 22:14,13/09/2025 22:14,1,1,/home/users/alyduf25/INSPIRE/outputs/singapore/inference/dep000144/raw_outputs/ami-mini-20250913T151421.jpg,crop_2,moth,Lepidoptera Micros,Ephestia elutella,Noctuidae,Alucita,Alucita hexadactyla,3.0357607546591203,0,TRUE
Track_003076,13/09/2025 22:16,13/09/2025 22:16,1,1,/home/users/alyduf25/INSPIRE/outputs/singapore/inference/dep000144/raw_outputs/ami-mini-20250913T151622.jpg,crop_2,moth,Lepidoptera Micros,Ephestiodes infimella,Nymphalidae,Boloria,Boloria frigga,1.981058697613379,0,TRUE
Track_003077,13/09/2025 22:18,13/09/2025 22:18,1,1,/home/users/alyduf25/INSPIRE/outputs/singapore/inference/dep000144/raw_outputs/ami-mini-20250913T151823.jpg,crop_1,nonmoth,Lepidoptera Macros,Trilocha varians,Lycaenidae,Maculinea,Maculinea nausithous,1.4696880829602963,0,TRUE
Track_003078,13/09/2025 22:18,13/09/2025 22:18,1,1,/home/users/alyduf25/INSPIRE/outputs/singapore/inference/dep000144/raw_outputs/ami-mini-20250913T151823.jpg,crop_2,moth,Lepidoptera Micros,Ephestiodes infimella,Lasiocampidae,Lasiocampa,Lasiocampa trifolii,1.7397656499799887,0,TRUE
Track_003079,13/09/2025 22:20,13/09/2025 22:20,1,1,/home/users/alyduf25/INSPIRE/outputs/singapore/inference/dep000144/raw_outputs/ami-mini-20250913T152024.jpg,crop_1,nonmoth,Lepidoptera Macros,Trilocha varians,Geometridae,Larentia,Larentia clavaria,1.995116335893448,0,TRUE
Track_003080,13/09/2025 22:22,13/09/2025 22:24,2,2,/home/users/alyduf25/INSPIRE/outputs/singapore/inference/dep000144/raw_outputs/ami-mini-20250913T152225.jpg,crop_1,nonmoth,Lepidoptera Macros,Hippotion rosetta,Drepanidae,Watsonalla,Watsonalla cultraria,0.8971382557861396,2.0166666666666666,FALSE
Track_003081,13/09/2025 22:26,13/09/2025 22:26,1,1,/home/users/alyduf25/INSPIRE/outputs/singapore/inference/dep000144/raw_outputs/ami-mini-20250913T152627.jpg,crop_1,nonmoth,Lepidoptera Macros,Exelastis pumilio,Depressariidae,Agonopterix,Agonopterix ciliella,1.4740890232460695,0,TRUE
Track_003082,13/09/2025 22:26,13/09/2025 22:26,1,1,/home/users/alyduf25/INSPIRE/outputs/singapore/inference/dep000144/raw_outputs/ami-mini-20250913T152627.jpg,crop_2,moth,Lepidoptera Macros,Trilocha varians,Noctuidae,Hofmannophila,Hofmannophila pseudospretella,2.3220971829660777,0,TRUE
Track_003083,13/09/2025 22:28,13/09/2025 22:28,1,1,/home/users/alyduf25/INSPIRE/outputs/singapore/inference/dep000144/raw_outputs/ami-mini-20250913T152828.jpg,crop_1,nonmoth,Lepidoptera Macros,Theretra latreillii,Geometridae,Spilonota,Spilonota ocellana,1.2813667316559891,0,TRUE
Track_003084,13/09/2025 22:28,13/09/2025 22:28,1,1,/home/users/alyduf25/INSPIRE/outputs/singapore/inference/dep000144/raw_outputs/ami-mini-20250913T152828.jpg,crop_2,nonmoth,Diptera Nematocera,,,,,,0,TRUE
Track_003085,13/09/2025 22:38,13/09/2025 22:38,1,1,/home/users/alyduf25/INSPIRE/outputs/singapore/inference/dep000144/raw_outputs/ami-mini-20250913T153833.jpg,crop_1,nonmoth,Lepidoptera Macros,Hippotion celerio,Noctuidae,Protolampra,Protolampra sobrina,,0,TRUE
Track_003086,13/09/2025 23:14,13/09/2025 23:14,1,1,/home/users/alyduf25/INSPIRE/outputs/singapore/inference/dep000144/raw_outputs/ami-mini-20250913T161451.jpg,crop_1,nonmoth,Lepidoptera Macros,Stenoptilodes taprobanes,Sesiidae,Synanthedon,Synanthedon myopaeformis,,0,TRUE
Track_003087,13/09/2025 23:16,13/09/2025 23:26,6,6,/home/users/alyduf25/INSPIRE/outputs/singapore/inference/dep000144/raw_outputs/ami-mini-20250913T161652.jpg,crop_1,nonmoth,Lepidoptera Macros,Theretra latreillii,Noctuidae,Conistra,Conistra rubiginosa,0.7787080320564249,10.083333333333334,FALSE
Track_003088,13/09/2025 23:33,13/09/2025 23:35,2,2,/home/users/alyduf25/INSPIRE/outputs/singapore/inference/dep000144/raw_outputs/ami-mini-20250913T163300.jpg,crop_1,nonmoth,Lepidoptera Macros,Theretra latreillii,Crambidae,Anania,Anania hortulata,0.4097719912162332,2.0166666666666666,FALSE
Track_003089,13/09/2025 23:37,13/09/2025 23:37,1,1,/home/users/alyduf25/INSPIRE/outputs/singapore/inference/dep000144/raw_outputs/ami-mini-20250913T163702.jpg,crop_1,nonmoth,Lepidoptera Macros,Theretra latreillii,Geometridae,Coleophora,Lasiocampa trifolii,1.350719107928632,0,TRUE
Track_003090,13/09/2025 23:39,13/09/2025 23:39,1,1,/home/users/alyduf25/INSPIRE/outputs/singapore/inference/dep000144/raw_outputs/ami-mini-20250913T163903.jpg,crop_1,nonmoth,Lepidoptera Macros,Theretra latreillii,Pieridae,Anthocharis,Anthocharis cardamines,1.124840783181292,0,TRUE
Track_003091,13/09/2025 23:41,13/09/2025 23:41,1,1,/home/users/alyduf25/INSPIRE/outputs/singapore/inference/dep000144/raw_outputs/ami-mini-20250913T164104.jpg,crop_2,nonmoth,Lepidoptera Macros,Trilocha varians,Geometridae,Scythris,Achlya flavicornis,1.7560141750920697,0,TRUE
Track_003092,13/09/2025 23:43,13/09/2025 23:43,1,1,/home/users/alyduf25/INSPIRE/outputs/singapore/inference/dep000144/raw_outputs/ami-mini-20250913T164305.jpg,crop_1,nonmoth,Lepidoptera Macros,Theretra latreillii,Geometridae,Epinotia,Epinotia signatana,1.8766324395445635,0,TRUE
Track_003093,13/09/2025 23:45,13/09/2025 23:45,1,1,/home/users/alyduf25/INSPIRE/outputs/singapore/inference/dep000144/raw_outputs/ami-mini-20250913T164506.jpg,crop_1,nonmoth,Lepidoptera Macros,Hippotion rosetta,Geometridae,Synanthedon,Synanthedon myopaeformis,1.2864985384491985,0,TRUE
Track_003094,14/09/2025 00:05,14/09/2025 00:13,5,5,/home/users/alyduf25/INSPIRE/outputs/singapore/inference/dep000144/raw_outputs/ami-mini-20250913T170516.jpg,crop_1,nonmoth,Lepidoptera Macros,Theretra latreillii,Adelidae,Adela,Adela croesella,0.3079464909780373,8.066666666666666,FALSE
Track_003095,14/09/2025 00:15,14/09/2025 00:15,1,1,/home/users/alyduf25/INSPIRE/outputs/singapore/inference/dep000144/raw_outputs/ami-mini-20250913T171521.jpg,crop_1,nonmoth,Lepidoptera Macros,Theretra latreillii,Drepanidae,Watsonalla,Watsonalla binaria,1.545139553656521,0,TRUE
Track_003096,14/09/2025 00:15,14/09/2025 00:15,1,1,/home/users/alyduf25/INSPIRE/outputs/singapore/inference/dep000144/raw_outputs/ami-mini-20250913T171521.jpg,crop_2,nonmoth,Diptera Nematocera,,,,,,0,TRUE
Track_003097,14/09/2025 00:17,14/09/2025 00:17,1,1,/home/users/alyduf25/INSPIRE/outputs/singapore/inference/dep000144/raw_outputs/ami-mini-20250913T171722.jpg,crop_2,nonmoth,Diptera Nematocera,,,,,,0,TRUE
Track_003098,14/09/2025 00:19,14/09/2025 00:21,2,2,/home/users/alyduf25/INSPIRE/outputs/singapore/inference/dep000144/raw_outputs/ami-mini-20250913T171923.jpg,crop_1,nonmoth,Lepidoptera Macros,Attacus atlas,Tortricidae,Spilonota,Spilonota ocellana,0.6148582094628223,2.0166666666666666,FALSE
Track_003099,14/09/2025 00:19,14/09/2025 00:19,1,1,/home/users/alyduf25/INSPIRE/outputs/singapore/inference/dep000144/raw_outputs/ami-mini-20250913T171923.jpg,crop_2,nonmoth,Diptera Nematocera,,,,,,0,TRUE
Track_003100,14/09/2025 00:21,14/09/2025 00:21,1,1,/home/users/alyduf25/INSPIRE/outputs/singapore/inference/dep000144/raw_outputs/ami-mini-20250913T172124.jpg,crop_2,nonmoth,Diptera Nematocera,,,,,,0,TRUE
Track_003101,14/09/2025 00:23,14/09/2025 00:35,7,7,/home/users/alyduf25/INSPIRE/outputs/singapore/inference/dep000144/raw_outputs/ami-mini-20250913T172325.jpg,crop_1,nonmoth,Lepidoptera Macros,Achaea janata,Sesiidae,Synanthedon,Synanthedon myopaeformis,0.273131232,12.1,FALSE
Track_003102,14/09/2025 00:23,14/09/2025 00:23,1,1,/home/users/alyduf25/INSPIRE/outputs/singapore/inference/dep000144/raw_outputs/ami-mini-20250913T172325.jpg,crop_2,nonmoth,Diptera Nematocera,,,,,,0,TRUE
Track_003103,14/09/2025 00:25,14/09/2025 00:25,1,1,/home/users/alyduf25/INSPIRE/outputs/singapore/inference/dep000144/raw_outputs/ami-mini-20250913T172526.jpg,crop_2,nonmoth,Diptera Nematocera,,,,,,0,TRUE
Track_003104,14/09/2025 00:27,14/09/2025 00:27,1,1,/home/users/alyduf25/INSPIRE/outputs/singapore/inference/dep000144/raw_outputs/ami-mini-20250913T172727.jpg,crop_2,nonmoth,Diptera Nematocera,,,,,,0,TRUE
Track_003105,14/09/2025 00:29,14/09/2025 00:29,1,1,/home/users/alyduf25/INSPIRE/outputs/singapore/inference/dep000144/raw_outputs/ami-mini-20250913T172928.jpg,crop_2,nonmoth,Diptera Nematocera,,,,,,0,TRUE
Track_003106,14/09/2025 00:31,14/09/2025 00:31,1,1,/home/users/alyduf25/INSPIRE/outputs/singapore/inference/dep000144/raw_outputs/ami-mini-20250913T173129.jpg,crop_2,nonmoth,Diptera Nematocera,,,,,,0,TRUE
Track_003107,14/09/2025 00:33,14/09/2025 00:33,1,1,/home/users/alyduf25/INSPIRE/outputs/singapore/inference/dep000144/raw_outputs/ami-mini-20250913T173330.jpg,crop_2,nonmoth,Diptera Nematocera,,,,,,0,TRUE
Track_003108,14/09/2025 00:35,14/09/2025 00:35,1,1,/home/users/alyduf25/INSPIRE/outputs/singapore/inference/dep000144/raw_outputs/ami-mini-20250913T173531.jpg,crop_2,nonmoth,Diptera Nematocera,,,,,,0,TRUE
Track_003109,14/09/2025 00:37,14/09/2025 00:37,1,1,/home/users/alyduf25/INSPIRE/outputs/singapore/inference/dep000144/raw_outputs/ami-mini-20250913T173732.jpg,crop_2,nonmoth,Diptera Nematocera,,,,,,0,TRUE
Track_003110,14/09/2025 00:39,14/09/2025 00:39,1,1,/home/users/alyduf25/INSPIRE/outputs/singapore/inference/dep000144/raw_outputs/ami-mini-20250913T173933.jpg,crop_2,nonmoth,Diptera Nematocera,,,,,,0,TRUE
Track_003111,14/09/2025 00:41,14/09/2025 00:43,2,2,/home/users/alyduf25/INSPIRE/outputs/singapore/inference/dep000144/raw_outputs/ami-mini-20250913T174134.jpg,crop_1,nonmoth,Lepidoptera Macros,Theretra latreillii,Geometridae,Psyche,Psyche casta,0.032237704,2.0166666666666666,FALSE
Track_003112,14/09/2025 00:41,14/09/2025 00:41,1,1,/home/users/alyduf25/INSPIRE/outputs/singapore/inference/dep000144/raw_outputs/ami-mini-20250913T174134.jpg,crop_2,nonmoth,Diptera Nematocera,,,,,,0,TRUE
Track_003113,14/09/2025 00:43,14/09/2025 00:43,1,1,/home/users/alyduf25/INSPIRE/outputs/singapore/inference/dep000144/raw_outputs/ami-mini-20250913T174335.jpg,crop_2,nonmoth,Diptera Nematocera,,,,,,0,TRUE
Track_003114,14/09/2025 00:45,14/09/2025 00:45,1,1,/home/users/alyduf25/INSPIRE/outputs/singapore/inference/dep000144/raw_outputs/ami-mini-20250913T174536.jpg,crop_2,nonmoth,Diptera Nematocera,,,,,,0,TRUE
Track_003115,14/09/2025 00:47,14/09/2025 00:47,1,1,/home/users/alyduf25/INSPIRE/outputs/singapore/inference/dep000144/raw_outputs/ami-mini-20250913T174737.jpg,crop_1,nonmoth,Lepidoptera Macros,Trilocha varians,Geometridae,Thetidia,Thetidia smaragdaria,,0,TRUE
Track_003116,14/09/2025 00:47,14/09/2025 00:47,1,1,/home/users/alyduf25/INSPIRE/outputs/singapore/inference/dep000144/raw_outputs/ami-mini-20250913T174737.jpg,crop_2,nonmoth,Diptera Nematocera,,,,,,0,TRUE
Track_003117,14/09/2025 00:47,14/09/2025 00:47,1,1,/home/users/alyduf25/INSPIRE/outputs/singapore/inference/dep000144/raw_outputs/ami-mini-20250913T174737.jpg,crop_3,moth,Lepidoptera Macros,Trilocha varians,Geometridae,Idaea,Idaea emarginata,,0,TRUE
Track_003118,14/09/2025 00:49,14/09/2025 00:49,1,1,/home/users/alyduf25/INSPIRE/outputs/singapore/inference/dep000144/raw_outputs/ami-mini-20250913T174938.jpg,crop_2,nonmoth,Diptera Nematocera,,,,,,0,TRUE
Track_003119,14/09/2025 00:51,14/09/2025 00:51,1,1,/home/users/alyduf25/INSPIRE/outputs/singapore/inference/dep000144/raw_outputs/ami-mini-20250913T175139.jpg,crop_2,nonmoth,Diptera Nematocera,,,,,,0,TRUE
Track_003120,14/09/2025 00:53,14/09/2025 00:53,1,1,/home/users/alyduf25/INSPIRE/outputs/singapore/inference/dep000144/raw_outputs/ami-mini-20250913T175340.jpg,crop_1,nonmoth,Diptera Nematocera,,,,,,0,TRUE
Track_003121,14/09/2025 00:55,14/09/2025 00:57,2,2,/home/users/alyduf25/INSPIRE/outputs/singapore/inference/dep000144/raw_outputs/ami-mini-20250913T175541.jpg,crop_1,nonmoth,Lepidoptera Macros,Trilocha varians,Sesiidae,Synanthedon,Synanthedon myopaeformis,0.9125598053368308,2.0166666666666666,FALSE
Track_003122,14/09/2025 00:55,14/09/2025 00:55,1,1,/home/users/alyduf25/INSPIRE/outputs/singapore/inference/dep000144/raw_outputs/ami-mini-20250913T175541.jpg,crop_2,nonmoth,Diptera Nematocera,,,,,,0,TRUE
Track_003123,14/09/2025 00:57,14/09/2025 00:57,1,1,/home/users/alyduf25/INSPIRE/outputs/singapore/inference/dep000144/raw_outputs/ami-mini-20250913T175742.jpg,crop_1,nonmoth,Diptera Nematocera,,,,,,0,TRUE
Track_003124,14/09/2025 00:59,14/09/2025 01:03,3,3,/home/users/alyduf25/INSPIRE/outputs/singapore/inference/dep000144/raw_outputs/ami-mini-20250913T175943.jpg,crop_1,nonmoth,Lepidoptera Macros,Theretra latreillii,Lycaenidae,Maculinea,Maculinea nausithous,0.5449685770679948,4.033333333333333,FALSE
Track_003125,14/09/2025 00:59,14/09/2025 00:59,1,1,/home/users/alyduf25/INSPIRE/outputs/singapore/inference/dep000144/raw_outputs/ami-mini-20250913T175943.jpg,crop_2,nonmoth,Diptera Nematocera,,,,,,0,TRUE
Track_003126,14/09/2025 01:01,14/09/2025 01:01,1,1,/home/users/alyduf25/INSPIRE/outputs/singapore/inference/dep000144/raw_outputs/ami-mini-20250913T180144.jpg,crop_2,nonmoth,Diptera Nematocera,,,,,,0,TRUE
Track_003127,14/09/2025 01:03,14/09/2025 01:03,1,1,/home/users/alyduf25/INSPIRE/outputs/singapore/inference/dep000144/raw_outputs/ami-mini-20250913T180345.jpg,crop_3,moth,Diptera Nematocera,Ephestiodes infimella,Noctuidae,Coenophila,Coenophila subrosea,2.955858384302477,0,TRUE
Track_003128,14/09/2025 01:05,14/09/2025 01:05,1,1,/home/users/alyduf25/INSPIRE/outputs/singapore/inference/dep000144/raw_outputs/ami-mini-20250913T180546.jpg,crop_1,nonmoth,Diptera Nematocera,,,,,,0,TRUE
Track_003129,14/09/2025 01:05,14/09/2025 01:05,1,1,/home/users/alyduf25/INSPIRE/outputs/singapore/inference/dep000144/raw_outputs/ami-mini-20250913T180546.jpg,crop_3,moth,Lepidoptera Macros,Trilocha varians,Geometridae,Eupithecia,Amblyptilia acanthadactyla,2.203230444,0,TRUE
Track_003130,14/09/2025 01:07,14/09/2025 01:07,1,1,/home/users/alyduf25/INSPIRE/outputs/singapore/inference/dep000144/raw_outputs/ami-mini-20250913T180747.jpg,crop_1,nonmoth,Diptera Nematocera,,,,,,0,TRUE
Track_003131,14/09/2025 01:07,14/09/2025 01:09,2,2,/home/users/alyduf25/INSPIRE/outputs/singapore/inference/dep000144/raw_outputs/ami-mini-20250913T180747.jpg,crop_2,nonmoth,Lepidoptera Macros,Theretra latreillii,Sesiidae,Synanthedon,Synanthedon myopaeformis,1.4795414246060137,2.0166666666666666,FALSE
Track_003132,14/09/2025 01:09,14/09/2025 01:09,1,1,/home/users/alyduf25/INSPIRE/outputs/singapore/inference/dep000144/raw_outputs/ami-mini-20250913T180948.jpg,crop_1,nonmoth,Diptera Nematocera,,,,,,0,TRUE
Track_003133,14/09/2025 01:11,14/09/2025 01:11,1,1,/home/users/alyduf25/INSPIRE/outputs/singapore/inference/dep000144/raw_outputs/ami-mini-20250913T181149.jpg,crop_1,nonmoth,Diptera Nematocera,,,,,,0,TRUE
Track_003134,14/09/2025 01:13,14/09/2025 01:13,1,1,/home/users/alyduf25/INSPIRE/outputs/singapore/inference/dep000144/raw_outputs/ami-mini-20250913T181350.jpg,crop_1,nonmoth,Diptera Nematocera,,,,,,0,TRUE
Track_003135,14/09/2025 01:15,14/09/2025 01:17,2,2,/home/users/alyduf25/INSPIRE/outputs/singapore/inference/dep000144/raw_outputs/ami-mini-20250913T181551.jpg,crop_1,nonmoth,Lepidoptera Macros,Theretra latreillii,Lycaenidae,Maculinea,Maculinea nausithous,0.749494523,2.0166666666666666,FALSE
Track_003136,14/09/2025 01:15,14/09/2025 01:15,1,1,/home/users/alyduf25/INSPIRE/outputs/singapore/inference/dep000144/raw_outputs/ami-mini-20250913T181551.jpg,crop_2,nonmoth,Diptera Nematocera,,,,,,0,TRUE
Track_003137,14/09/2025 01:17,14/09/2025 01:17,1,1,/home/users/alyduf25/INSPIRE/outputs/singapore/inference/dep000144/raw_outputs/ami-mini-20250913T181752.jpg,crop_1,moth,Diptera Nematocera,Plodia interpunctella,Pyralidae,Plodia,Plodia interpunctella,2.716505508179463,0,TRUE
Track_003138,14/09/2025 01:19,14/09/2025 01:19,1,1,/home/users/alyduf25/INSPIRE/outputs/singapore/inference/dep000144/raw_outputs/ami-mini-20250913T181953.jpg,crop_1,nonmoth,Diptera Nematocera,,,,,,0,TRUE
Track_003139,14/09/2025 01:21,14/09/2025 01:21,1,1,/home/users/alyduf25/INSPIRE/outputs/singapore/inference/dep000144/raw_outputs/ami-mini-20250913T182154.jpg,crop_1,nonmoth,Diptera Nematocera,,,,,,0,TRUE
Track_003140,14/09/2025 01:23,14/09/2025 01:23,1,1,/home/users/alyduf25/INSPIRE/outputs/singapore/inference/dep000144/raw_outputs/ami-mini-20250913T182355.jpg,crop_1,nonmoth,Diptera Nematocera,,,,,,0,TRUE
Track_003141,14/09/2025 01:25,14/09/2025 01:34,5,5,/home/users/alyduf25/INSPIRE/outputs/singapore/inference/dep000144/raw_outputs/ami-mini-20250913T182556.jpg,crop_1,nonmoth,Lepidoptera Macros,Theretra latreillii,Sesiidae,Synanthedon,Synanthedon myopaeformis,0.1383339154206306,8.066666666666666,FALSE
Track_003142,14/09/2025 01:25,14/09/2025 01:25,1,1,/home/users/alyduf25/INSPIRE/outputs/singapore/inference/dep000144/raw_outputs/ami-mini-20250913T182556.jpg,crop_2,nonmoth,Diptera Nematocera,,,,,,0,TRUE
Track_003143,14/09/2025 01:27,14/09/2025 01:27,1,1,/home/users/alyduf25/INSPIRE/outputs/singapore/inference/dep000144/raw_outputs/ami-mini-20250913T182757.jpg,crop_1,nonmoth,Diptera Nematocera,,,,,,0,TRUE
Track_003144,14/09/2025 01:29,14/09/2025 01:29,1,1,/home/users/alyduf25/INSPIRE/outputs/singapore/inference/dep000144/raw_outputs/ami-mini-20250913T182958.jpg,crop_2,nonmoth,Diptera Nematocera,,,,,,0,TRUE
Track_003145,14/09/2025 01:31,14/09/2025 01:31,1,1,/home/users/alyduf25/INSPIRE/outputs/singapore/inference/dep000144/raw_outputs/ami-mini-20250913T183159.jpg,crop_2,nonmoth,Diptera Nematocera,,,,,,0,TRUE
Track_003146,14/09/2025 01:34,14/09/2025 01:34,1,1,/home/users/alyduf25/INSPIRE/outputs/singapore/inference/dep000144/raw_outputs/ami-mini-20250913T183400.jpg,crop_2,nonmoth,Diptera Nematocera,,,,,,0,TRUE
Track_003147,14/09/2025 01:36,14/09/2025 01:36,1,1,/home/users/alyduf25/INSPIRE/outputs/singapore/inference/dep000144/raw_outputs/ami-mini-20250913T183601.jpg,crop_1,nonmoth,Diptera Nematocera,,,,,,0,TRUE
Track_003148,14/09/2025 01:38,14/09/2025 01:38,1,1,/home/users/alyduf25/INSPIRE/outputs/singapore/inference/dep000144/raw_outputs/ami-mini-20250913T183802.jpg,crop_1,nonmoth,Diptera Nematocera,,,,,,0,TRUE
Track_003149,14/09/2025 01:40,14/09/2025 01:40,1,1,/home/users/alyduf25/INSPIRE/outputs/singapore/inference/dep000144/raw_outputs/ami-mini-20250913T184003.jpg,crop_1,nonmoth,Diptera Nematocera,,,,,,0,TRUE
Track_003150,14/09/2025 01:42,14/09/2025 01:42,1,1,/home/users/alyduf25/INSPIRE/outputs/singapore/inference/dep000144/raw_outputs/ami-mini-20250913T184204.jpg,crop_1,nonmoth,Diptera Nematocera,,,,,,0,TRUE
Track_003151,14/09/2025 01:44,14/09/2025 01:52,5,5,/home/users/alyduf25/INSPIRE/outputs/singapore/inference/dep000144/raw_outputs/ami-mini-20250913T184405.jpg,crop_1,nonmoth,Lepidoptera Macros,Stenoptilodes taprobanes,Sesiidae,Synanthedon,Synanthedon myopaeformis,0.4573757048276323,8.066666666666666,FALSE
Track_003152,14/09/2025 01:44,14/09/2025 01:44,1,1,/home/users/alyduf25/INSPIRE/outputs/singapore/inference/dep000144/raw_outputs/ami-mini-20250913T184405.jpg,crop_2,nonmoth,Diptera Nematocera,,,,,,0,TRUE
Track_003153,14/09/2025 01:46,14/09/2025 01:46,1,1,/home/users/alyduf25/INSPIRE/outputs/singapore/inference/dep000144/raw_outputs/ami-mini-20250913T184606.jpg,crop_2,nonmoth,Diptera Nematocera,,,,,,0,TRUE
Track_003154,14/09/2025 01:48,14/09/2025 01:48,1,1,/home/users/alyduf25/INSPIRE/outputs/singapore/inference/dep000144/raw_outputs/ami-mini-20250913T184807.jpg,crop_2,nonmoth,Diptera Nematocera,,,,,,0,TRUE
Track_003155,14/09/2025 01:50,14/09/2025 01:52,2,2,/home/users/alyduf25/INSPIRE/outputs/singapore/inference/dep000144/raw_outputs/ami-mini-20250913T185008.jpg,crop_2,moth,Diptera Nematocera,Ephestiodes infimella,Pyralidae,Plodia,Plodia interpunctella,1.5870436807848072,2.0166666666666666,FALSE
Track_003156,14/09/2025 01:54,14/09/2025 01:54,1,1,/home/users/alyduf25/INSPIRE/outputs/singapore/inference/dep000144/raw_outputs/ami-mini-20250913T185410.jpg,crop_2,nonmoth,Diptera Nematocera,,,,,,0,TRUE
Track_003157,14/09/2025 01:56,14/09/2025 01:56,1,1,/home/users/alyduf25/INSPIRE/outputs/singapore/inference/dep000144/raw_outputs/ami-mini-20250913T185611.jpg,crop_2,moth,Diptera Nematocera,Plodia interpunctella,Noctuidae,Plodia,Plodia interpunctella,,0,TRUE
Track_003158,14/09/2025 01:58,14/09/2025 01:58,1,1,/home/users/alyduf25/INSPIRE/outputs/singapore/inference/dep000144/raw_outputs/ami-mini-20250913T185812.jpg,crop_2,nonmoth,Diptera Nematocera,,,,,,0,TRUE
Track_003159,14/09/2025 02:00,14/09/2025 02:00,1,1,/home/users/alyduf25/INSPIRE/outputs/singapore/inference/dep000144/raw_outputs/ami-mini-20250913T190013.jpg,crop_2,nonmoth,Diptera Nematocera,,,,,,0,TRUE
Track_003160,14/09/2025 02:02,14/09/2025 02:02,1,1,/home/users/alyduf25/INSPIRE/outputs/singapore/inference/dep000144/raw_outputs/ami-mini-20250913T190214.jpg,crop_2,nonmoth,Diptera Nematocera,,,,,,0,TRUE
Track_003161,14/09/2025 02:04,14/09/2025 02:04,1,1,/home/users/alyduf25/INSPIRE/outputs/singapore/inference/dep000144/raw_outputs/ami-mini-20250913T190415.jpg,crop_2,nonmoth,Diptera Nematocera,,,,,,0,TRUE
Track_003162,14/09/2025 02:06,14/09/2025 02:10,3,3,/home/users/alyduf25/INSPIRE/outputs/singapore/inference/dep000144/raw_outputs/ami-mini-20250913T190616.jpg,crop_2,moth,Diptera Nematocera,Ephestiodes infimella,Noctuidae,Plodia,Plodia interpunctella,0.1428294064487357,4.033333333333333,FALSE
Track_003163,14/09/2025 02:12,14/09/2025 02:18,4,4,/home/users/alyduf25/INSPIRE/outputs/singapore/inference/dep000144/raw_outputs/ami-mini-20250913T191219.jpg,crop_1,nonmoth,Lepidoptera Macros,Theretra latreillii,Sesiidae,Synanthedon,Synanthedon myopaeformis,1.2313154992818915,6.05,FALSE
Track_003164,14/09/2025 02:12,14/09/2025 02:12,1,1,/home/users/alyduf25/INSPIRE/outputs/singapore/inference/dep000144/raw_outputs/ami-mini-20250913T191219.jpg,crop_2,nonmoth,Diptera Nematocera,,,,,,0,TRUE
Track_003165,14/09/2025 02:14,14/09/2025 02:18,3,3,/home/users/alyduf25/INSPIRE/outputs/singapore/inference/dep000144/raw_outputs/ami-mini-20250913T191420.jpg,crop_2,moth,Lepidoptera Micros,Mabra nigriscripta,Pyralidae,Plodia,Plodia interpunctella,1.2698191295602133,4.033333333333333,FALSE
Track_003166,14/09/2025 02:14,14/09/2025 02:14,1,1,/home/users/alyduf25/INSPIRE/outputs/singapore/inference/dep000144/raw_outputs/ami-mini-20250913T191420.jpg,crop_3,nonmoth,Diptera Nematocera,,,,,,0,TRUE
Track_003167,14/09/2025 02:14,14/09/2025 02:14,1,1,/home/users/alyduf25/INSPIRE/outputs/singapore/inference/dep000144/raw_outputs/ami-mini-20250913T191420.jpg,crop_4,nonmoth,Diptera Nematocera,,,,,,0,TRUE
Track_003168,14/09/2025 02:16,14/09/2025 02:16,1,1,/home/users/alyduf25/INSPIRE/outputs/singapore/inference/dep000144/raw_outputs/ami-mini-20250913T191621.jpg,crop_3,nonmoth,Diptera Nematocera,,,,,,0,TRUE
Track_003169,14/09/2025 02:18,14/09/2025 02:18,1,1,/home/users/alyduf25/INSPIRE/outputs/singapore/inference/dep000144/raw_outputs/ami-mini-20250913T191822.jpg,crop_3,nonmoth,Diptera Nematocera,,,,,,0,TRUE
Track_003170,14/09/2025 02:20,14/09/2025 02:20,1,1,/home/users/alyduf25/INSPIRE/outputs/singapore/inference/dep000144/raw_outputs/ami-mini-20250913T192023.jpg,crop_2,nonmoth,Diptera Nematocera,,,,,,0,TRUE
Track_003171,14/09/2025 02:22,14/09/2025 02:24,2,2,/home/users/alyduf25/INSPIRE/outputs/singapore/inference/dep000144/raw_outputs/ami-mini-20250913T192224.jpg,crop_1,nonmoth,Lepidoptera Macros,Hippotion celerio,Noctuidae,Synanthedon,Synanthedon myopaeformis,0.8563414624019754,2.0166666666666666,FALSE
Track_003172,14/09/2025 02:22,14/09/2025 02:22,1,1,/home/users/alyduf25/INSPIRE/outputs/singapore/inference/dep000144/raw_outputs/ami-mini-20250913T192224.jpg,crop_2,nonmoth,Diptera Nematocera,,,,,,0,TRUE
Track_003173,14/09/2025 02:24,14/09/2025 02:24,1,1,/home/users/alyduf25/INSPIRE/outputs/singapore/inference/dep000144/raw_outputs/ami-mini-20250913T192425.jpg,crop_2,nonmoth,Diptera Nematocera,,,,,,0,TRUE
Track_003174,14/09/2025 02:26,14/09/2025 02:26,1,1,/home/users/alyduf25/INSPIRE/outputs/singapore/inference/dep000144/raw_outputs/ami-mini-20250913T192626.jpg,crop_2,nonmoth,Diptera Nematocera,,,,,,0,TRUE
Track_003175,14/09/2025 02:26,14/09/2025 02:26,1,1,/home/users/alyduf25/INSPIRE/outputs/singapore/inference/dep000144/raw_outputs/ami-mini-20250913T192626.jpg,crop_3,nonmoth,Lepidoptera Micros,Tineola bisselliella,Pyralidae,Plodia,Plodia interpunctella,3.225453039639649,0,TRUE
Track_003176,14/09/2025 02:28,14/09/2025 02:28,1,1,/home/users/alyduf25/INSPIRE/outputs/singapore/inference/dep000144/raw_outputs/ami-mini-20250913T192827.jpg,crop_2,nonmoth,Diptera Nematocera,,,,,,0,TRUE
Track_003177,14/09/2025 02:30,14/09/2025 02:30,1,1,/home/users/alyduf25/INSPIRE/outputs/singapore/inference/dep000144/raw_outputs/ami-mini-20250913T193028.jpg,crop_1,nonmoth,Diptera Nematocera,,,,,,0,TRUE
Track_003178,14/09/2025 02:32,14/09/2025 02:40,5,5,/home/users/alyduf25/INSPIRE/outputs/singapore/inference/dep000144/raw_outputs/ami-mini-20250913T193229.jpg,crop_1,nonmoth,Lepidoptera Macros,Theretra nessus,Noctuidae,Psyche,Psyche casta,0.1535275281185387,8.066666666666666,FALSE
Track_003179,14/09/2025 02:32,14/09/2025 02:32,1,1,/home/users/alyduf25/INSPIRE/outputs/singapore/inference/dep000144/raw_outputs/ami-mini-20250913T193229.jpg,crop_2,moth,Diptera Nematocera,Plodia interpunctella,Pyralidae,Plodia,Plodia interpunctella,,0,TRUE
Track_003180,14/09/2025 02:32,14/09/2025 02:32,1,1,/home/users/alyduf25/INSPIRE/outputs/singapore/inference/dep000144/raw_outputs/ami-mini-20250913T193229.jpg,crop_3,moth,Lepidoptera Macros,Hyposidra talaca,Pterophoridae,Amblyptilia,Amblyptilia acanthadactyla,,0,TRUE
Track_003181,14/09/2025 02:34,14/09/2025 02:34,1,1,/home/users/alyduf25/INSPIRE/outputs/singapore/inference/dep000144/raw_outputs/ami-mini-20250913T193430.jpg,crop_2,nonmoth,Diptera Nematocera,,,,,,0,TRUE
Track_003182,14/09/2025 02:36,14/09/2025 02:36,1,1,/home/users/alyduf25/INSPIRE/outputs/singapore/inference/dep000144/raw_outputs/ami-mini-20250913T193631.jpg,crop_2,nonmoth,Diptera Nematocera,,,,,,0,TRUE
Track_003183,14/09/2025 02:38,14/09/2025 02:38,1,1,/home/users/alyduf25/INSPIRE/outputs/singapore/inference/dep000144/raw_outputs/ami-mini-20250913T193832.jpg,crop_2,nonmoth,Diptera Nematocera,,,,,,0,TRUE
Track_003184,14/09/2025 02:40,14/09/2025 02:40,1,1,/home/users/alyduf25/INSPIRE/outputs/singapore/inference/dep000144/raw_outputs/ami-mini-20250913T194033.jpg,crop_2,nonmoth,Diptera Nematocera,,,,,,0,TRUE
Track_003185,14/09/2025 02:40,14/09/2025 02:40,1,1,/home/users/alyduf25/INSPIRE/outputs/singapore/inference/dep000144/raw_outputs/ami-mini-20250913T194033.jpg,crop_3,moth,Lepidoptera Macros,Trilocha varians,Noctuidae,Globia,Globia sparganii,2.285423529710568,0,TRUE
Track_003186,14/09/2025 02:42,14/09/2025 02:42,1,1,/home/users/alyduf25/INSPIRE/outputs/singapore/inference/dep000144/raw_outputs/ami-mini-20250913T194234.jpg,crop_2,nonmoth,Diptera Nematocera,,,,,,0,TRUE
Track_003187,14/09/2025 02:44,14/09/2025 02:46,2,2,/home/users/alyduf25/INSPIRE/outputs/singapore/inference/dep000144/raw_outputs/ami-mini-20250913T194435.jpg,crop_1,nonmoth,Lepidoptera Macros,Trilocha varians,Sesiidae,Synanthedon,Synanthedon myopaeformis,0.8608183545376986,2.0166666666666666,FALSE
Track_003188,14/09/2025 02:44,14/09/2025 02:44,1,1,/home/users/alyduf25/INSPIRE/outputs/singapore/inference/dep000144/raw_outputs/ami-mini-20250913T194435.jpg,crop_2,nonmoth,Diptera Nematocera,,,,,,0,TRUE
Track_003189,14/09/2025 02:46,14/09/2025 02:46,1,1,/home/users/alyduf25/INSPIRE/outputs/singapore/inference/dep000144/raw_outputs/ami-mini-20250913T194636.jpg,crop_2,nonmoth,Diptera Nematocera,,,,,,0,TRUE
Track_003190,14/09/2025 02:48,14/09/2025 02:48,1,1,/home/users/alyduf25/INSPIRE/outputs/singapore/inference/dep000144/raw_outputs/ami-mini-20250913T194837.jpg,crop_1,nonmoth,Diptera Nematocera,,,,,,0,TRUE
Track_003191,14/09/2025 02:50,14/09/2025 02:50,1,1,/home/users/alyduf25/INSPIRE/outputs/singapore/inference/dep000144/raw_outputs/ami-mini-20250913T195038.jpg,crop_1,nonmoth,Diptera Nematocera,,,,,,0,TRUE
Track_003192,14/09/2025 02:52,14/09/2025 02:52,1,1,/home/users/alyduf25/INSPIRE/outputs/singapore/inference/dep000144/raw_outputs/ami-mini-20250913T195239.jpg,crop_1,nonmoth,Diptera Nematocera,,,,,,0,TRUE
Track_003193,14/09/2025 02:54,14/09/2025 02:54,1,1,/home/users/alyduf25/INSPIRE/outputs/singapore/inference/dep000144/raw_outputs/ami-mini-20250913T195440.jpg,crop_1,nonmoth,Lepidoptera Macros,Theretra latreillii,Geometridae,Synanthedon,Synanthedon myopaeformis,,0,TRUE
Track_003194,14/09/2025 02:54,14/09/2025 02:54,1,1,/home/users/alyduf25/INSPIRE/outputs/singapore/inference/dep000144/raw_outputs/ami-mini-20250913T195440.jpg,crop_2,nonmoth,Diptera Nematocera,,,,,,0,TRUE
Track_003195,14/09/2025 02:56,14/09/2025 02:56,1,1,/home/users/alyduf25/INSPIRE/outputs/singapore/inference/dep000144/raw_outputs/ami-mini-20250913T195641.jpg,crop_1,nonmoth,Lepidoptera Macros,Exelastis pumilio,Noctuidae,Senta,Senta flammea,1.7901522037222977,0,TRUE
Track_003196,14/09/2025 02:56,14/09/2025 02:56,1,1,/home/users/alyduf25/INSPIRE/outputs/singapore/inference/dep000144/raw_outputs/ami-mini-20250913T195641.jpg,crop_2,nonmoth,Diptera Nematocera,,,,,,0,TRUE
Track_003197,14/09/2025 02:58,14/09/2025 03:00,2,2,/home/users/alyduf25/INSPIRE/outputs/singapore/inference/dep000144/raw_outputs/ami-mini-20250913T195842.jpg,crop_1,nonmoth,Lepidoptera Macros,Parapoynx allionealis,Noctuidae,Aleucis,Aleucis distinctata,0.9736160214359348,2.0166666666666666,FALSE
Track_003198,14/09/2025 02:58,14/09/2025 02:58,1,1,/home/users/alyduf25/INSPIRE/outputs/singapore/inference/dep000144/raw_outputs/ami-mini-20250913T195842.jpg,crop_2,moth,Diptera Nematocera,Plodia interpunctella,Noctuidae,Coenophila,Coenophila subrosea,2.696671621008022,0,TRUE
Track_003199,14/09/2025 03:00,14/09/2025 03:00,1,1,/home/users/alyduf25/INSPIRE/outputs/singapore/inference/dep000144/raw_outputs/ami-mini-20250913T200043.jpg,crop_2,nonmoth,Diptera Nematocera,,,,,,0,TRUE
Track_003200,14/09/2025 03:02,14/09/2025 03:02,1,1,/home/users/alyduf25/INSPIRE/outputs/singapore/inference/dep000144/raw_outputs/ami-mini-20250913T200244.jpg,crop_1,nonmoth,Diptera Nematocera,,,,,,0,TRUE
Track_003201,14/09/2025 03:04,14/09/2025 03:04,1,1,/home/users/alyduf25/INSPIRE/outputs/singapore/inference/dep000144/raw_outputs/ami-mini-20250913T200445.jpg,crop_1,nonmoth,Diptera Nematocera,,,,,,0,TRUE
Track_003202,14/09/2025 03:06,14/09/2025 03:06,1,1,/home/users/alyduf25/INSPIRE/outputs/singapore/inference/dep000144/raw_outputs/ami-mini-20250913T200646.jpg,crop_1,nonmoth,Diptera Nematocera,,,,,,0,TRUE
Track_003203,14/09/2025 03:08,14/09/2025 03:08,1,1,/home/users/alyduf25/INSPIRE/outputs/singapore/inference/dep000144/raw_outputs/ami-mini-20250913T200847.jpg,crop_1,moth,Diptera Nematocera,Hypena lividalis,Noctuidae,Plodia,Plodia interpunctella,,0,TRUE
Track_003204,14/09/2025 03:10,14/09/2025 03:10,1,1,/home/users/alyduf25/INSPIRE/outputs/singapore/inference/dep000144/raw_outputs/ami-mini-20250913T201048.jpg,crop_1,nonmoth,Diptera Nematocera,,,,,,0,TRUE
Track_003205,14/09/2025 03:12,14/09/2025 03:12,1,1,/home/users/alyduf25/INSPIRE/outputs/singapore/inference/dep000144/raw_outputs/ami-mini-20250913T201249.jpg,crop_1,nonmoth,Diptera Nematocera,,,,,,0,TRUE
Track_003206,14/09/2025 03:14,14/09/2025 03:14,1,1,/home/users/alyduf25/INSPIRE/outputs/singapore/inference/dep000144/raw_outputs/ami-mini-20250913T201450.jpg,crop_1,nonmoth,Diptera Nematocera,,,,,,0,TRUE
Track_003207,14/09/2025 03:14,14/09/2025 03:14,1,1,/home/users/alyduf25/INSPIRE/outputs/singapore/inference/dep000144/raw_outputs/ami-mini-20250913T201450.jpg,crop_2,nonmoth,Lepidoptera Macros,Psilogramma increta,Lasiocampidae,Incurvaria,Lampronia oehlmaniella,,0,TRUE
Track_003208,14/09/2025 03:16,14/09/2025 03:16,1,1,/home/users/alyduf25/INSPIRE/outputs/singapore/inference/dep000144/raw_outputs/ami-mini-20250913T201651.jpg,crop_1,nonmoth,Lepidoptera Macros,Erechthias zebrina,Pieridae,Anthocharis,Anthocharis cardamines,2.359620899,0,TRUE
Track_003209,14/09/2025 03:16,14/09/2025 03:16,1,1,/home/users/alyduf25/INSPIRE/outputs/singapore/inference/dep000144/raw_outputs/ami-mini-20250913T201651.jpg,crop_2,nonmoth,Diptera Nematocera,,,,,,0,TRUE
Track_003210,14/09/2025 03:18,14/09/2025 03:18,1,1,/home/users/alyduf25/INSPIRE/outputs/singapore/inference/dep000144/raw_outputs/ami-mini-20250913T201852.jpg,crop_2,nonmoth,Diptera Nematocera,,,,,,0,TRUE
Track_003211,14/09/2025 03:20,14/09/2025 03:20,1,1,/home/users/alyduf25/INSPIRE/outputs/singapore/inference/dep000144/raw_outputs/ami-mini-20250913T202053.jpg,crop_2,nonmoth,Diptera Nematocera,,,,,,0,TRUE
Track_003212,14/09/2025 03:22,14/09/2025 03:22,1,1,/home/users/alyduf25/INSPIRE/outputs/singapore/inference/dep000144/raw_outputs/ami-mini-20250913T202254.jpg,crop_1,nonmoth,Diptera Nematocera,,,,,,0,TRUE
Track_003213,14/09/2025 03:24,14/09/2025 03:24,1,1,/home/users/alyduf25/INSPIRE/outputs/singapore/inference/dep000144/raw_outputs/ami-mini-20250913T202455.jpg,crop_1,nonmoth,Diptera Nematocera,,,,,,0,TRUE
Track_003214,14/09/2025 03:24,14/09/2025 03:24,1,1,/home/users/alyduf25/INSPIRE/outputs/singapore/inference/dep000144/raw_outputs/ami-mini-20250913T202455.jpg,crop_3,nonmoth,Diptera Nematocera,,,,,,0,TRUE
Track_003215,14/09/2025 03:26,14/09/2025 03:26,1,1,/home/users/alyduf25/INSPIRE/outputs/singapore/inference/dep000144/raw_outputs/ami-mini-20250913T202656.jpg,crop_2,nonmoth,Diptera Nematocera,,,,,,0,TRUE
Track_003216,14/09/2025 03:26,14/09/2025 03:26,1,1,/home/users/alyduf25/INSPIRE/outputs/singapore/inference/dep000144/raw_outputs/ami-mini-20250913T202656.jpg,crop_3,nonmoth,Diptera Nematocera,,,,,,0,TRUE
Track_003217,14/09/2025 03:28,14/09/2025 03:28,1,1,/home/users/alyduf25/INSPIRE/outputs/singapore/inference/dep000144/raw_outputs/ami-mini-20250913T202857.jpg,crop_2,nonmoth,Diptera Nematocera,,,,,,0,TRUE
Track_003218,14/09/2025 03:30,14/09/2025 03:30,1,1,/home/users/alyduf25/INSPIRE/outputs/singapore/inference/dep000144/raw_outputs/ami-mini-20250913T203058.jpg,crop_1,nonmoth,Diptera Nematocera,,,,,,0,TRUE
Track_003219,14/09/2025 03:32,14/09/2025 03:32,1,1,/home/users/alyduf25/INSPIRE/outputs/singapore/inference/dep000144/raw_outputs/ami-mini-20250913T203259.jpg,crop_1,nonmoth,Lepidoptera Macros,Theretra latreillii,Noctuidae,Tyria,Tyria jacobaeae,,0,TRUE
Track_003220,14/09/2025 03:32,14/09/2025 03:32,1,1,/home/users/alyduf25/INSPIRE/outputs/singapore/inference/dep000144/raw_outputs/ami-mini-20250913T203259.jpg,crop_2,nonmoth,Diptera Nematocera,,,,,,0,TRUE
Track_003221,14/09/2025 03:35,14/09/2025 03:35,1,1,/home/users/alyduf25/INSPIRE/outputs/singapore/inference/dep000144/raw_outputs/ami-mini-20250913T203500.jpg,crop_1,nonmoth,Diptera Nematocera,,,,,,0,TRUE
Track_003222,14/09/2025 03:37,14/09/2025 03:37,1,1,/home/users/alyduf25/INSPIRE/outputs/singapore/inference/dep000144/raw_outputs/ami-mini-20250913T203701.jpg,crop_1,nonmoth,Diptera Nematocera,,,,,,0,TRUE
Track_003223,14/09/2025 03:39,14/09/2025 03:39,1,1,/home/users/alyduf25/INSPIRE/outputs/singapore/inference/dep000144/raw_outputs/ami-mini-20250913T203902.jpg,crop_2,nonmoth,Diptera Nematocera,,,,,,0,TRUE
Track_003224,14/09/2025 03:41,14/09/2025 03:41,1,1,/home/users/alyduf25/INSPIRE/outputs/singapore/inference/dep000144/raw_outputs/ami-mini-20250913T204103.jpg,crop_2,nonmoth,Diptera Nematocera,,,,,,0,TRUE
Track_003225,14/09/2025 03:43,14/09/2025 03:43,1,1,/home/users/alyduf25/INSPIRE/outputs/singapore/inference/dep000144/raw_outputs/ami-mini-20250913T204304.jpg,crop_1,nonmoth,Diptera Nematocera,,,,,,0,TRUE
Track_003226,14/09/2025 03:45,14/09/2025 03:45,1,1,/home/users/alyduf25/INSPIRE/outputs/singapore/inference/dep000144/raw_outputs/ami-mini-20250913T204505.jpg,crop_1,nonmoth,Diptera Nematocera,,,,,,0,TRUE
Track_003227,14/09/2025 03:47,14/09/2025 03:47,1,1,/home/users/alyduf25/INSPIRE/outputs/singapore/inference/dep000144/raw_outputs/ami-mini-20250913T204706.jpg,crop_1,moth,Diptera Nematocera,Ephestiodes infimella,Noctuidae,Plodia,Plodia interpunctella,,0,TRUE
Track_003228,14/09/2025 03:49,14/09/2025 03:49,1,1,/home/users/alyduf25/INSPIRE/outputs/singapore/inference/dep000144/raw_outputs/ami-mini-20250913T204907.jpg,crop_2,nonmoth,Diptera Nematocera,,,,,,0,TRUE
Track_003229,14/09/2025 03:51,14/09/2025 03:51,1,1,/home/users/alyduf25/INSPIRE/outputs/singapore/inference/dep000144/raw_outputs/ami-mini-20250913T205108.jpg,crop_1,nonmoth,Ephemeroptera,,,,,,0,TRUE
Track_003230,14/09/2025 03:53,14/09/2025 03:53,1,1,/home/users/alyduf25/INSPIRE/outputs/singapore/inference/dep000144/raw_outputs/ami-mini-20250913T205309.jpg,crop_2,nonmoth,Diptera Nematocera,,,,,,0,TRUE
Track_003231,14/09/2025 03:55,14/09/2025 04:01,4,4,/home/users/alyduf25/INSPIRE/outputs/singapore/inference/dep000144/raw_outputs/ami-mini-20250913T205510.jpg,crop_1,nonmoth,Lepidoptera Macros,Theretra nessus,Tortricidae,Psyche,Psyche casta,0.6672963098291853,6.05,FALSE
Track_003232,14/09/2025 03:55,14/09/2025 03:55,1,1,/home/users/alyduf25/INSPIRE/outputs/singapore/inference/dep000144/raw_outputs/ami-mini-20250913T205510.jpg,crop_2,nonmoth,Diptera Nematocera,,,,,,0,TRUE
Track_003233,14/09/2025 03:57,14/09/2025 03:57,1,1,/home/users/alyduf25/INSPIRE/outputs/singapore/inference/dep000144/raw_outputs/ami-mini-20250913T205711.jpg,crop_2,nonmoth,Diptera Nematocera,,,,,,0,TRUE
Track_003234,14/09/2025 03:59,14/09/2025 03:59,1,1,/home/users/alyduf25/INSPIRE/outputs/singapore/inference/dep000144/raw_outputs/ami-mini-20250913T205912.jpg,crop_2,nonmoth,Diptera Nematocera,,,,,,0,TRUE
Track_003235,14/09/2025 04:01,14/09/2025 04:01,1,1,/home/users/alyduf25/INSPIRE/outputs/singapore/inference/dep000144/raw_outputs/ami-mini-20250913T210113.jpg,crop_2,nonmoth,Diptera Nematocera,,,,,,0,TRUE
Track_003236,14/09/2025 04:03,14/09/2025 04:03,1,1,/home/users/alyduf25/INSPIRE/outputs/singapore/inference/dep000144/raw_outputs/ami-mini-20250913T210314.jpg,crop_1,nonmoth,Diptera Nematocera,,,,,,0,TRUE
Track_003237,14/09/2025 04:05,14/09/2025 04:05,1,1,/home/users/alyduf25/INSPIRE/outputs/singapore/inference/dep000144/raw_outputs/ami-mini-20250913T210515.jpg,crop_1,nonmoth,Diptera Nematocera,,,,,,0,TRUE
Track_003238,14/09/2025 04:07,14/09/2025 04:07,1,1,/home/users/alyduf25/INSPIRE/outputs/singapore/inference/dep000144/raw_outputs/ami-mini-20250913T210716.jpg,crop_2,moth,Diptera Nematocera,Cryptothelea gloverii,Noctuidae,Plodia,Plodia interpunctella,,0,TRUE
Track_003239,14/09/2025 04:07,14/09/2025 04:07,1,1,/home/users/alyduf25/INSPIRE/outputs/singapore/inference/dep000144/raw_outputs/ami-mini-20250913T210716.jpg,crop_3,moth,Lepidoptera Macros,Trilocha varians,Noctuidae,Anania,Anania hortulata,,0,TRUE
Track_003240,14/09/2025 04:09,14/09/2025 04:09,1,1,/home/users/alyduf25/INSPIRE/outputs/singapore/inference/dep000144/raw_outputs/ami-mini-20250913T210917.jpg,crop_1,nonmoth,Lepidoptera Macros,Trilocha varians,Noctuidae,Etiella,Etiella zinckenella,2.504571875,0,TRUE
Track_003241,14/09/2025 04:09,14/09/2025 04:09,1,1,/home/users/alyduf25/INSPIRE/outputs/singapore/inference/dep000144/raw_outputs/ami-mini-20250913T210917.jpg,crop_2,nonmoth,Diptera Nematocera,,,,,,0,TRUE
Track_003242,14/09/2025 04:11,14/09/2025 04:11,1,1,/home/users/alyduf25/INSPIRE/outputs/singapore/inference/dep000144/raw_outputs/ami-mini-20250913T211118.jpg,crop_1,nonmoth,Diptera Nematocera,,,,,,0,TRUE
Track_003243,14/09/2025 04:13,14/09/2025 04:13,1,1,/home/users/alyduf25/INSPIRE/outputs/singapore/inference/dep000144/raw_outputs/ami-mini-20250913T211319.jpg,crop_1,nonmoth,Diptera Nematocera,,,,,,0,TRUE
Track_003244,14/09/2025 04:23,14/09/2025 04:23,1,1,/home/users/alyduf25/INSPIRE/outputs/singapore/inference/dep000144/raw_outputs/ami-mini-20250913T212324.jpg,crop_1,nonmoth,Lepidoptera Macros,Theretra latreillii,Geometridae,Thetidia,Thetidia smaragdaria,,0,TRUE
Track_003245,14/09/2025 04:25,14/09/2025 04:27,2,2,/home/users/alyduf25/INSPIRE/outputs/singapore/inference/dep000144/raw_outputs/ami-mini-20250913T212525.jpg,crop_1,nonmoth,Lepidoptera Macros,Theretra latreillii,Geometridae,Thetidia,Thetidia smaragdaria,0.7311295120290436,2.0166666666666666,FALSE
Track_003246,15/09/2025 19:42,15/09/2025 19:42,1,1,/home/users/alyduf25/INSPIRE/outputs/singapore/inference/dep000144/raw_outputs/ami-mini-20250915T124219.jpg,crop_1,nonmoth,Lepidoptera Micros,Phereoeca uterella,Nolidae,Earias,Earias clorana,,0,TRUE
Track_003247,15/09/2025 19:54,15/09/2025 19:54,1,1,/home/users/alyduf25/INSPIRE/outputs/singapore/inference/dep000144/raw_outputs/ami-mini-20250915T125425.jpg,crop_1,nonmoth,Lepidoptera Macros,Exelastis pumilio,Yponomeutidae,Yponomeuta,Yponomeuta padella,,0,TRUE
Track_003248,15/09/2025 19:58,15/09/2025 19:58,1,1,/home/users/alyduf25/INSPIRE/outputs/singapore/inference/dep000144/raw_outputs/ami-mini-20250915T125827.jpg,crop_1,nonmoth,Lepidoptera Macros,Erechthias zebrina,Drepanidae,Watsonalla,Watsonalla cultraria,,0,TRUE
Track_003249,15/09/2025 20:18,15/09/2025 20:18,1,1,/home/users/alyduf25/INSPIRE/outputs/singapore/inference/dep000144/raw_outputs/ami-mini-20250915T131837.jpg,crop_2,moth,Lepidoptera Macros,Trilocha varians,Pterophoridae,Gillmeria,Gillmeria pallidactyla,,0,TRUE
Track_003250,15/09/2025 20:20,15/09/2025 20:20,1,1,/home/users/alyduf25/INSPIRE/outputs/singapore/inference/dep000144/raw_outputs/ami-mini-20250915T132038.jpg,crop_1,nonmoth,Lepidoptera Macros,Parapoynx allionealis,Psychidae,Psyche,Psyche casta,2.211685208063177,0,TRUE
Track_003251,15/09/2025 20:22,15/09/2025 20:22,1,1,/home/users/alyduf25/INSPIRE/outputs/singapore/inference/dep000144/raw_outputs/ami-mini-20250915T132239.jpg,crop_1,nonmoth,Lepidoptera Macros,Theretra latreillii,Drepanidae,Watsonalla,Watsonalla cultraria,1.2325575981940586,0,TRUE
Track_003252,15/09/2025 20:28,15/09/2025 20:28,1,1,/home/users/alyduf25/INSPIRE/outputs/singapore/inference/dep000144/raw_outputs/ami-mini-20250915T132842.jpg,crop_1,nonmoth,Lepidoptera Macros,Theretra latreillii,Sesiidae,Synanthedon,Synanthedon myopaeformis,,0,TRUE
Track_003253,15/09/2025 20:30,15/09/2025 20:30,1,1,/home/users/alyduf25/INSPIRE/outputs/singapore/inference/dep000144/raw_outputs/ami-mini-20250915T133043.jpg,crop_1,nonmoth,Lepidoptera Macros,Theretra latreillii,Adelidae,Adela,Adela croesella,1.4150529847055673,0,TRUE
Track_003254,15/09/2025 21:13,15/09/2025 21:25,7,7,/home/users/alyduf25/INSPIRE/outputs/singapore/inference/dep000144/raw_outputs/ami-mini-20250915T141304.jpg,crop_1,nonmoth,Lepidoptera Macros,Trilocha varians,Geometridae,Triodia,Triodia sylvina,0.056082564,12.1,FALSE
Track_003255,15/09/2025 21:27,15/09/2025 21:31,3,3,/home/users/alyduf25/INSPIRE/outputs/singapore/inference/dep000144/raw_outputs/ami-mini-20250915T142711.jpg,crop_1,nonmoth,Lepidoptera Macros,Sphenarches anisodactylus,Depressariidae,Agonopterix,Agonopterix ciliella,0.920692034,4.033333333333333,FALSE
Track_003256,15/09/2025 21:33,15/09/2025 21:39,4,4,/home/users/alyduf25/INSPIRE/outputs/singapore/inference/dep000144/raw_outputs/ami-mini-20250915T143314.jpg,crop_1,nonmoth,Lepidoptera Macros,Theretra latreillii,Sesiidae,Synanthedon,Synanthedon myopaeformis,0.299491129,6.05,FALSE
Track_003257,15/09/2025 21:41,15/09/2025 21:49,5,5,/home/users/alyduf25/INSPIRE/outputs/singapore/inference/dep000144/raw_outputs/ami-mini-20250915T144118.jpg,crop_1,nonmoth,Lepidoptera Macros,Attacus atlas,Sesiidae,Synanthedon,Synanthedon myopaeformis,0.3241256065809912,8.066666666666666,FALSE
Track_003258,15/09/2025 21:57,15/09/2025 21:57,1,1,/home/users/alyduf25/INSPIRE/outputs/singapore/inference/dep000144/raw_outputs/ami-mini-20250915T145726.jpg,crop_1,nonmoth,Lepidoptera Macros,Theretra latreillii,Geometridae,Thetidia,Thetidia smaragdaria,,0,TRUE
Track_003259,15/09/2025 22:09,15/09/2025 22:09,1,1,/home/users/alyduf25/INSPIRE/outputs/singapore/inference/dep000144/raw_outputs/ami-mini-20250915T150932.jpg,crop_1,nonmoth,Lepidoptera Macros,Trilocha varians,Noctuidae,Diurnea,Diurnea fagella,,0,TRUE
Track_003260,15/09/2025 22:11,15/09/2025 22:11,1,1,/home/users/alyduf25/INSPIRE/outputs/singapore/inference/dep000144/raw_outputs/ami-mini-20250915T151133.jpg,crop_1,nonmoth,Lepidoptera Macros,Theretra latreillii,Pieridae,Colias,Colias tyche,1.0262979886544394,0,TRUE
Track_003261,15/09/2025 22:15,15/09/2025 22:19,3,3,/home/users/alyduf25/INSPIRE/outputs/singapore/inference/dep000144/raw_outputs/ami-mini-20250915T151535.jpg,crop_1,nonmoth,Lepidoptera Macros,Hippotion celerio,Geometridae,Gymnancyla,Gymnancyla canella,0.049518594,4.033333333333333,FALSE
Track_003262,15/09/2025 22:27,15/09/2025 22:35,5,5,/home/users/alyduf25/INSPIRE/outputs/singapore/inference/dep000144/raw_outputs/ami-mini-20250915T152741.jpg,crop_1,nonmoth,Lepidoptera Macros,Theretra latreillii,Geometridae,Agonopterix,Agonopterix scopariella,0.2845777120844607,8.066666666666666,FALSE
Track_003263,15/09/2025 22:35,15/09/2025 22:35,1,1,/home/users/alyduf25/INSPIRE/outputs/singapore/inference/dep000144/raw_outputs/ami-mini-20250915T153545.jpg,crop_2,moth,Lepidoptera Macros,Hyposidra talaca,Geometridae,Mesoleuca,Mesoleuca albicillata,2.509724435078984,0,TRUE
Track_003264,15/09/2025 22:37,15/09/2025 22:39,2,2,/home/users/alyduf25/INSPIRE/outputs/singapore/inference/dep000144/raw_outputs/ami-mini-20250915T153746.jpg,crop_1,nonmoth,Lepidoptera Macros,Sphenarches anisodactylus,Tortricidae,Isotrias,Isotrias rectifasciana,0.8597320104365023,2.0166666666666666,FALSE
Track_003265,15/09/2025 22:47,15/09/2025 22:47,1,1,/home/users/alyduf25/INSPIRE/outputs/singapore/inference/dep000144/raw_outputs/ami-mini-20250915T154751.jpg,crop_1,nonmoth,Lepidoptera Macros,Theretra latreillii,Noctuidae,Endrosis,Endrosis sarcitrella,,0,TRUE
Track_003266,15/09/2025 22:49,15/09/2025 22:49,1,1,/home/users/alyduf25/INSPIRE/outputs/singapore/inference/dep000144/raw_outputs/ami-mini-20250915T154952.jpg,crop_1,nonmoth,Lepidoptera Macros,Sphenarches anisodactylus,Sesiidae,Synanthedon,Synanthedon myopaeformis,1.5315138158136157,0,TRUE
Track_003267,15/09/2025 22:49,15/09/2025 22:49,1,1,/home/users/alyduf25/INSPIRE/outputs/singapore/inference/dep000144/raw_outputs/ami-mini-20250915T154952.jpg,crop_2,moth,Lepidoptera Macros,Trilocha varians,Pterophoridae,Amblyptilia,Amblyptilia acanthadactyla,2.345628815890986,0,TRUE
Track_003268,15/09/2025 22:57,15/09/2025 22:57,1,1,/home/users/alyduf25/INSPIRE/outputs/singapore/inference/dep000144/raw_outputs/ami-mini-20250915T155756.jpg,crop_1,nonmoth,Lepidoptera Macros,Theretra latreillii,Hepialidae,Triodia,Triodia sylvina,,0,TRUE
Track_003269,15/09/2025 22:59,15/09/2025 23:01,2,2,/home/users/alyduf25/INSPIRE/outputs/singapore/inference/dep000144/raw_outputs/ami-mini-20250915T155957.jpg,crop_1,nonmoth,Lepidoptera Macros,Theretra latreillii,Depressariidae,Agonopterix,Agonopterix ciliella,1.2331645433745215,2.0166666666666666,FALSE
Track_003270,15/09/2025 23:03,15/09/2025 23:14,6,6,/home/users/alyduf25/INSPIRE/outputs/singapore/inference/dep000144/raw_outputs/ami-mini-20250915T160359.jpg,crop_1,nonmoth,Lepidoptera Macros,Theretra latreillii,Sesiidae,Synanthedon,Synanthedon myopaeformis,0.4440532154614556,10.083333333333334,FALSE
Track_003271,15/09/2025 23:10,15/09/2025 23:12,2,2,/home/users/alyduf25/INSPIRE/outputs/singapore/inference/dep000144/raw_outputs/ami-mini-20250915T161002.jpg,crop_2,moth,Lepidoptera Macros,Hyposidra talaca,Geometridae,Mesoleuca,Mesoleuca albicillata,1.7005403419665857,2.0166666666666666,FALSE
Track_003272,15/09/2025 23:16,15/09/2025 23:18,2,2,/home/users/alyduf25/INSPIRE/outputs/singapore/inference/dep000144/raw_outputs/ami-mini-20250915T161605.jpg,crop_1,nonmoth,Lepidoptera Macros,Trilocha varians,Sesiidae,Synanthedon,Synanthedon myopaeformis,1.158775441697287,2.0166666666666666,FALSE
Track_003273,15/09/2025 23:18,15/09/2025 23:18,1,1,/home/users/alyduf25/INSPIRE/outputs/singapore/inference/dep000144/raw_outputs/ami-mini-20250915T161806.jpg,crop_2,moth,Lepidoptera Macros,Trilocha varians,Pterophoridae,Gillmeria,Gillmeria pallidactyla,2.333880009296555,0,TRUE
Track_003274,15/09/2025 23:20,15/09/2025 23:28,5,5,/home/users/alyduf25/INSPIRE/outputs/singapore/inference/dep000144/raw_outputs/ami-mini-20250915T162007.jpg,crop_1,nonmoth,Lepidoptera Macros,Theretra latreillii,Geometridae,Xanthorhoe,Xanthorhoe ferrugata,0.3307088700422763,8.066666666666666,FALSE
Track_003275,15/09/2025 23:24,15/09/2025 23:28,3,3,/home/users/alyduf25/INSPIRE/outputs/singapore/inference/dep000144/raw_outputs/ami-mini-20250915T162409.jpg,crop_2,moth,Lepidoptera Macros,Hyposidra talaca,Pterophoridae,Gillmeria,Gillmeria ochrodactyla,1.1113986319555889,4.033333333333333,FALSE
Track_003276,15/09/2025 23:30,15/09/2025 23:30,1,1,/home/users/alyduf25/INSPIRE/outputs/singapore/inference/dep000144/raw_outputs/ami-mini-20250915T163012.jpg,crop_1,nonmoth,Lepidoptera Macros,Hippotion rosetta,Sesiidae,Synanthedon,Synanthedon myopaeformis,1.455865204698242,0,TRUE
Track_003277,15/09/2025 23:32,15/09/2025 23:32,1,1,/home/users/alyduf25/INSPIRE/outputs/singapore/inference/dep000144/raw_outputs/ami-mini-20250915T163213.jpg,crop_1,moth,Lepidoptera Micros,Ephestiodes infimella,Noctuidae,Entephria,Entephria flavicinctata,3.0920828265348748,0,TRUE
Track_003278,15/09/2025 23:34,15/09/2025 23:34,1,1,/home/users/alyduf25/INSPIRE/outputs/singapore/inference/dep000144/raw_outputs/ami-mini-20250915T163414.jpg,crop_1,nonmoth,Lepidoptera Macros,Attacus atlas,Crambidae,Anania,Anania hortulata,3.2560885696585444,0,TRUE
Track_003279,15/09/2025 23:38,15/09/2025 23:54,9,9,/home/users/alyduf25/INSPIRE/outputs/singapore/inference/dep000144/raw_outputs/ami-mini-20250915T163816.jpg,crop_1,nonmoth,Lepidoptera Macros,Exelastis pumilio,Noctuidae,Nyea,Nyea lurideola,0.401490597,16.133333333333333,FALSE
Track_003280,15/09/2025 23:46,15/09/2025 23:46,1,1,/home/users/alyduf25/INSPIRE/outputs/singapore/inference/dep000144/raw_outputs/ami-mini-20250915T164620.jpg,crop_2,nonmoth,Lepidoptera Micros,Ephestiodes infimella,Gracillariidae,Caloptilia,Caloptilia stigmatella,2.795076781,0,TRUE
Track_003281,15/09/2025 23:48,15/09/2025 23:48,1,1,/home/users/alyduf25/INSPIRE/outputs/singapore/inference/dep000144/raw_outputs/ami-mini-20250915T164821.jpg,crop_2,moth,Lepidoptera Macros,Hyposidra talaca,Pterophoridae,Amblyptilia,Amblyptilia acanthadactyla,1.9226990208669048,0,TRUE
Track_003282,15/09/2025 23:50,15/09/2025 23:54,3,3,/home/users/alyduf25/INSPIRE/outputs/singapore/inference/dep000144/raw_outputs/ami-mini-20250915T165022.jpg,crop_2,moth,Lepidoptera Macros,Trilocha varians,Pterophoridae,Amblyptilia,Amblyptilia acanthadactyla,0.7171466807750512,4.033333333333333,FALSE
Track_003283,15/09/2025 23:54,15/09/2025 23:54,1,1,/home/users/alyduf25/INSPIRE/outputs/singapore/inference/dep000144/raw_outputs/ami-mini-20250915T165424.jpg,crop_2,nonmoth,Lepidoptera Micros,Ephestiodes infimella,Lasiocampidae,Lasiocampa,Lasiocampa trifolii,2.540915694453657,0,TRUE
Track_003284,15/09/2025 23:56,16/09/2025 00:06,6,6,/home/users/alyduf25/INSPIRE/outputs/singapore/inference/dep000144/raw_outputs/ami-mini-20250915T165625.jpg,crop_1,nonmoth,Lepidoptera Macros,Trilocha varians,Geometridae,Eupithecia,Epinotia crenana,0.4745338772896307,10.083333333333334,FALSE
Track_003285,15/09/2025 23:58,15/09/2025 23:58,1,1,/home/users/alyduf25/INSPIRE/outputs/singapore/inference/dep000144/raw_outputs/ami-mini-20250915T165826.jpg,crop_2,moth,Lepidoptera Macros,Trilocha varians,Pterophoridae,Amblyptilia,Amblyptilia acanthadactyla,2.0347618665931244,0,TRUE
Track_003286,15/09/2025 23:58,15/09/2025 23:58,1,1,/home/users/alyduf25/INSPIRE/outputs/singapore/inference/dep000144/raw_outputs/ami-mini-20250915T165826.jpg,crop_3,moth,Lepidoptera Macros,Trilocha varians,Noctuidae,Globia,Globia sparganii,2.160991860721203,0,TRUE
Track_003287,16/09/2025 00:02,16/09/2025 00:06,3,3,/home/users/alyduf25/INSPIRE/outputs/singapore/inference/dep000144/raw_outputs/ami-mini-20250915T170228.jpg,crop_2,moth,Lepidoptera Macros,Trilocha varians,Pterophoridae,Amblyptilia,Amblyptilia acanthadactyla,0.7150955769446669,4.033333333333333,FALSE
Track_003288,16/09/2025 00:08,16/09/2025 00:08,1,1,/home/users/alyduf25/INSPIRE/outputs/singapore/inference/dep000144/raw_outputs/ami-mini-20250915T170831.jpg,crop_1,nonmoth,Lepidoptera Macros,Theretra latreillii,Sesiidae,Synanthedon,Synanthedon myopaeformis,1.2671807495024645,0,TRUE
Track_003289,16/09/2025 00:12,16/09/2025 00:16,3,3,/home/users/alyduf25/INSPIRE/outputs/singapore/inference/dep000144/raw_outputs/ami-mini-20250915T171233.jpg,crop_1,nonmoth,Lepidoptera Macros,Theretra latreillii,Lasiocampidae,Malacosoma,Malacosoma castrense,0.2121519328842997,4.033333333333333,FALSE
Track_003290,16/09/2025 00:18,16/09/2025 00:18,1,1,/home/users/alyduf25/INSPIRE/outputs/singapore/inference/dep000144/raw_outputs/ami-mini-20250915T171836.jpg,crop_1,nonmoth,Lepidoptera Macros,Theretra clotho,Geometridae,Agonopterix,Agonopterix ciliella,1.3803416310803267,0,TRUE
Track_003291,16/09/2025 00:20,16/09/2025 00:24,3,3,/home/users/alyduf25/INSPIRE/outputs/singapore/inference/dep000144/raw_outputs/ami-mini-20250915T172037.jpg,crop_1,nonmoth,Lepidoptera Macros,Theretra latreillii,Sesiidae,Synanthedon,Synanthedon myopaeformis,0.5567514906490695,4.033333333333333,FALSE
Track_003292,16/09/2025 00:22,16/09/2025 00:22,1,1,/home/users/alyduf25/INSPIRE/outputs/singapore/inference/dep000144/raw_outputs/ami-mini-20250915T172238.jpg,crop_2,nonmoth,Lepidoptera Micros,Ephestiodes infimella,Geometridae,Aplocera,Aplocera plagiata,2.938519972523462,0,TRUE
Track_003293,16/09/2025 00:24,16/09/2025 00:24,1,1,/home/users/alyduf25/INSPIRE/outputs/singapore/inference/dep000144/raw_outputs/ami-mini-20250915T172439.jpg,crop_2,nonmoth,Diptera Nematocera,,,,,,0,TRUE
Track_003294,16/09/2025 00:26,16/09/2025 00:28,2,2,/home/users/alyduf25/INSPIRE/outputs/singapore/inference/dep000144/raw_outputs/ami-mini-20250915T172640.jpg,crop_1,nonmoth,Lepidoptera Macros,Trilocha varians,Depressariidae,Agonopterix,Agonopterix ciliella,1.1033313452058813,2.0166666666666666,FALSE
Track_003295,16/09/2025 00:26,16/09/2025 00:38,7,7,/home/users/alyduf25/INSPIRE/outputs/singapore/inference/dep000144/raw_outputs/ami-mini-20250915T172640.jpg,crop_2,moth,Diptera Nematocera,Ephestiodes infimella,Hepialidae,Triodia,Triodia sylvina,0.6519668498394992,12.1,FALSE
Track_003296,16/09/2025 00:30,16/09/2025 00:30,1,1,/home/users/alyduf25/INSPIRE/outputs/singapore/inference/dep000144/raw_outputs/ami-mini-20250915T173042.jpg,crop_2,nonmoth,Lepidoptera Micros,Tinea pellionella,Crambidae,Parapoynx,Parapoynx stratiotata,1.7951853639848467,0,TRUE
Track_003297,16/09/2025 00:32,16/09/2025 00:38,4,4,/home/users/alyduf25/INSPIRE/outputs/singapore/inference/dep000144/raw_outputs/ami-mini-20250915T173243.jpg,crop_1,nonmoth,Lepidoptera Macros,Hippotion rosetta,Geometridae,Acronicta,Acronicta aceris,1.4093549889320114,6.05,FALSE
Track_003298,16/09/2025 00:34,16/09/2025 00:34,1,1,/home/users/alyduf25/INSPIRE/outputs/singapore/inference/dep000144/raw_outputs/ami-mini-20250915T173444.jpg,crop_3,moth,Lepidoptera Macros,Trilocha varians,Pterophoridae,Amblyptilia,Amblyptilia acanthadactyla,2.280742750238036,0,TRUE
Track_003299,16/09/2025 00:38,16/09/2025 00:38,1,1,/home/users/alyduf25/INSPIRE/outputs/singapore/inference/dep000144/raw_outputs/ami-mini-20250915T173846.jpg,crop_3,moth,Lepidoptera Macros,Trilocha varians,Pterophoridae,Amblyptilia,Amblyptilia acanthadactyla,2.3205620129695217,0,TRUE
Track_003300,16/09/2025 00:40,16/09/2025 00:42,2,2,/home/users/alyduf25/INSPIRE/outputs/singapore/inference/dep000144/raw_outputs/ami-mini-20250915T174047.jpg,crop_1,nonmoth,Lepidoptera Macros,Hippotion rosetta,Depressariidae,Agonopterix,Agonopterix ciliella,0.9155708108710796,2.0166666666666666,FALSE
Track_003301,16/09/2025 00:50,16/09/2025 00:52,2,2,/home/users/alyduf25/INSPIRE/outputs/singapore/inference/dep000144/raw_outputs/ami-mini-20250915T175052.jpg,crop_1,nonmoth,Lepidoptera Macros,Exelastis pumilio,Geometridae,Malacosoma,Conistra rubiginosa,0.2528783362639051,2.0166666666666666,FALSE
Track_003302,16/09/2025 00:54,16/09/2025 00:54,1,1,/home/users/alyduf25/INSPIRE/outputs/singapore/inference/dep000144/raw_outputs/ami-mini-20250915T175454.jpg,crop_1,nonmoth,Lepidoptera Macros,Attacus atlas,Sesiidae,Synanthedon,Synanthedon myopaeformis,1.4946461335779635,0,TRUE
Track_003303,16/09/2025 00:56,16/09/2025 00:56,1,1,/home/users/alyduf25/INSPIRE/outputs/singapore/inference/dep000144/raw_outputs/ami-mini-20250915T175655.jpg,crop_1,nonmoth,Lepidoptera Macros,Theretra latreillii,Sesiidae,Synanthedon,Synanthedon myopaeformis,1.2312947944890713,0,TRUE
Track_003304,16/09/2025 01:02,16/09/2025 01:04,2,2,/home/users/alyduf25/INSPIRE/outputs/singapore/inference/dep000144/raw_outputs/ami-mini-20250915T180258.jpg,crop_1,nonmoth,Lepidoptera Macros,Theretra latreillii,Noctuidae,Conistra,Conistra rubiginosa,0.6492198523300884,2.0166666666666666,FALSE
Track_003305,16/09/2025 01:09,16/09/2025 01:09,1,1,/home/users/alyduf25/INSPIRE/outputs/singapore/inference/dep000144/raw_outputs/ami-mini-20250915T180901.jpg,crop_1,nonmoth,Lepidoptera Macros,Theretra latreillii,Noctuidae,Dysstroma,Hoplodrina octogenaria,,0,TRUE
Track_003306,16/09/2025 01:35,16/09/2025 01:35,1,1,/home/users/alyduf25/INSPIRE/outputs/singapore/inference/dep000144/raw_outputs/ami-mini-20250915T183514.jpg,crop_2,moth,Lepidoptera Macros,Trilocha varians,Drepanidae,Falcaria,Falcaria lacertinaria,,0,TRUE
Track_003307,16/09/2025 01:39,16/09/2025 01:39,1,1,/home/users/alyduf25/INSPIRE/outputs/singapore/inference/dep000144/raw_outputs/ami-mini-20250915T183916.jpg,crop_2,moth,Lepidoptera Macros,Trilocha varians,Pterophoridae,Amblyptilia,Amblyptilia acanthadactyla,,0,TRUE
Track_003308,16/09/2025 01:41,16/09/2025 01:41,1,1,/home/users/alyduf25/INSPIRE/outputs/singapore/inference/dep000144/raw_outputs/ami-mini-20250915T184117.jpg,crop_1,nonmoth,Lepidoptera Macros,Sphenarches anisodactylus,Sesiidae,Synanthedon,Synanthedon myopaeformis,2.264294129088696,0,TRUE
Track_003309,16/09/2025 01:43,16/09/2025 01:43,1,1,/home/users/alyduf25/INSPIRE/outputs/singapore/inference/dep000144/raw_outputs/ami-mini-20250915T184318.jpg,crop_1,nonmoth,Lepidoptera Macros,Theretra latreillii,Tortricidae,Ochropacha,Ochropacha duplaris,1.314552859479468,0,TRUE
Track_003310,16/09/2025 01:43,16/09/2025 01:43,1,1,/home/users/alyduf25/INSPIRE/outputs/singapore/inference/dep000144/raw_outputs/ami-mini-20250915T184318.jpg,crop_2,moth,Lepidoptera Macros,Trilocha varians,Pterophoridae,Amblyptilia,Amblyptilia acanthadactyla,2.337924649381302,0,TRUE
Track_003311,16/09/2025 02:03,16/09/2025 02:11,5,5,/home/users/alyduf25/INSPIRE/outputs/singapore/inference/dep000144/raw_outputs/ami-mini-20250915T190328.jpg,crop_1,nonmoth,Lepidoptera Macros,Trilocha varians,Geometridae,Idaea,Idaea rusticata,0.2108308815416923,8.066666666666666,FALSE
Track_003312,16/09/2025 02:13,16/09/2025 02:13,1,1,/home/users/alyduf25/INSPIRE/outputs/singapore/inference/dep000144/raw_outputs/ami-mini-20250915T191333.jpg,crop_1,moth,Lepidoptera Micros,Ephestiodes infimella,Noctuidae,Noctua,Noctua janthe,2.851560977646636,0,TRUE
Track_003313,16/09/2025 02:15,16/09/2025 02:15,1,1,/home/users/alyduf25/INSPIRE/outputs/singapore/inference/dep000144/raw_outputs/ami-mini-20250915T191534.jpg,crop_1,nonmoth,Lepidoptera Macros,Hippotion celerio,Geometridae,Synanthedon,Synanthedon myopaeformis,2.9138305930130137,0,TRUE
Track_003314,16/09/2025 02:17,16/09/2025 02:23,4,4,/home/users/alyduf25/INSPIRE/outputs/singapore/inference/dep000144/raw_outputs/ami-mini-20250915T191735.jpg,crop_1,nonmoth,Lepidoptera Macros,Theretra latreillii,Drepanidae,Watsonalla,Maculinea nausithous,0.737115287,6.05,FALSE
Track_003315,16/09/2025 02:27,16/09/2025 02:31,3,3,/home/users/alyduf25/INSPIRE/outputs/singapore/inference/dep000144/raw_outputs/ami-mini-20250915T192740.jpg,crop_1,nonmoth,Lepidoptera Macros,Theretra latreillii,Tortricidae,Synanthedon,Synanthedon myopaeformis,0.5006295808558486,4.033333333333333,FALSE
Track_003316,16/09/2025 02:27,16/09/2025 02:27,1,1,/home/users/alyduf25/INSPIRE/outputs/singapore/inference/dep000144/raw_outputs/ami-mini-20250915T192740.jpg,crop_2,moth,Lepidoptera Micros,Endotricha mesenterialis,Gelechiidae,Aristotelia,Aristotelia brizella,,0,TRUE
Track_003317,16/09/2025 02:29,16/09/2025 02:31,2,2,/home/users/alyduf25/INSPIRE/outputs/singapore/inference/dep000144/raw_outputs/ami-mini-20250915T192941.jpg,crop_2,moth,Lepidoptera Macros,Trilocha varians,Pterophoridae,Amblyptilia,Amblyptilia acanthadactyla,1.2648094546379152,2.0166666666666666,FALSE
Track_003318,16/09/2025 02:29,16/09/2025 02:31,2,2,/home/users/alyduf25/INSPIRE/outputs/singapore/inference/dep000144/raw_outputs/ami-mini-20250915T192941.jpg,crop_3,moth,Lepidoptera Macros,Trilocha varians,Pterophoridae,Amblyptilia,Amblyptilia acanthadactyla,1.077277989785283,2.0166666666666666,FALSE
Track_003319,16/09/2025 02:45,16/09/2025 02:45,1,1,/home/users/alyduf25/INSPIRE/outputs/singapore/inference/dep000144/raw_outputs/ami-mini-20250915T194549.jpg,crop_1,nonmoth,Lepidoptera Macros,Trilocha varians,Geometridae,Agonopterix,Agonopterix ciliella,,0,TRUE
Track_003320,16/09/2025 02:45,16/09/2025 02:45,1,1,/home/users/alyduf25/INSPIRE/outputs/singapore/inference/dep000144/raw_outputs/ami-mini-20250915T194549.jpg,crop_2,nonmoth,Diptera Nematocera,,,,,,0,TRUE
Track_003321,16/09/2025 02:45,16/09/2025 02:45,1,1,/home/users/alyduf25/INSPIRE/outputs/singapore/inference/dep000144/raw_outputs/ami-mini-20250915T194549.jpg,crop_3,moth,Lepidoptera Macros,Trilocha varians,Pterophoridae,Amblyptilia,Amblyptilia acanthadactyla,,0,TRUE
Track_003322,16/09/2025 02:49,16/09/2025 02:51,2,2,/home/users/alyduf25/INSPIRE/outputs/singapore/inference/dep000144/raw_outputs/ami-mini-20250915T194951.jpg,crop_1,nonmoth,Lepidoptera Macros,Hippotion rosetta,Tortricidae,Notocelia,Notocelia rosaecolana,0.2770895687940494,2.0166666666666666,FALSE
Track_003323,16/09/2025 02:53,16/09/2025 02:53,1,1,/home/users/alyduf25/INSPIRE/outputs/singapore/inference/dep000144/raw_outputs/ami-mini-20250915T195353.jpg,crop_1,nonmoth,Lepidoptera Macros,Hippotion rosetta,Sesiidae,Synanthedon,Synanthedon myopaeformis,1.6050488802644731,0,TRUE
Track_003324,16/09/2025 02:55,16/09/2025 02:59,3,3,/home/users/alyduf25/INSPIRE/outputs/singapore/inference/dep000144/raw_outputs/ami-mini-20250915T195554.jpg,crop_1,nonmoth,Lepidoptera Macros,Trilocha varians,Noctuidae,Acronicta,Acronicta aceris,0.8032583611557239,4.033333333333333,FALSE
Track_003325,16/09/2025 03:05,16/09/2025 03:08,2,2,/home/users/alyduf25/INSPIRE/outputs/singapore/inference/dep000144/raw_outputs/ami-mini-20250915T200559.jpg,crop_1,nonmoth,Lepidoptera Macros,Hippotion rosetta,Sesiidae,Synanthedon,Synanthedon myopaeformis,0.6952727234919109,2.0166666666666666,FALSE
Track_003326,16/09/2025 03:08,16/09/2025 03:08,1,1,/home/users/alyduf25/INSPIRE/outputs/singapore/inference/dep000144/raw_outputs/ami-mini-20250915T200800.jpg,crop_2,nonmoth,Diptera Nematocera,,,,,,0,TRUE
Track_003327,16/09/2025 03:12,16/09/2025 03:12,1,1,/home/users/alyduf25/INSPIRE/outputs/singapore/inference/dep000144/raw_outputs/ami-mini-20250915T201202.jpg,crop_1,nonmoth,Lepidoptera Macros,Hippotion rosetta,Geometridae,Etiella,Etiella zinckenella,,0,TRUE
Track_003328,16/09/2025 03:16,16/09/2025 03:16,1,1,/home/users/alyduf25/INSPIRE/outputs/singapore/inference/dep000144/raw_outputs/ami-mini-20250915T201604.jpg,crop_1,nonmoth,Lepidoptera Macros,Attacus atlas,Geometridae,Thetidia,Thetidia smaragdaria,,0,TRUE
Track_003329,16/09/2025 03:16,16/09/2025 03:16,1,1,/home/users/alyduf25/INSPIRE/outputs/singapore/inference/dep000144/raw_outputs/ami-mini-20250915T201604.jpg,crop_2,moth,Lepidoptera Macros,Trilocha varians,Drepanidae,Aglossa,Aglossa caprealis,,0,TRUE
Track_003330,16/09/2025 03:18,16/09/2025 03:18,1,1,/home/users/alyduf25/INSPIRE/outputs/singapore/inference/dep000144/raw_outputs/ami-mini-20250915T201805.jpg,crop_1,nonmoth,Lepidoptera Macros,Hippotion celerio,Tortricidae,Spilonota,Spilonota ocellana,1.451248845771977,0,TRUE
Track_003331,16/09/2025 03:20,16/09/2025 03:20,1,1,/home/users/alyduf25/INSPIRE/outputs/singapore/inference/dep000144/raw_outputs/ami-mini-20250915T202006.jpg,crop_1,nonmoth,Lepidoptera Macros,Hyposidra talaca,Geometridae,Thetidia,Thetidia smaragdaria,1.2201407288714314,0,TRUE
Track_003332,16/09/2025 03:20,16/09/2025 03:20,1,1,/home/users/alyduf25/INSPIRE/outputs/singapore/inference/dep000144/raw_outputs/ami-mini-20250915T202006.jpg,crop_2,moth,Lepidoptera Macros,Hyposidra talaca,Pterophoridae,Amblyptilia,Amblyptilia acanthadactyla,2.3479288506310207,0,TRUE
Track_003333,16/09/2025 03:22,16/09/2025 03:22,1,1,/home/users/alyduf25/INSPIRE/outputs/singapore/inference/dep000144/raw_outputs/ami-mini-20250915T202207.jpg,crop_1,nonmoth,Lepidoptera Macros,Attacus atlas,Depressariidae,Agonopterix,Agonopterix ciliella,1.6238295285909432,0,TRUE
Track_003334,16/09/2025 03:24,16/09/2025 03:24,1,1,/home/users/alyduf25/INSPIRE/outputs/singapore/inference/dep000144/raw_outputs/ami-mini-20250915T202408.jpg,crop_1,nonmoth,Lepidoptera Macros,Hippotion rosetta,Geometridae,Thetidia,Thetidia smaragdaria,1.771629632086109,0,TRUE
Track_003335,16/09/2025 03:24,16/09/2025 03:24,1,1,/home/users/alyduf25/INSPIRE/outputs/singapore/inference/dep000144/raw_outputs/ami-mini-20250915T202408.jpg,crop_2,nonmoth,Diptera Nematocera,,,,,,0,TRUE
Track_003336,16/09/2025 03:34,16/09/2025 03:34,1,1,/home/users/alyduf25/INSPIRE/outputs/singapore/inference/dep000144/raw_outputs/ami-mini-20250915T203413.jpg,crop_2,moth,Lepidoptera Micros,Cryptothelea gloverii,Geometridae,Aleucis,Aleucis distinctata,,0,TRUE
Track_003337,16/09/2025 03:36,16/09/2025 03:36,1,1,/home/users/alyduf25/INSPIRE/outputs/singapore/inference/dep000144/raw_outputs/ami-mini-20250915T203614.jpg,crop_1,nonmoth,Lepidoptera Macros,Trilocha varians,Geometridae,Idaea,Idaea pallidata,2.8708283307489872,0,TRUE
Track_003338,16/09/2025 03:38,16/09/2025 03:42,3,3,/home/users/alyduf25/INSPIRE/outputs/singapore/inference/dep000144/raw_outputs/ami-mini-20250915T203815.jpg,crop_1,nonmoth,Lepidoptera Macros,Hippotion rosetta,Hepialidae,Triodia,Triodia sylvina,1.154985289099761,4.033333333333333,FALSE
Track_003339,16/09/2025 03:44,16/09/2025 03:44,1,1,/home/users/alyduf25/INSPIRE/outputs/singapore/inference/dep000144/raw_outputs/ami-mini-20250915T204418.jpg,crop_1,nonmoth,Lepidoptera Macros,Trilocha varians,Sesiidae,Synanthedon,Synanthedon myopaeformis,1.4406661052877037,0,TRUE
Track_003340,16/09/2025 03:48,16/09/2025 03:48,1,1,/home/users/alyduf25/INSPIRE/outputs/singapore/inference/dep000144/raw_outputs/ami-mini-20250915T204820.jpg,crop_1,nonmoth,Lepidoptera Macros,Hippotion rosetta,Noctuidae,Hofmannophila,Hofmannophila pseudospretella,,0,TRUE
Track_003341,16/09/2025 03:52,16/09/2025 03:54,2,2,/home/users/alyduf25/INSPIRE/outputs/singapore/inference/dep000144/raw_outputs/ami-mini-20250915T205222.jpg,crop_1,nonmoth,Lepidoptera Macros,Hippotion rosetta,Sesiidae,Synanthedon,Synanthedon andrenaeformis,0.3928842218380479,2.0166666666666666,FALSE
Track_003342,16/09/2025 03:52,16/09/2025 03:52,1,1,/home/users/alyduf25/INSPIRE/outputs/singapore/inference/dep000144/raw_outputs/ami-mini-20250915T205222.jpg,crop_2,nonmoth,Lepidoptera Micros,Plutella xylostella,Gracillariidae,Caloptilia,Caloptilia stigmatella,,0,TRUE
Track_003343,16/09/2025 04:02,16/09/2025 04:02,1,1,/home/users/alyduf25/INSPIRE/outputs/singapore/inference/dep000144/raw_outputs/ami-mini-20250915T210227.jpg,crop_1,nonmoth,Lepidoptera Macros,Hippotion celerio,Noctuidae,Helotropha,Helotropha leucostigma,,0,TRUE
Track_003344,16/09/2025 04:04,16/09/2025 04:10,4,4,/home/users/alyduf25/INSPIRE/outputs/singapore/inference/dep000144/raw_outputs/ami-mini-20250915T210428.jpg,crop_1,nonmoth,Lepidoptera Macros,Attacus atlas,Sesiidae,Synanthedon,Synanthedon myopaeformis,0.7916279056299386,6.05,FALSE
Track_003345,16/09/2025 04:06,16/09/2025 04:06,1,1,/home/users/alyduf25/INSPIRE/outputs/singapore/inference/dep000144/raw_outputs/ami-mini-20250915T210629.jpg,crop_2,moth,Lepidoptera Macros,Trilocha varians,Pterophoridae,Amblyptilia,Amblyptilia acanthadactyla,2.228739221179145,0,TRUE
Track_003346,16/09/2025 04:06,16/09/2025 04:06,1,1,/home/users/alyduf25/INSPIRE/outputs/singapore/inference/dep000144/raw_outputs/ami-mini-20250915T210629.jpg,crop_3,moth,Lepidoptera Macros,Trilocha varians,Pterophoridae,Amblyptilia,Amblyptilia acanthadactyla,2.3539287346175346,0,TRUE
Track_003347,16/09/2025 04:08,16/09/2025 04:08,1,1,/home/users/alyduf25/INSPIRE/outputs/singapore/inference/dep000144/raw_outputs/ami-mini-20250915T210830.jpg,crop_2,moth,Lepidoptera Macros,Trilocha varians,Pterophoridae,Amblyptilia,Amblyptilia acanthadactyla,1.3089027423394497,0,TRUE
Track_003348,16/09/2025 04:12,16/09/2025 04:12,1,1,/home/users/alyduf25/INSPIRE/outputs/singapore/inference/dep000144/raw_outputs/ami-mini-20250915T211232.jpg,crop_1,nonmoth,Lepidoptera Macros,Hippotion rosetta,Sesiidae,Synanthedon,Synanthedon myopaeformis,1.2475814402895724,0,TRUE
Track_003349,16/09/2025 04:12,16/09/2025 04:12,1,1,/home/users/alyduf25/INSPIRE/outputs/singapore/inference/dep000144/raw_outputs/ami-mini-20250915T211232.jpg,crop_2,nonmoth,Lepidoptera Macros,Trilocha varians,Coleophoridae,Coleophora,Coleophora discordella,2.482386988,0,TRUE
Track_003350,16/09/2025 04:14,16/09/2025 04:14,1,1,/home/users/alyduf25/INSPIRE/outputs/singapore/inference/dep000144/raw_outputs/ami-mini-20250915T211433.jpg,crop_1,nonmoth,Lepidoptera Macros,Theretra latreillii,Geometridae,Diurnea,Diurnea fagella,1.6303323625112782,0,TRUE
Track_003351,16/09/2025 04:14,16/09/2025 04:14,1,1,/home/users/alyduf25/INSPIRE/outputs/singapore/inference/dep000144/raw_outputs/ami-mini-20250915T211433.jpg,crop_2,nonmoth,Diptera Nematocera,,,,,,0,TRUE
Track_003352,16/09/2025 04:22,16/09/2025 04:22,1,1,/home/users/alyduf25/INSPIRE/outputs/singapore/inference/dep000144/raw_outputs/ami-mini-20250915T212237.jpg,crop_1,nonmoth,Lepidoptera Macros,Sphenarches anisodactylus,Geometridae,Malacosoma,Malacosoma castrense,,0,TRUE
Track_003353,16/09/2025 04:28,16/09/2025 04:28,1,1,/home/users/alyduf25/INSPIRE/outputs/singapore/inference/dep000144/raw_outputs/ami-mini-20250915T212840.jpg,crop_1,nonmoth,Lepidoptera Macros,Theretra suffusa,Sesiidae,Synanthedon,Synanthedon myopaeformis,,0,TRUE
Track_003354,16/09/2025 04:32,16/09/2025 04:34,2,2,/home/users/alyduf25/INSPIRE/outputs/singapore/inference/dep000144/raw_outputs/ami-mini-20250915T213242.jpg,crop_1,nonmoth,Lepidoptera Macros,Trilocha varians,Sesiidae,Synanthedon,Synanthedon myopaeformis,0.9682654683038532,2.0166666666666666,FALSE
Track_003355,17/09/2025 19:29,17/09/2025 19:29,1,1,/home/users/alyduf25/INSPIRE/outputs/singapore/inference/dep000144/raw_outputs/ami-mini-20250917T122925.jpg,crop_1,nonmoth,Lepidoptera Micros,Tinea pellionella,Erebidae,Manulea,Manulea complana,,0,TRUE
Track_003356,17/09/2025 19:29,17/09/2025 19:29,1,1,/home/users/alyduf25/INSPIRE/outputs/singapore/inference/dep000144/raw_outputs/ami-mini-20250917T122925.jpg,crop_2,nonmoth,Diptera Nematocera,,,,,,0,TRUE
Track_003357,17/09/2025 19:31,17/09/2025 19:31,1,1,/home/users/alyduf25/INSPIRE/outputs/singapore/inference/dep000144/raw_outputs/ami-mini-20250917T123126.jpg,crop_1,nonmoth,Lepidoptera Micros,Plodia interpunctella,Erebidae,Calliteara,Dicallomera fascelina,1.8199677572791355,0,TRUE
Track_003358,17/09/2025 19:31,17/09/2025 19:31,1,1,/home/users/alyduf25/INSPIRE/outputs/singapore/inference/dep000144/raw_outputs/ami-mini-20250917T123126.jpg,crop_2,nonmoth,Diptera Nematocera,,,,,,0,TRUE
Track_003359,17/09/2025 19:33,17/09/2025 19:59,14,14,/home/users/alyduf25/INSPIRE/outputs/singapore/inference/dep000144/raw_outputs/ami-mini-20250917T123327.jpg,crop_1,nonmoth,Lepidoptera Micros,Tinea pellionella,Pyralidae,Plodia,Plodia interpunctella,0.5683784171576198,26.216666666666665,FALSE
Track_003360,17/09/2025 19:33,17/09/2025 19:33,1,1,/home/users/alyduf25/INSPIRE/outputs/singapore/inference/dep000144/raw_outputs/ami-mini-20250917T123327.jpg,crop_2,nonmoth,Diptera Nematocera,,,,,,0,TRUE
Track_003361,17/09/2025 19:35,17/09/2025 19:35,1,1,/home/users/alyduf25/INSPIRE/outputs/singapore/inference/dep000144/raw_outputs/ami-mini-20250917T123528.jpg,crop_2,nonmoth,Diptera Nematocera,,,,,,0,TRUE
Track_003362,17/09/2025 19:37,17/09/2025 19:37,1,1,/home/users/alyduf25/INSPIRE/outputs/singapore/inference/dep000144/raw_outputs/ami-mini-20250917T123729.jpg,crop_2,nonmoth,Lepidoptera Micros,Plodia interpunctella,Argyresthiidae,Argyresthia,Argyresthia pulchella,2.441635140994804,0,TRUE
Track_003363,17/09/2025 19:39,17/09/2025 19:39,1,1,/home/users/alyduf25/INSPIRE/outputs/singapore/inference/dep000144/raw_outputs/ami-mini-20250917T123930.jpg,crop_2,nonmoth,Diptera Nematocera,,,,,,0,TRUE
Track_003364,17/09/2025 19:41,17/09/2025 19:43,2,2,/home/users/alyduf25/INSPIRE/outputs/singapore/inference/dep000144/raw_outputs/ami-mini-20250917T124131.jpg,crop_2,nonmoth,Lepidoptera Micros,Ephestiodes infimella,Pyralidae,Plodia,Plodia interpunctella,1.3630893371254866,2.0166666666666666,FALSE
Track_003365,17/09/2025 19:45,17/09/2025 19:45,1,1,/home/users/alyduf25/INSPIRE/outputs/singapore/inference/dep000144/raw_outputs/ami-mini-20250917T124533.jpg,crop_2,nonmoth,Diptera Nematocera,,,,,,0,TRUE
Track_003366,17/09/2025 19:47,17/09/2025 19:59,7,7,/home/users/alyduf25/INSPIRE/outputs/singapore/inference/dep000144/raw_outputs/ami-mini-20250917T124734.jpg,crop_1,nonmoth,Lepidoptera Macros,Sphenarches anisodactylus,Noctuidae,Xestia,Xestia stigmatica,0.5455707641859764,12.1,FALSE
Track_003367,17/09/2025 19:47,17/09/2025 19:47,1,1,/home/users/alyduf25/INSPIRE/outputs/singapore/inference/dep000144/raw_outputs/ami-mini-20250917T124734.jpg,crop_2,nonmoth,Diptera Nematocera,,,,,,0,TRUE
Track_003368,17/09/2025 19:49,17/09/2025 19:49,1,1,/home/users/alyduf25/INSPIRE/outputs/singapore/inference/dep000144/raw_outputs/ami-mini-20250917T124935.jpg,crop_3,nonmoth,Diptera Nematocera,,,,,,0,TRUE
Track_003369,17/09/2025 19:51,17/09/2025 19:51,1,1,/home/users/alyduf25/INSPIRE/outputs/singapore/inference/dep000144/raw_outputs/ami-mini-20250917T125136.jpg,crop_2,nonmoth,Diptera Nematocera,,,,,,0,TRUE
Track_003370,17/09/2025 19:57,17/09/2025 19:59,2,2,/home/users/alyduf25/INSPIRE/outputs/singapore/inference/dep000144/raw_outputs/ami-mini-20250917T125739.jpg,crop_2,nonmoth,Lepidoptera Micros,Phereoeca uterella,Pyralidae,Plodia,Plodia interpunctella,0.971595248,2.0166666666666666,FALSE
Track_003371,17/09/2025 20:01,17/09/2025 20:07,4,4,/home/users/alyduf25/INSPIRE/outputs/singapore/inference/dep000144/raw_outputs/ami-mini-20250917T130141.jpg,crop_1,nonmoth,Lepidoptera Macros,Trilocha varians,Tortricidae,Synanthedon,Synanthedon myopaeformis,0.6493364097099421,6.05,FALSE
Track_003372,17/09/2025 20:01,17/09/2025 20:01,1,1,/home/users/alyduf25/INSPIRE/outputs/singapore/inference/dep000144/raw_outputs/ami-mini-20250917T130141.jpg,crop_2,nonmoth,Lepidoptera Micros,Tinea pellionella,Erebidae,Manulea,Manulea complana,2.190651470268669,0,TRUE
Track_003373,17/09/2025 20:07,17/09/2025 20:07,1,1,/home/users/alyduf25/INSPIRE/outputs/singapore/inference/dep000144/raw_outputs/ami-mini-20250917T130744.jpg,crop_2,nonmoth,Diptera Nematocera,,,,,,0,TRUE
Track_003374,17/09/2025 20:09,17/09/2025 20:09,1,1,/home/users/alyduf25/INSPIRE/outputs/singapore/inference/dep000144/raw_outputs/ami-mini-20250917T130945.jpg,crop_1,nonmoth,Diptera Nematocera,,,,,,0,TRUE
Track_003375,17/09/2025 20:11,17/09/2025 20:13,2,2,/home/users/alyduf25/INSPIRE/outputs/singapore/inference/dep000144/raw_outputs/ami-mini-20250917T131146.jpg,crop_1,nonmoth,Lepidoptera Macros,Ocinara albicollis,Douglasiidae,Tinagma,Tinagma ocnerostomella,0.065699401,2.0166666666666666,FALSE
Track_003376,17/09/2025 20:11,17/09/2025 20:11,1,1,/home/users/alyduf25/INSPIRE/outputs/singapore/inference/dep000144/raw_outputs/ami-mini-20250917T131146.jpg,crop_2,nonmoth,Diptera Nematocera,,,,,,0,TRUE
Track_003377,17/09/2025 20:13,17/09/2025 20:13,1,1,/home/users/alyduf25/INSPIRE/outputs/singapore/inference/dep000144/raw_outputs/ami-mini-20250917T131347.jpg,crop_2,nonmoth,Diptera Nematocera,,,,,,0,TRUE
Track_003378,17/09/2025 20:15,17/09/2025 20:29,8,8,/home/users/alyduf25/INSPIRE/outputs/singapore/inference/dep000144/raw_outputs/ami-mini-20250917T131548.jpg,crop_1,nonmoth,Lepidoptera Macros,Theretra latreillii,Pieridae,Anthocharis,Anthocharis cardamines,0.5766447029326982,14.116666666666667,FALSE
Track_003379,17/09/2025 20:17,17/09/2025 20:17,1,1,/home/users/alyduf25/INSPIRE/outputs/singapore/inference/dep000144/raw_outputs/ami-mini-20250917T131749.jpg,crop_2,moth,Lepidoptera Macros,Trilocha varians,Noctuidae,Euxoa,Euxoa tritici,2.4582666126103785,0,TRUE
Track_003380,17/09/2025 20:19,17/09/2025 20:19,1,1,/home/users/alyduf25/INSPIRE/outputs/singapore/inference/dep000144/raw_outputs/ami-mini-20250917T131950.jpg,crop_2,nonmoth,Diptera Nematocera,,,,,,0,TRUE
Track_003381,17/09/2025 20:21,17/09/2025 20:21,1,1,/home/users/alyduf25/INSPIRE/outputs/singapore/inference/dep000144/raw_outputs/ami-mini-20250917T132151.jpg,crop_2,nonmoth,Diptera Nematocera,,,,,,0,TRUE
Track_003382,17/09/2025 20:23,17/09/2025 20:23,1,1,/home/users/alyduf25/INSPIRE/outputs/singapore/inference/dep000144/raw_outputs/ami-mini-20250917T132352.jpg,crop_2,nonmoth,Diptera Nematocera,,,,,,0,TRUE
Track_003383,17/09/2025 20:23,17/09/2025 20:23,1,1,/home/users/alyduf25/INSPIRE/outputs/singapore/inference/dep000144/raw_outputs/ami-mini-20250917T132352.jpg,crop_3,nonmoth,Lepidoptera Micros,Phereoeca uterella,Tortricidae,Earias,Parnassius mnemosyne,2.8591165656487387,0,TRUE
Track_003384,17/09/2025 20:25,17/09/2025 20:25,1,1,/home/users/alyduf25/INSPIRE/outputs/singapore/inference/dep000144/raw_outputs/ami-mini-20250917T132553.jpg,crop_2,nonmoth,Diptera Nematocera,,,,,,0,TRUE
Track_003385,17/09/2025 20:27,17/09/2025 20:27,1,1,/home/users/alyduf25/INSPIRE/outputs/singapore/inference/dep000144/raw_outputs/ami-mini-20250917T132754.jpg,crop_2,nonmoth,Diptera Nematocera,,,,,,0,TRUE
Track_003386,17/09/2025 20:29,17/09/2025 20:29,1,1,/home/users/alyduf25/INSPIRE/outputs/singapore/inference/dep000144/raw_outputs/ami-mini-20250917T132955.jpg,crop_2,nonmoth,Diptera Nematocera,,,,,,0,TRUE
Track_003387,17/09/2025 20:31,17/09/2025 20:31,1,1,/home/users/alyduf25/INSPIRE/outputs/singapore/inference/dep000144/raw_outputs/ami-mini-20250917T133156.jpg,crop_2,nonmoth,Diptera Nematocera,,,,,,0,TRUE
Track_003388,17/09/2025 20:33,17/09/2025 20:33,1,1,/home/users/alyduf25/INSPIRE/outputs/singapore/inference/dep000144/raw_outputs/ami-mini-20250917T133357.jpg,crop_2,nonmoth,Diptera Nematocera,,,,,,0,TRUE
Track_003389,17/09/2025 20:35,17/09/2025 20:35,1,1,/home/users/alyduf25/INSPIRE/outputs/singapore/inference/dep000144/raw_outputs/ami-mini-20250917T133558.jpg,crop_2,nonmoth,Diptera Nematocera,,,,,,0,TRUE
Track_003390,17/09/2025 20:37,17/09/2025 20:37,1,1,/home/users/alyduf25/INSPIRE/outputs/singapore/inference/dep000144/raw_outputs/ami-mini-20250917T133759.jpg,crop_3,nonmoth,Diptera Nematocera,,,,,,0,TRUE
Track_003391,17/09/2025 20:40,17/09/2025 20:40,1,1,/home/users/alyduf25/INSPIRE/outputs/singapore/inference/dep000144/raw_outputs/ami-mini-20250917T134000.jpg,crop_2,nonmoth,Diptera Nematocera,,,,,,0,TRUE
Track_003392,17/09/2025 20:42,17/09/2025 20:42,1,1,/home/users/alyduf25/INSPIRE/outputs/singapore/inference/dep000144/raw_outputs/ami-mini-20250917T134201.jpg,crop_3,nonmoth,Diptera Nematocera,,,,,,0,TRUE
Track_003393,17/09/2025 20:44,17/09/2025 20:52,5,5,/home/users/alyduf25/INSPIRE/outputs/singapore/inference/dep000144/raw_outputs/ami-mini-20250917T134402.jpg,crop_1,nonmoth,Lepidoptera Macros,Stenoptilodes taprobanes,Choreutidae,Choreutis,Choreutis diana,0.2879273964084017,8.066666666666666,FALSE
Track_003394,17/09/2025 20:44,17/09/2025 20:44,1,1,/home/users/alyduf25/INSPIRE/outputs/singapore/inference/dep000144/raw_outputs/ami-mini-20250917T134402.jpg,crop_2,nonmoth,Diptera Nematocera,,,,,,0,TRUE
Track_003395,17/09/2025 20:46,17/09/2025 20:46,1,1,/home/users/alyduf25/INSPIRE/outputs/singapore/inference/dep000144/raw_outputs/ami-mini-20250917T134603.jpg,crop_2,nonmoth,Diptera Nematocera,,,,,,0,TRUE
Track_003396,17/09/2025 20:48,17/09/2025 20:48,1,1,/home/users/alyduf25/INSPIRE/outputs/singapore/inference/dep000144/raw_outputs/ami-mini-20250917T134804.jpg,crop_2,nonmoth,Diptera Nematocera,,,,,,0,TRUE
Track_003397,17/09/2025 20:50,17/09/2025 20:50,1,1,/home/users/alyduf25/INSPIRE/outputs/singapore/inference/dep000144/raw_outputs/ami-mini-20250917T135005.jpg,crop_1,nonmoth,Diptera Nematocera,,,,,,0,TRUE
Track_003398,17/09/2025 20:52,17/09/2025 20:52,1,1,/home/users/alyduf25/INSPIRE/outputs/singapore/inference/dep000144/raw_outputs/ami-mini-20250917T135206.jpg,crop_1,nonmoth,Lepidoptera Micros,Tineola bisselliella,Depressariidae,Agonopterix,Agonopterix nervosa,2.5598373706305555,0,TRUE
Track_003399,17/09/2025 21:06,17/09/2025 21:08,2,2,/home/users/alyduf25/INSPIRE/outputs/singapore/inference/dep000144/raw_outputs/ami-mini-20250917T140613.jpg,crop_1,nonmoth,Lepidoptera Macros,Theretra latreillii,Geometridae,Synanthedon,Synanthedon myopaeformis,0.6841190446857529,2.0166666666666666,FALSE
Track_003400,17/09/2025 21:10,17/09/2025 21:10,1,1,/home/users/alyduf25/INSPIRE/outputs/singapore/inference/dep000144/raw_outputs/ami-mini-20250917T141015.jpg,crop_2,nonmoth,Lepidoptera Micros,Comostola laesaria,Erebidae,Manulea,Manulea complana,2.902944068534788,0,TRUE
Track_003401,17/09/2025 21:12,17/09/2025 21:14,2,2,/home/users/alyduf25/INSPIRE/outputs/singapore/inference/dep000144/raw_outputs/ami-mini-20250917T141216.jpg,crop_1,nonmoth,Lepidoptera Macros,Hippotion rosetta,Coleophoridae,Coleophora,Coleophora discordella,1.9530660321876812,2.0166666666666666,FALSE
Track_003402,17/09/2025 21:16,17/09/2025 21:40,13,13,/home/users/alyduf25/INSPIRE/outputs/singapore/inference/dep000144/raw_outputs/ami-mini-20250917T141618.jpg,crop_1,nonmoth,Lepidoptera Macros,Trilocha varians,Sesiidae,Synanthedon,Synanthedon myopaeformis,0.3356394240174192,24.2,FALSE
Track_003403,17/09/2025 21:20,17/09/2025 21:26,4,4,/home/users/alyduf25/INSPIRE/outputs/singapore/inference/dep000144/raw_outputs/ami-mini-20250917T142020.jpg,crop_3,moth,Lepidoptera Macros,Hyposidra talaca,Noctuidae,Caradrina,Caradrina selini,0.6422488171847407,6.05,FALSE
Track_003404,17/09/2025 21:30,17/09/2025 21:30,1,1,/home/users/alyduf25/INSPIRE/outputs/singapore/inference/dep000144/raw_outputs/ami-mini-20250917T143025.jpg,crop_4,moth,Lepidoptera Macros,Trilocha varians,Pterophoridae,Gillmeria,Gillmeria pallidactyla,2.3415535921407646,0,TRUE
Track_003405,17/09/2025 21:38,17/09/2025 21:42,3,3,/home/users/alyduf25/INSPIRE/outputs/singapore/inference/dep000144/raw_outputs/ami-mini-20250917T143829.jpg,crop_2,nonmoth,Lepidoptera Micros,Plodia interpunctella,Pyralidae,Plodia,Plodia interpunctella,1.1476619084119055,4.033333333333333,FALSE
Track_003406,17/09/2025 21:40,17/09/2025 21:42,2,2,/home/users/alyduf25/INSPIRE/outputs/singapore/inference/dep000144/raw_outputs/ami-mini-20250917T144030.jpg,crop_2,nonmoth,Lepidoptera Micros,Theretra latreillii,Sesiidae,Synanthedon,Synanthedon myopaeformis,1.074068700270808,2.0166666666666666,FALSE
Track_003407,17/09/2025 21:44,17/09/2025 21:46,2,2,/home/users/alyduf25/INSPIRE/outputs/singapore/inference/dep000144/raw_outputs/ami-mini-20250917T144432.jpg,crop_1,nonmoth,Lepidoptera Macros,Theretra latreillii,Oecophoridae,Hofmannophila,Hofmannophila pseudospretella,0.5741892037819873,2.0166666666666666,FALSE
Track_003408,17/09/2025 21:44,17/09/2025 22:02,10,10,/home/users/alyduf25/INSPIRE/outputs/singapore/inference/dep000144/raw_outputs/ami-mini-20250917T144432.jpg,crop_2,nonmoth,Lepidoptera Macros,Trilocha varians,Geometridae,Xanthorhoe,Xanthorhoe annotinata,0.2740400221897663,18.15,FALSE
Track_003409,17/09/2025 21:44,17/09/2025 21:44,1,1,/home/users/alyduf25/INSPIRE/outputs/singapore/inference/dep000144/raw_outputs/ami-mini-20250917T144432.jpg,crop_3,moth,Lepidoptera Macros,Trilocha varians,Noctuidae,Tinagma,Tinagma ocnerostomella,2.458408949506644,0,TRUE
Track_003410,17/09/2025 21:46,17/09/2025 21:48,2,2,/home/users/alyduf25/INSPIRE/outputs/singapore/inference/dep000144/raw_outputs/ami-mini-20250917T144633.jpg,crop_3,nonmoth,Lepidoptera Micros,Plodia interpunctella,Pyralidae,Plodia,Plodia interpunctella,1.3367742047761295,2.0166666666666666,FALSE
Track_003411,17/09/2025 21:48,17/09/2025 21:48,1,1,/home/users/alyduf25/INSPIRE/outputs/singapore/inference/dep000144/raw_outputs/ami-mini-20250917T144834.jpg,crop_2,nonmoth,Lepidoptera Macros,Hippotion celerio,Tortricidae,Spilonota,Spilonota ocellana,1.436063680236058,0,TRUE
Track_003412,17/09/2025 21:50,17/09/2025 21:50,1,1,/home/users/alyduf25/INSPIRE/outputs/singapore/inference/dep000144/raw_outputs/ami-mini-20250917T145035.jpg,crop_1,nonmoth,Lepidoptera Macros,Sphenarches anisodactylus,Noctuidae,Conistra,Conistra rubiginosa,1.4771747817104994,0,TRUE
Track_003413,17/09/2025 21:50,17/09/2025 21:50,1,1,/home/users/alyduf25/INSPIRE/outputs/singapore/inference/dep000144/raw_outputs/ami-mini-20250917T145035.jpg,crop_3,moth,Lepidoptera Macros,Trilocha varians,Noctuidae,Lampropteryx,Euxoa tritici,2.451221448093627,0,TRUE
Track_003414,17/09/2025 21:50,17/09/2025 21:50,1,1,/home/users/alyduf25/INSPIRE/outputs/singapore/inference/dep000144/raw_outputs/ami-mini-20250917T145035.jpg,crop_4,moth,Lepidoptera Macros,Trilocha varians,Noctuidae,Malacosoma,Malacosoma castrense,2.409463867661344,0,TRUE
Track_003415,17/09/2025 21:52,17/09/2025 22:00,5,5,/home/users/alyduf25/INSPIRE/outputs/singapore/inference/dep000144/raw_outputs/ami-mini-20250917T145236.jpg,crop_1,nonmoth,Lepidoptera Macros,Trilocha varians,Geometridae,Xanthorhoe,Xanthorhoe ferrugata,0.7120573358584579,8.066666666666666,FALSE
Track_003416,17/09/2025 21:54,17/09/2025 22:00,4,4,/home/users/alyduf25/INSPIRE/outputs/singapore/inference/dep000144/raw_outputs/ami-mini-20250917T145437.jpg,crop_3,moth,Lepidoptera Macros,Trilocha varians,Geometridae,Agonopterix,Agonopterix scopariella,0.6938830648373109,6.05,FALSE
Track_003417,17/09/2025 22:02,17/09/2025 22:02,1,1,/home/users/alyduf25/INSPIRE/outputs/singapore/inference/dep000144/raw_outputs/ami-mini-20250917T150241.jpg,crop_1,nonmoth,Lepidoptera Macros,Stenoptilodes taprobanes,Geometridae,Falcaria,Falcaria lacertinaria,1.7344154964742196,0,TRUE
Track_003418,17/09/2025 22:04,17/09/2025 22:04,1,1,/home/users/alyduf25/INSPIRE/outputs/singapore/inference/dep000144/raw_outputs/ami-mini-20250917T150442.jpg,crop_1,nonmoth,Lepidoptera Macros,Stenoptilodes taprobanes,Noctuidae,Conistra,Conistra rubiginosa,1.4665503404990134,0,TRUE
Track_003419,17/09/2025 22:04,17/09/2025 22:04,1,1,/home/users/alyduf25/INSPIRE/outputs/singapore/inference/dep000144/raw_outputs/ami-mini-20250917T150442.jpg,crop_2,moth,Lepidoptera Macros,Trilocha varians,Noctuidae,Aglossa,Aglossa caprealis,2.623094530881533,0,TRUE
Track_003420,17/09/2025 22:06,17/09/2025 22:08,2,2,/home/users/alyduf25/INSPIRE/outputs/singapore/inference/dep000144/raw_outputs/ami-mini-20250917T150643.jpg,crop_1,nonmoth,Lepidoptera Macros,Theretra latreillii,Noctuidae,Conistra,Conistra rubiginosa,0.5736934968010005,2.0166666666666666,FALSE
Track_003421,17/09/2025 22:06,17/09/2025 22:12,4,4,/home/users/alyduf25/INSPIRE/outputs/singapore/inference/dep000144/raw_outputs/ami-mini-20250917T150643.jpg,crop_2,nonmoth,Lepidoptera Macros,Hippotion rosetta,Tortricidae,Grapholita,Grapholita jungiella,0.489018287,6.05,FALSE
Track_003422,17/09/2025 22:12,17/09/2025 22:12,1,1,/home/users/alyduf25/INSPIRE/outputs/singapore/inference/dep000144/raw_outputs/ami-mini-20250917T151246.jpg,crop_2,nonmoth,Lepidoptera Macros,Stauropus alternus,Geometridae,Lampropteryx,Lampropteryx otregiata,1.778837687193077,0,TRUE
Track_003423,17/09/2025 22:16,17/09/2025 22:18,2,2,/home/users/alyduf25/INSPIRE/outputs/singapore/inference/dep000144/raw_outputs/ami-mini-20250917T151648.jpg,crop_1,nonmoth,Lepidoptera Macros,Trilocha varians,Noctuidae,Eucarta,Eucarta virgo,0.03847987,2.0166666666666666,FALSE
Track_003424,17/09/2025 22:16,17/09/2025 22:16,1,1,/home/users/alyduf25/INSPIRE/outputs/singapore/inference/dep000144/raw_outputs/ami-mini-20250917T151648.jpg,crop_2,nonmoth,Lepidoptera Macros,Theretra latreillii,Sesiidae,Synanthedon,Synanthedon andrenaeformis,,0,TRUE
Track_003425,17/09/2025 22:20,17/09/2025 22:24,3,3,/home/users/alyduf25/INSPIRE/outputs/singapore/inference/dep000144/raw_outputs/ami-mini-20250917T152050.jpg,crop_1,nonmoth,Lepidoptera Macros,Theretra latreillii,Blastobasidae,Hypatopa,Hypatopa binotella,1.0531377171820298,4.033333333333333,FALSE
Track_003426,17/09/2025 22:20,17/09/2025 22:22,2,2,/home/users/alyduf25/INSPIRE/outputs/singapore/inference/dep000144/raw_outputs/ami-mini-20250917T152050.jpg,crop_2,nonmoth,Lepidoptera Macros,Exelastis pumilio,Geometridae,Timandra,Timandra comae,1.138482868,2.0166666666666666,FALSE
Track_003427,17/09/2025 22:20,17/09/2025 22:20,1,1,/home/users/alyduf25/INSPIRE/outputs/singapore/inference/dep000144/raw_outputs/ami-mini-20250917T152050.jpg,crop_3,moth,Lepidoptera Macros,Trilocha varians,Geometridae,Idaea,Idaea emarginata,2.389012248806524,0,TRUE
Track_003428,17/09/2025 22:22,17/09/2025 22:22,1,1,/home/users/alyduf25/INSPIRE/outputs/singapore/inference/dep000144/raw_outputs/ami-mini-20250917T152251.jpg,crop_3,moth,Lepidoptera Macros,Trilocha varians,Pterophoridae,Amblyptilia,Amblyptilia acanthadactyla,1.569807682191724,0,TRUE
Track_003429,17/09/2025 22:24,17/09/2025 22:24,1,1,/home/users/alyduf25/INSPIRE/outputs/singapore/inference/dep000144/raw_outputs/ami-mini-20250917T152452.jpg,crop_1,nonmoth,Diptera Nematocera,,,,,,0,TRUE
Track_003430,17/09/2025 22:26,17/09/2025 22:26,1,1,/home/users/alyduf25/INSPIRE/outputs/singapore/inference/dep000144/raw_outputs/ami-mini-20250917T152653.jpg,crop_1,nonmoth,Lepidoptera Macros,Hippotion rosetta,Pieridae,Anthocharis,Anthocharis cardamines,1.8492571103610915,0,TRUE
Track_003431,17/09/2025 22:26,17/09/2025 22:26,1,1,/home/users/alyduf25/INSPIRE/outputs/singapore/inference/dep000144/raw_outputs/ami-mini-20250917T152653.jpg,crop_2,nonmoth,Lepidoptera Macros,Exelastis pumilio,Sesiidae,Synanthedon,Synanthedon myopaeformis,1.5781913187471728,0,TRUE
Track_003432,17/09/2025 22:28,17/09/2025 22:34,4,4,/home/users/alyduf25/INSPIRE/outputs/singapore/inference/dep000144/raw_outputs/ami-mini-20250917T152854.jpg,crop_1,nonmoth,Lepidoptera Macros,Hippotion celerio,Noctuidae,Conistra,Conistra rubiginosa,0.9151367327982552,6.05,FALSE
Track_003433,17/09/2025 22:28,17/09/2025 22:55,14,14,/home/users/alyduf25/INSPIRE/outputs/singapore/inference/dep000144/raw_outputs/ami-mini-20250917T152854.jpg,crop_2,nonmoth,Lepidoptera Macros,Hippotion celerio,Cosmopterigidae,Pancalia,Pancalia nodosella,0.3176792215441842,26.216666666666665,FALSE
Track_003434,17/09/2025 22:36,17/09/2025 22:36,1,1,/home/users/alyduf25/INSPIRE/outputs/singapore/inference/dep000144/raw_outputs/ami-mini-20250917T153658.jpg,crop_1,nonmoth,Lepidoptera Macros,Trilocha varians,Lycaenidae,Maculinea,Maculinea nausithous,1.059129511,0,TRUE
Track_003435,17/09/2025 22:38,17/09/2025 22:41,2,2,/home/users/alyduf25/INSPIRE/outputs/singapore/inference/dep000144/raw_outputs/ami-mini-20250917T153859.jpg,crop_1,nonmoth,Lepidoptera Macros,Hippotion celerio,Pieridae,Anthocharis,Anthocharis cardamines,0.5539235567469087,2.0166666666666666,FALSE
Track_003436,17/09/2025 22:43,17/09/2025 22:43,1,1,/home/users/alyduf25/INSPIRE/outputs/singapore/inference/dep000144/raw_outputs/ami-mini-20250917T154301.jpg,crop_1,nonmoth,Lepidoptera Macros,Hippotion rosetta,Geometridae,Timandra,Timandra comae,1.523435972371534,0,TRUE
Track_003437,17/09/2025 22:45,17/09/2025 22:51,4,4,/home/users/alyduf25/INSPIRE/outputs/singapore/inference/dep000144/raw_outputs/ami-mini-20250917T154502.jpg,crop_1,nonmoth,Lepidoptera Macros,Hippotion celerio,Tortricidae,Epinotia,Epinotia solandriana,0.6257376705105652,6.05,FALSE
Track_003438,17/09/2025 22:45,17/09/2025 22:45,1,1,/home/users/alyduf25/INSPIRE/outputs/singapore/inference/dep000144/raw_outputs/ami-mini-20250917T154502.jpg,crop_3,moth,Lepidoptera Macros,Trilocha varians,Noctuidae,Falcaria,Falcaria lacertinaria,2.476225041660293,0,TRUE
Track_003439,17/09/2025 22:55,17/09/2025 22:55,1,1,/home/users/alyduf25/INSPIRE/outputs/singapore/inference/dep000144/raw_outputs/ami-mini-20250917T155507.jpg,crop_2,nonmoth,Diptera Nematocera,,,,,,0,TRUE
Track_003440,17/09/2025 22:57,17/09/2025 23:09,7,7,/home/users/alyduf25/INSPIRE/outputs/singapore/inference/dep000144/raw_outputs/ami-mini-20250917T155708.jpg,crop_1,nonmoth,Lepidoptera Macros,Hyposidra talaca,Geometridae,Ascotis,Ascotis selenaria,0.3922211931475855,12.1,FALSE
Track_003441,17/09/2025 22:59,17/09/2025 23:03,3,3,/home/users/alyduf25/INSPIRE/outputs/singapore/inference/dep000144/raw_outputs/ami-mini-20250917T155909.jpg,crop_2,nonmoth,Lepidoptera Macros,Theretra latreillii,Endromidae,Endromis,Endromis versicolora,0.6326744228093549,4.033333333333333,FALSE
Track_003442,17/09/2025 23:05,17/09/2025 23:11,4,4,/home/users/alyduf25/INSPIRE/outputs/singapore/inference/dep000144/raw_outputs/ami-mini-20250917T160512.jpg,crop_1,nonmoth,Lepidoptera Macros,Hippotion celerio,Geometridae,Malacosoma,Malacosoma castrense,0.7814768816130162,6.05,FALSE
Track_003443,17/09/2025 23:15,17/09/2025 23:19,3,3,/home/users/alyduf25/INSPIRE/outputs/singapore/inference/dep000144/raw_outputs/ami-mini-20250917T161517.jpg,crop_1,nonmoth,Lepidoptera Macros,Diaphania indica,Pieridae,Anthocharis,Anthocharis cardamines,0.4587004325792753,4.033333333333333,FALSE
Track_003444,17/09/2025 23:15,17/09/2025 23:15,1,1,/home/users/alyduf25/INSPIRE/outputs/singapore/inference/dep000144/raw_outputs/ami-mini-20250917T161517.jpg,crop_2,nonmoth,Diptera Nematocera,,,,,,0,TRUE
Track_003445,17/09/2025 23:17,17/09/2025 23:39,12,12,/home/users/alyduf25/INSPIRE/outputs/singapore/inference/dep000144/raw_outputs/ami-mini-20250917T161718.jpg,crop_1,nonmoth,Lepidoptera Macros,Trilocha varians,Tortricidae,Oegoconia,Tyta luctuosa,0.3596116983517299,22.183333333333334,FALSE
Track_003446,17/09/2025 23:21,17/09/2025 23:21,1,1,/home/users/alyduf25/INSPIRE/outputs/singapore/inference/dep000144/raw_outputs/ami-mini-20250917T162120.jpg,crop_2,nonmoth,Lepidoptera Macros,Hyposidra talaca,Geometridae,Colotois,Colotois pennaria,1.1900528514928577,0,TRUE
Track_003447,17/09/2025 23:23,17/09/2025 23:31,5,5,/home/users/alyduf25/INSPIRE/outputs/singapore/inference/dep000144/raw_outputs/ami-mini-20250917T162321.jpg,crop_2,nonmoth,Lepidoptera Macros,Exelastis pumilio,Pieridae,Anthocharis,Anthocharis cardamines,0.6248331083588028,8.066666666666666,FALSE
Track_003448,17/09/2025 23:23,17/09/2025 23:27,3,3,/home/users/alyduf25/INSPIRE/outputs/singapore/inference/dep000144/raw_outputs/ami-mini-20250917T162321.jpg,crop_3,moth,Lepidoptera Macros,Lyssa zampa,Gelechiidae,Gelechia,Gelechia muscosella,0.8535661820373687,4.033333333333333,FALSE
Track_003449,17/09/2025 23:25,17/09/2025 23:31,4,4,/home/users/alyduf25/INSPIRE/outputs/singapore/inference/dep000144/raw_outputs/ami-mini-20250917T162522.jpg,crop_3,nonmoth,Lepidoptera Macros,Hyposidra talaca,Noctuidae,Hofmannophila,Hofmannophila pseudospretella,0.5114836733556493,6.05,FALSE
Track_003450,17/09/2025 23:33,17/09/2025 23:33,1,1,/home/users/alyduf25/INSPIRE/outputs/singapore/inference/dep000144/raw_outputs/ami-mini-20250917T163326.jpg,crop_2,nonmoth,Araneae,,,,,,0,TRUE
Track_003451,17/09/2025 23:35,17/09/2025 23:37,2,2,/home/users/alyduf25/INSPIRE/outputs/singapore/inference/dep000144/raw_outputs/ami-mini-20250917T163527.jpg,crop_2,nonmoth,Lepidoptera Macros,Sphenarches anisodactylus,Noctuidae,Hofmannophila,Hofmannophila pseudospretella,0.8008728178967114,2.0166666666666666,FALSE
Track_003452,17/09/2025 23:39,17/09/2025 23:39,1,1,/home/users/alyduf25/INSPIRE/outputs/singapore/inference/dep000144/raw_outputs/ami-mini-20250917T163929.jpg,crop_2,nonmoth,Lepidoptera Macros,Trilocha varians,Geometridae,Isturgia,Isturgia limbaria,2.259273836263318,0,TRUE
Track_003453,17/09/2025 23:39,17/09/2025 23:39,1,1,/home/users/alyduf25/INSPIRE/outputs/singapore/inference/dep000144/raw_outputs/ami-mini-20250917T163929.jpg,crop_3,moth,Lepidoptera Macros,Trilocha varians,Noctuidae,Coenophila,Coenophila subrosea,2.678663289627468,0,TRUE
Track_003454,17/09/2025 23:39,17/09/2025 23:39,1,1,/home/users/alyduf25/INSPIRE/outputs/singapore/inference/dep000144/raw_outputs/ami-mini-20250917T163929.jpg,crop_4,moth,Diptera Nematocera,Phereoeca uterella,Erebidae,Manulea,Manulea complana,2.9187525954848708,0,TRUE
Track_003455,17/09/2025 23:41,17/09/2025 23:49,5,5,/home/users/alyduf25/INSPIRE/outputs/singapore/inference/dep000144/raw_outputs/ami-mini-20250917T164130.jpg,crop_1,nonmoth,Lepidoptera Macros,Trilocha varians,Noctuidae,Endrosis,Endrosis sarcitrella,0.5900893023701357,8.066666666666666,FALSE
Track_003456,17/09/2025 23:41,17/09/2025 23:41,1,1,/home/users/alyduf25/INSPIRE/outputs/singapore/inference/dep000144/raw_outputs/ami-mini-20250917T164130.jpg,crop_3,moth,Lepidoptera Macros,Trilocha varians,Pieridae,Anthocharis,Anthocharis cardamines,1.6383797464683338,0,TRUE
Track_003457,17/09/2025 23:43,17/09/2025 23:43,1,1,/home/users/alyduf25/INSPIRE/outputs/singapore/inference/dep000144/raw_outputs/ami-mini-20250917T164331.jpg,crop_2,nonmoth,Lepidoptera Macros,Trilocha varians,Noctuidae,Hofmannophila,Hofmannophila pseudospretella,1.7591007355135484,0,TRUE
Track_003458,17/09/2025 23:45,17/09/2025 23:45,1,1,/home/users/alyduf25/INSPIRE/outputs/singapore/inference/dep000144/raw_outputs/ami-mini-20250917T164532.jpg,crop_1,nonmoth,Lepidoptera Macros,Hippotion celerio,Geometridae,Idaea,Idaea pallidata,1.2779164517969734,0,TRUE
Track_003459,17/09/2025 23:47,17/09/2025 23:59,7,7,/home/users/alyduf25/INSPIRE/outputs/singapore/inference/dep000144/raw_outputs/ami-mini-20250917T164733.jpg,crop_1,nonmoth,Lepidoptera Macros,Hippotion rosetta,Hepialidae,Triodia,Triodia sylvina,0.4471713264339488,12.1,FALSE
Track_003460,17/09/2025 23:51,18/09/2025 00:01,6,6,/home/users/alyduf25/INSPIRE/outputs/singapore/inference/dep000144/raw_outputs/ami-mini-20250917T165135.jpg,crop_2,nonmoth,Lepidoptera Micros,Trilocha varians,Tortricidae,Idaea,Synanthedon myopaeformis,0.5719191289697297,10.083333333333334,FALSE
Track_003461,17/09/2025 23:53,17/09/2025 23:53,1,1,/home/users/alyduf25/INSPIRE/outputs/singapore/inference/dep000144/raw_outputs/ami-mini-20250917T165336.jpg,crop_3,nonmoth,Diptera Nematocera,,,,,,0,TRUE
Track_003462,18/09/2025 00:03,18/09/2025 00:05,2,2,/home/users/alyduf25/INSPIRE/outputs/singapore/inference/dep000144/raw_outputs/ami-mini-20250917T170341.jpg,crop_1,nonmoth,Lepidoptera Macros,Galleria mellonella,Noctuidae,Lypusa,Lypusa maurella,0.9037420449448892,2.0166666666666666,FALSE
Track_003463,18/09/2025 00:07,18/09/2025 00:09,2,2,/home/users/alyduf25/INSPIRE/outputs/singapore/inference/dep000144/raw_outputs/ami-mini-20250917T170743.jpg,crop_1,nonmoth,Lepidoptera Macros,Trilocha varians,Tortricidae,Apotomis,Apotomis capreana,1.123103612858377,2.0166666666666666,FALSE
Track_003464,18/09/2025 00:07,18/09/2025 00:07,1,1,/home/users/alyduf25/INSPIRE/outputs/singapore/inference/dep000144/raw_outputs/ami-mini-20250917T170743.jpg,crop_3,moth,Lepidoptera Macros,Trilocha varians,Geometridae,Eustroma,Eustroma reticulata,2.408749267999548,0,TRUE
Track_003465,18/09/2025 00:11,18/09/2025 00:23,7,7,/home/users/alyduf25/INSPIRE/outputs/singapore/inference/dep000144/raw_outputs/ami-mini-20250917T171145.jpg,crop_1,nonmoth,Lepidoptera Macros,Hyposidra talaca,Crambidae,Anania,Anania stachydalis,0.3938437153540968,12.1,FALSE
Track_003466,18/09/2025 00:17,18/09/2025 00:23,4,4,/home/users/alyduf25/INSPIRE/outputs/singapore/inference/dep000144/raw_outputs/ami-mini-20250917T171748.jpg,crop_2,nonmoth,Lepidoptera Macros,Trilocha varians,Geometridae,Idaea,Aglossa caprealis,0.4844314532660645,6.05,FALSE
Track_003467,18/09/2025 00:21,18/09/2025 00:21,1,1,/home/users/alyduf25/INSPIRE/outputs/singapore/inference/dep000144/raw_outputs/ami-mini-20250917T172150.jpg,crop_3,nonmoth,Lepidoptera Micros,Tinea pellionella,Noctuidae,Eupsilia,Eupsilia transversa,3.0142839123475884,0,TRUE
Track_003468,18/09/2025 00:25,18/09/2025 00:25,1,1,/home/users/alyduf25/INSPIRE/outputs/singapore/inference/dep000144/raw_outputs/ami-mini-20250917T172552.jpg,crop_1,nonmoth,Lepidoptera Macros,Trilocha varians,Momphidae,Mompha,Mompha subbistrigella,1.5391335100598764,0,TRUE
Track_003469,18/09/2025 00:25,18/09/2025 00:25,1,1,/home/users/alyduf25/INSPIRE/outputs/singapore/inference/dep000144/raw_outputs/ami-mini-20250917T172552.jpg,crop_2,nonmoth,Lepidoptera Macros,Hippotion celerio,Noctuidae,Brachylomia,Brachylomia viminalis,1.3679346532418986,0,TRUE
Track_003470,18/09/2025 00:27,18/09/2025 00:37,6,6,/home/users/alyduf25/INSPIRE/outputs/singapore/inference/dep000144/raw_outputs/ami-mini-20250917T172753.jpg,crop_1,nonmoth,Lepidoptera Macros,Hyposidra talaca,Geometridae,Timandra,Timandra comae,0.3525324973470629,10.083333333333334,FALSE
Track_003471,18/09/2025 00:27,18/09/2025 00:27,1,1,/home/users/alyduf25/INSPIRE/outputs/singapore/inference/dep000144/raw_outputs/ami-mini-20250917T172753.jpg,crop_2,nonmoth,Lepidoptera Macros,Trilocha varians,Geometridae,Colostygia,Colostygia olivata,1.280454965,0,TRUE
Track_003472,18/09/2025 00:29,18/09/2025 00:37,5,5,/home/users/alyduf25/INSPIRE/outputs/singapore/inference/dep000144/raw_outputs/ami-mini-20250917T172954.jpg,crop_1,nonmoth,Lepidoptera Macros,Hippotion celerio,Tortricidae,Celypha,Celypha rurestrana,0.3067506225073148,8.066666666666666,FALSE
Track_003473,18/09/2025 00:39,18/09/2025 00:48,5,5,/home/users/alyduf25/INSPIRE/outputs/singapore/inference/dep000144/raw_outputs/ami-mini-20250917T173959.jpg,crop_1,nonmoth,Lepidoptera Macros,Trilocha varians,Noctuidae,Endrosis,Endrosis sarcitrella,0.498089043,8.066666666666666,FALSE
Track_003474,18/09/2025 00:50,18/09/2025 00:50,1,1,/home/users/alyduf25/INSPIRE/outputs/singapore/inference/dep000144/raw_outputs/ami-mini-20250917T175004.jpg,crop_1,nonmoth,Lepidoptera Macros,Trilocha varians,Depressariidae,Agonopterix,Agonopterix ciliella,1.6997967218239691,0,TRUE
Track_003475,18/09/2025 00:52,18/09/2025 00:54,2,2,/home/users/alyduf25/INSPIRE/outputs/singapore/inference/dep000144/raw_outputs/ami-mini-20250917T175205.jpg,crop_1,nonmoth,Lepidoptera Macros,Hyposidra talaca,Lycaenidae,Maculinea,Maculinea nausithous,0.6405624652665609,2.0166666666666666,FALSE
Track_003476,18/09/2025 00:56,18/09/2025 00:56,1,1,/home/users/alyduf25/INSPIRE/outputs/singapore/inference/dep000144/raw_outputs/ami-mini-20250917T175607.jpg,crop_1,nonmoth,Lepidoptera Macros,Hippotion rosetta,Lycaenidae,Phengaris,Phengaris teleius,1.5601364349312663,0,TRUE
Track_003477,18/09/2025 01:00,18/09/2025 01:00,1,1,/home/users/alyduf25/INSPIRE/outputs/singapore/inference/dep000144/raw_outputs/ami-mini-20250917T180009.jpg,crop_1,nonmoth,Lepidoptera Macros,Hippotion celerio,Geometridae,Abraxas,Abraxas sylvata,,0,TRUE
Track_003478,18/09/2025 01:02,18/09/2025 01:02,1,1,/home/users/alyduf25/INSPIRE/outputs/singapore/inference/dep000144/raw_outputs/ami-mini-20250917T180210.jpg,crop_4,moth,Lepidoptera Macros,Trilocha varians,Noctuidae,Coenophila,Coenophila subrosea,2.2792189475951794,0,TRUE
Track_003479,18/09/2025 01:06,18/09/2025 01:10,3,3,/home/users/alyduf25/INSPIRE/outputs/singapore/inference/dep000144/raw_outputs/ami-mini-20250917T180612.jpg,crop_1,nonmoth,Lepidoptera Macros,Sphenarches anisodactylus,Tortricidae,Spilonota,Spilonota ocellana,0.040692971,4.033333333333333,FALSE
Track_003480,18/09/2025 01:06,18/09/2025 01:06,1,1,/home/users/alyduf25/INSPIRE/outputs/singapore/inference/dep000144/raw_outputs/ami-mini-20250917T180612.jpg,crop_2,nonmoth,Lepidoptera Macros,Parapoynx crisonalis,Noctuidae,Autographa,Autographa excelsa,,0,TRUE
Track_003481,18/09/2025 01:08,18/09/2025 01:18,6,6,/home/users/alyduf25/INSPIRE/outputs/singapore/inference/dep000144/raw_outputs/ami-mini-20250917T180813.jpg,crop_1,nonmoth,Lepidoptera Macros,Hippotion rosetta,Geometridae,Lomaspilis,Lomaspilis opis,0.5153390281851052,10.083333333333334,FALSE
Track_003482,18/09/2025 01:18,18/09/2025 01:18,1,1,/home/users/alyduf25/INSPIRE/outputs/singapore/inference/dep000144/raw_outputs/ami-mini-20250917T181818.jpg,crop_2,nonmoth,Lepidoptera Macros,Theretra latreillii,Tortricidae,Anthocharis,Anthocharis cardamines,1.4649567821805822,0,TRUE
Track_003483,18/09/2025 01:20,18/09/2025 01:20,1,1,/home/users/alyduf25/INSPIRE/outputs/singapore/inference/dep000144/raw_outputs/ami-mini-20250917T182019.jpg,crop_1,nonmoth,Lepidoptera Macros,Attacus atlas,Geometridae,Anania,Anania hortulata,1.1362466987823046,0,TRUE
Track_003484,18/09/2025 01:20,18/09/2025 01:22,2,2,/home/users/alyduf25/INSPIRE/outputs/singapore/inference/dep000144/raw_outputs/ami-mini-20250917T182019.jpg,crop_2,nonmoth,Lepidoptera Macros,Trilocha varians,Noctuidae,Endrosis,Endrosis sarcitrella,1.0040923605100078,2.0166666666666666,FALSE
Track_003485,18/09/2025 01:22,18/09/2025 01:22,1,1,/home/users/alyduf25/INSPIRE/outputs/singapore/inference/dep000144/raw_outputs/ami-mini-20250917T182220.jpg,crop_1,nonmoth,Lepidoptera Macros,Trilocha varians,Tortricidae,Gelechia,Gelechia senticetella,1.4198549388156223,0,TRUE
Track_003486,18/09/2025 01:24,18/09/2025 01:24,1,1,/home/users/alyduf25/INSPIRE/outputs/singapore/inference/dep000144/raw_outputs/ami-mini-20250917T182421.jpg,crop_1,nonmoth,Lepidoptera Macros,Hippotion celerio,Geometridae,Synanthedon,Synanthedon myopaeformis,1.092066636060616,0,TRUE
Track_003487,18/09/2025 01:24,18/09/2025 01:24,1,1,/home/users/alyduf25/INSPIRE/outputs/singapore/inference/dep000144/raw_outputs/ami-mini-20250917T182421.jpg,crop_2,nonmoth,Lepidoptera Macros,Theretra latreillii,Geometridae,Thetidia,Thetidia smaragdaria,1.269093535,0,TRUE
Track_003488,18/09/2025 01:26,18/09/2025 01:28,2,2,/home/users/alyduf25/INSPIRE/outputs/singapore/inference/dep000144/raw_outputs/ami-mini-20250917T182622.jpg,crop_1,nonmoth,Lepidoptera Macros,Hippotion celerio,Sesiidae,Synanthedon,Synanthedon myopaeformis,0.8127378194838462,2.0166666666666666,FALSE
Track_003489,18/09/2025 01:30,18/09/2025 01:48,10,10,/home/users/alyduf25/INSPIRE/outputs/singapore/inference/dep000144/raw_outputs/ami-mini-20250917T183024.jpg,crop_1,nonmoth,Lepidoptera Macros,Hyposidra talaca,Noctuidae,Xestia,Xestia baja,0.3161726555253374,18.15,FALSE
Track_003490,18/09/2025 01:30,18/09/2025 01:34,3,3,/home/users/alyduf25/INSPIRE/outputs/singapore/inference/dep000144/raw_outputs/ami-mini-20250917T183024.jpg,crop_2,nonmoth,Lepidoptera Macros,Lyssa zampa,Pieridae,Anthocharis,Anthocharis cardamines,0.8570244896780066,4.033333333333333,FALSE
Track_003491,18/09/2025 01:32,18/09/2025 01:34,2,2,/home/users/alyduf25/INSPIRE/outputs/singapore/inference/dep000144/raw_outputs/ami-mini-20250917T183225.jpg,crop_4,moth,Lepidoptera Macros,Trilocha varians,Noctuidae,Globia,Globia sparganii,1.1403748273117709,2.0166666666666666,FALSE
Track_003492,18/09/2025 01:38,18/09/2025 01:38,1,1,/home/users/alyduf25/INSPIRE/outputs/singapore/inference/dep000144/raw_outputs/ami-mini-20250917T183828.jpg,crop_2,nonmoth,Lepidoptera Macros,Attacus atlas,Pieridae,Anthocharis,Anthocharis cardamines,1.638807994331022,0,TRUE
Track_003493,18/09/2025 01:44,18/09/2025 01:44,1,1,/home/users/alyduf25/INSPIRE/outputs/singapore/inference/dep000144/raw_outputs/ami-mini-20250917T184431.jpg,crop_2,nonmoth,Araneae,,,,,,0,TRUE
Track_003494,18/09/2025 01:46,18/09/2025 01:46,1,1,/home/users/alyduf25/INSPIRE/outputs/singapore/inference/dep000144/raw_outputs/ami-mini-20250917T184632.jpg,crop_1,nonmoth,Lepidoptera Macros,Lyssa zampa,Sesiidae,Synanthedon,Synanthedon myopaeformis,1.6946303111881758,0,TRUE
Track_003495,18/09/2025 01:48,18/09/2025 01:48,1,1,/home/users/alyduf25/INSPIRE/outputs/singapore/inference/dep000144/raw_outputs/ami-mini-20250917T184833.jpg,crop_2,nonmoth,Lepidoptera Macros,Trilocha varians,Noctuidae,Conistra,Conistra rubiginosa,1.2655175711514752,0,TRUE
Track_003496,18/09/2025 01:50,18/09/2025 01:50,1,1,/home/users/alyduf25/INSPIRE/outputs/singapore/inference/dep000144/raw_outputs/ami-mini-20250917T185034.jpg,crop_1,nonmoth,Lepidoptera Macros,Hippotion celerio,Tortricidae,Spilonota,Spilonota ocellana,1.526982554249079,0,TRUE
Track_003497,18/09/2025 02:04,18/09/2025 02:04,1,1,/home/users/alyduf25/INSPIRE/outputs/singapore/inference/dep000144/raw_outputs/ami-mini-20250917T190441.jpg,crop_1,nonmoth,Lepidoptera Macros,Hippotion celerio,Noctuidae,Psyche,Psyche casta,,0,TRUE
Track_003498,18/09/2025 02:06,18/09/2025 02:20,8,8,/home/users/alyduf25/INSPIRE/outputs/singapore/inference/dep000144/raw_outputs/ami-mini-20250917T190642.jpg,crop_1,nonmoth,Lepidoptera Macros,Erechthias zebrina,Noctuidae,Dryobotodes,Dryobotodes eremita,0.4235635826025059,14.116666666666667,FALSE
Track_003499,18/09/2025 02:06,18/09/2025 02:06,1,1,/home/users/alyduf25/INSPIRE/outputs/singapore/inference/dep000144/raw_outputs/ami-mini-20250917T190642.jpg,crop_2,nonmoth,Lepidoptera Macros,Hippotion rosetta,Noctuidae,Eupithecia,Apterogenum ypsillon,1.0643213609147535,0,TRUE
Track_003500,18/09/2025 02:22,18/09/2025 02:22,1,1,/home/users/alyduf25/INSPIRE/outputs/singapore/inference/dep000144/raw_outputs/ami-mini-20250917T192250.jpg,crop_1,nonmoth,Lepidoptera Macros,Hippotion celerio,Tortricidae,Lozotaenia,Lozotaenia forsterana,1.336426696338218,0,TRUE
Track_003501,18/09/2025 02:24,18/09/2025 02:43,10,10,/home/users/alyduf25/INSPIRE/outputs/singapore/inference/dep000144/raw_outputs/ami-mini-20250917T192451.jpg,crop_1,nonmoth,Lepidoptera Macros,Theretra latreillii,Argyresthiidae,Argyresthia,Argyresthia pygmaeella,0.3818249589920574,18.15,FALSE
Track_003502,18/09/2025 02:24,18/09/2025 02:28,3,3,/home/users/alyduf25/INSPIRE/outputs/singapore/inference/dep000144/raw_outputs/ami-mini-20250917T192451.jpg,crop_2,nonmoth,Lepidoptera Macros,Hippotion celerio,Adelidae,Adela,Adela croesella,0.9580640854912112,4.033333333333333,FALSE
Track_003503,18/09/2025 02:32,18/09/2025 02:32,1,1,/home/users/alyduf25/INSPIRE/outputs/singapore/inference/dep000144/raw_outputs/ami-mini-20250917T193255.jpg,crop_2,nonmoth,Araneae,,,,,,0,TRUE
Track_003504,18/09/2025 02:34,18/09/2025 02:34,1,1,/home/users/alyduf25/INSPIRE/outputs/singapore/inference/dep000144/raw_outputs/ami-mini-20250917T193456.jpg,crop_3,nonmoth,Araneae,,,,,,0,TRUE
Track_003505,18/09/2025 02:36,18/09/2025 02:38,2,2,/home/users/alyduf25/INSPIRE/outputs/singapore/inference/dep000144/raw_outputs/ami-mini-20250917T193657.jpg,crop_2,nonmoth,Lepidoptera Macros,Theretra latreillii,Noctuidae,Hofmannophila,Hofmannophila pseudospretella,0.9870574979972336,2.0166666666666666,FALSE
Track_003506,18/09/2025 02:40,18/09/2025 02:40,1,1,/home/users/alyduf25/INSPIRE/outputs/singapore/inference/dep000144/raw_outputs/ami-mini-20250917T194059.jpg,crop_2,nonmoth,Lepidoptera Macros,Hippotion celerio,Geometridae,Thera,Thera vetustata,1.602235049131594,0,TRUE
Track_003507,18/09/2025 02:45,18/09/2025 02:45,1,1,/home/users/alyduf25/INSPIRE/outputs/singapore/inference/dep000144/raw_outputs/ami-mini-20250917T194501.jpg,crop_1,nonmoth,Lepidoptera Macros,Trilocha varians,Noctuidae,Acronicta,Acronicta aceris,1.0841573879526685,0,TRUE
Track_003508,18/09/2025 02:59,18/09/2025 02:59,1,1,/home/users/alyduf25/INSPIRE/outputs/singapore/inference/dep000144/raw_outputs/ami-mini-20250917T195908.jpg,crop_1,nonmoth,Lepidoptera Macros,Trilocha varians,Noctuidae,Vitula,Vitula serratilineella,,0,TRUE
Track_003509,18/09/2025 03:01,18/09/2025 03:01,1,1,/home/users/alyduf25/INSPIRE/outputs/singapore/inference/dep000144/raw_outputs/ami-mini-20250917T200109.jpg,crop_1,nonmoth,Lepidoptera Macros,Hippotion celerio,Pieridae,Anthocharis,Anthocharis cardamines,1.516795937473738,0,TRUE
Track_003510,18/09/2025 03:01,18/09/2025 03:01,1,1,/home/users/alyduf25/INSPIRE/outputs/singapore/inference/dep000144/raw_outputs/ami-mini-20250917T200109.jpg,crop_2,nonmoth,Lepidoptera Macros,Hippotion rosetta,Noctuidae,Agrochola,Agrochola circellaris,1.5742062909343342,0,TRUE
Track_003511,18/09/2025 03:03,18/09/2025 03:11,5,5,/home/users/alyduf25/INSPIRE/outputs/singapore/inference/dep000144/raw_outputs/ami-mini-20250917T200310.jpg,crop_1,nonmoth,Lepidoptera Macros,Theretra latreillii,Noctuidae,Hofmannophila,Hofmannophila pseudospretella,0.644470348,8.066666666666666,FALSE
Track_003512,18/09/2025 03:09,18/09/2025 03:11,2,2,/home/users/alyduf25/INSPIRE/outputs/singapore/inference/dep000144/raw_outputs/ami-mini-20250917T200913.jpg,crop_1,nonmoth,Lepidoptera Macros,Diaphania indica,Lasiocampidae,Eriogaster,Eriogaster arbusculae,0.9533150997369214,2.0166666666666666,FALSE
Track_003513,18/09/2025 03:13,18/09/2025 03:13,1,1,/home/users/alyduf25/INSPIRE/outputs/singapore/inference/dep000144/raw_outputs/ami-mini-20250917T201315.jpg,crop_1,moth,Lepidoptera Macros,Theretra latreillii,Zygaenidae,Zygaena,Zygaena angelicae,1.227361629,0,TRUE
Track_003514,18/09/2025 03:23,18/09/2025 03:23,1,1,/home/users/alyduf25/INSPIRE/outputs/singapore/inference/dep000144/raw_outputs/ami-mini-20250917T202320.jpg,crop_1,nonmoth,Lepidoptera Macros,Hippotion celerio,Geometridae,Idaea,Anania hortulata,,0,TRUE
Track_003515,18/09/2025 03:23,18/09/2025 03:25,2,2,/home/users/alyduf25/INSPIRE/outputs/singapore/inference/dep000144/raw_outputs/ami-mini-20250917T202320.jpg,crop_2,nonmoth,Lepidoptera Macros,Hyposidra talaca,Sesiidae,Synanthedon,Synanthedon myopaeformis,0.5457576767736322,2.0166666666666666,FALSE
Track_003516,18/09/2025 03:25,18/09/2025 03:33,5,5,/home/users/alyduf25/INSPIRE/outputs/singapore/inference/dep000144/raw_outputs/ami-mini-20250917T202521.jpg,crop_2,nonmoth,Lepidoptera Micros,Eudocima discrepans,Plutellidae,Ypsolophus,Ypsolophus asperella,0.8233818235933448,8.066666666666666,FALSE
Track_003517,18/09/2025 03:25,18/09/2025 03:33,5,5,/home/users/alyduf25/INSPIRE/outputs/singapore/inference/dep000144/raw_outputs/ami-mini-20250917T202521.jpg,crop_3,moth,Lepidoptera Micros,Cryptothelea gloverii,Noctuidae,Hadena,Hadena capsincola,0.6746303029421241,8.066666666666666,FALSE
Track_003518,18/09/2025 03:27,18/09/2025 03:27,1,1,/home/users/alyduf25/INSPIRE/outputs/singapore/inference/dep000144/raw_outputs/ami-mini-20250917T202722.jpg,crop_1,nonmoth,Lepidoptera Macros,Sphenarches anisodactylus,Sesiidae,Synanthedon,Synanthedon myopaeformis,1.199880207557056,0,TRUE
Track_003519,18/09/2025 03:29,18/09/2025 03:33,3,3,/home/users/alyduf25/INSPIRE/outputs/singapore/inference/dep000144/raw_outputs/ami-mini-20250917T202923.jpg,crop_1,nonmoth,Lepidoptera Macros,Hippotion rosetta,Geometridae,Thetidia,Thetidia smaragdaria,0.7292547630645796,4.033333333333333,FALSE
Track_003520,18/09/2025 03:35,18/09/2025 03:35,1,1,/home/users/alyduf25/INSPIRE/outputs/singapore/inference/dep000144/raw_outputs/ami-mini-20250917T203526.jpg,crop_1,nonmoth,Lepidoptera Macros,Theretra latreillii,Erebidae,Tyria,Tyria jacobaeae,1.2361199705586745,0,TRUE
Track_003521,18/09/2025 03:35,18/09/2025 03:35,1,1,/home/users/alyduf25/INSPIRE/outputs/singapore/inference/dep000144/raw_outputs/ami-mini-20250917T203526.jpg,crop_2,nonmoth,Lepidoptera Macros,Hippotion celerio,Tortricidae,Conistra,Conistra rubiginosa,1.390789339557637,0,TRUE
Track_003522,18/09/2025 03:37,18/09/2025 03:45,5,5,/home/users/alyduf25/INSPIRE/outputs/singapore/inference/dep000144/raw_outputs/ami-mini-20250917T203727.jpg,crop_1,nonmoth,Lepidoptera Macros,Hippotion celerio,Lasiocampidae,Lasiocampa,Lasiocampa quercus,0.3945081526613456,8.066666666666666,FALSE
Track_003523,18/09/2025 03:37,18/09/2025 03:43,4,4,/home/users/alyduf25/INSPIRE/outputs/singapore/inference/dep000144/raw_outputs/ami-mini-20250917T203727.jpg,crop_2,moth,Lepidoptera Micros,Cryptothelea gloverii,Yponomeutidae,Pseudoswammerdamia,Pseudoswammerdamia combinella,0.794002544,6.05,FALSE
Track_003524,18/09/2025 03:43,18/09/2025 03:43,1,1,/home/users/alyduf25/INSPIRE/outputs/singapore/inference/dep000144/raw_outputs/ami-mini-20250917T204330.jpg,crop_2,nonmoth,Ephemeroptera,,,,,,0,TRUE
Track_003525,18/09/2025 03:45,18/09/2025 03:47,2,2,/home/users/alyduf25/INSPIRE/outputs/singapore/inference/dep000144/raw_outputs/ami-mini-20250917T204531.jpg,crop_1,nonmoth,Lepidoptera Macros,Sphenarches anisodactylus,Sesiidae,Synanthedon,Synanthedon myopaeformis,1.1643840481951142,2.0166666666666666,FALSE
Track_003526,18/09/2025 03:47,18/09/2025 03:55,5,5,/home/users/alyduf25/INSPIRE/outputs/singapore/inference/dep000144/raw_outputs/ami-mini-20250917T204732.jpg,crop_2,nonmoth,Lepidoptera Macros,Hippotion celerio,Noctuidae,Autographa,Autographa excelsa,0.5307231830319056,8.066666666666666,FALSE
Track_003527,18/09/2025 03:49,18/09/2025 03:49,1,1,/home/users/alyduf25/INSPIRE/outputs/singapore/inference/dep000144/raw_outputs/ami-mini-20250917T204933.jpg,crop_2,nonmoth,Lepidoptera Macros,Hyposidra talaca,Geometridae,Xanthorhoe,Xanthorhoe ferrugata,1.4457397877574625,0,TRUE
Track_003528,18/09/2025 03:49,18/09/2025 03:51,2,2,/home/users/alyduf25/INSPIRE/outputs/singapore/inference/dep000144/raw_outputs/ami-mini-20250917T204933.jpg,crop_3,moth,Lepidoptera Micros,Pseudorthodes vecors,Yponomeutidae,Pseudoswammerdamia,Pseudoswammerdamia combinella,1.4233534124793188,2.0166666666666666,FALSE
Track_003529,18/09/2025 03:49,18/09/2025 03:49,1,1,/home/users/alyduf25/INSPIRE/outputs/singapore/inference/dep000144/raw_outputs/ami-mini-20250917T204933.jpg,crop_4,moth,Lepidoptera Macros,Trilocha varians,Sesiidae,Pennisetia,Pennisetia hylaeiformis,2.3803833970432806,0,TRUE
Track_003530,18/09/2025 03:57,18/09/2025 04:03,4,4,/home/users/alyduf25/INSPIRE/outputs/singapore/inference/dep000144/raw_outputs/ami-mini-20250917T205737.jpg,crop_2,moth,Lepidoptera Micros,Cryptothelea gloverii,Gelechiidae,Gelechia,Gelechia muscosella,0.8836007639757346,6.05,FALSE
Track_003531,18/09/2025 04:01,18/09/2025 04:03,2,2,/home/users/alyduf25/INSPIRE/outputs/singapore/inference/dep000144/raw_outputs/ami-mini-20250917T210139.jpg,crop_1,nonmoth,Lepidoptera Macros,Attacus atlas,Geometridae,Lampropteryx,Lampropteryx otregiata,1.9628131992151143,2.0166666666666666,FALSE
Track_003532,18/09/2025 04:05,18/09/2025 04:05,1,1,/home/users/alyduf25/INSPIRE/outputs/singapore/inference/dep000144/raw_outputs/ami-mini-20250917T210541.jpg,crop_1,nonmoth,Lepidoptera Macros,Hippotion celerio,Geometridae,Idaea,Idaea pallidata,1.5471104114193075,0,TRUE
Track_003533,18/09/2025 04:07,18/09/2025 04:07,1,1,/home/users/alyduf25/INSPIRE/outputs/singapore/inference/dep000144/raw_outputs/ami-mini-20250917T210742.jpg,crop_1,nonmoth,Lepidoptera Macros,Hippotion rosetta,Geometridae,Thetidia,Thetidia smaragdaria,1.2855935111004813,0,TRUE
Track_003534,18/09/2025 04:07,18/09/2025 04:09,2,2,/home/users/alyduf25/INSPIRE/outputs/singapore/inference/dep000144/raw_outputs/ami-mini-20250917T210742.jpg,crop_2,nonmoth,Lepidoptera Macros,Trilocha varians,Noctuidae,Pharmacis,Pharmacis fusconebulosa,0.9727038613601656,2.0166666666666666,FALSE
Track_003535,18/09/2025 04:07,18/09/2025 04:11,3,3,/home/users/alyduf25/INSPIRE/outputs/singapore/inference/dep000144/raw_outputs/ami-mini-20250917T210742.jpg,crop_3,moth,Lepidoptera Micros,Cryptothelea gloverii,Tortricidae,Epinotia,Epinotia nanana,1.117382119840601,4.033333333333333,FALSE
Track_003536,18/09/2025 04:09,18/09/2025 04:15,4,4,/home/users/alyduf25/INSPIRE/outputs/singapore/inference/dep000144/raw_outputs/ami-mini-20250917T210943.jpg,crop_1,nonmoth,Lepidoptera Macros,Theretra latreillii,Nymphalidae,Boloria,Boloria thore,0.6208388639852308,6.05,FALSE
Track_003537,18/09/2025 04:17,18/09/2025 04:23,4,4,/home/users/alyduf25/INSPIRE/outputs/singapore/inference/dep000144/raw_outputs/ami-mini-20250917T211747.jpg,crop_1,nonmoth,Lepidoptera Macros,Theretra latreillii,Noctuidae,Euthrix,Euthrix potatoria,0.309024787,6.05,FALSE
Track_003538,18/09/2025 04:17,18/09/2025 04:17,1,1,/home/users/alyduf25/INSPIRE/outputs/singapore/inference/dep000144/raw_outputs/ami-mini-20250917T211747.jpg,crop_4,moth,Lepidoptera Micros,Cryptothelea gloverii,Lasiocampidae,Incurvaria,Lampronia oehlmaniella,3.152616267897866,0,TRUE
Track_003539,18/09/2025 04:21,18/09/2025 04:23,2,2,/home/users/alyduf25/INSPIRE/outputs/singapore/inference/dep000144/raw_outputs/ami-mini-20250917T212149.jpg,crop_3,moth,Lepidoptera Micros,Cryptothelea gloverii,Lasiocampidae,Incurvaria,Lampronia oehlmaniella,1.668999537191508,2.0166666666666666,FALSE
Track_003540,18/09/2025 04:25,18/09/2025 04:25,1,1,/home/users/alyduf25/INSPIRE/outputs/singapore/inference/dep000144/raw_outputs/ami-mini-20250917T212551.jpg,crop_1,nonmoth,Lepidoptera Macros,Hyposidra talaca,Tortricidae,Synanthedon,Synanthedon myopaeformis,1.6875764687645272,0,TRUE
Track_003541,18/09/2025 04:25,18/09/2025 04:25,1,1,/home/users/alyduf25/INSPIRE/outputs/singapore/inference/dep000144/raw_outputs/ami-mini-20250917T212551.jpg,crop_2,nonmoth,Lepidoptera Macros,Theretra latreillii,Drepanidae,Watsonalla,Watsonalla cultraria,1.510165479954639,0,TRUE
Track_003542,18/09/2025 04:27,18/09/2025 04:27,1,1,/home/users/alyduf25/INSPIRE/outputs/singapore/inference/dep000144/raw_outputs/ami-mini-20250917T212752.jpg,crop_1,nonmoth,Lepidoptera Macros,Attacus atlas,Geometridae,Xanthorhoe,Xanthorhoe ferrugata,1.0243426398922284,0,TRUE
Track_003543,18/09/2025 04:29,18/09/2025 04:29,1,1,/home/users/alyduf25/INSPIRE/outputs/singapore/inference/dep000144/raw_outputs/ami-mini-20250917T212953.jpg,crop_1,nonmoth,Lepidoptera Macros,Hippotion celerio,Noctuidae,Anthocharis,Anthocharis cardamines,1.8153836296588373,0,TRUE
Track_003544,18/09/2025 04:29,19/09/2025 19:24,5,5,/home/users/alyduf25/INSPIRE/outputs/singapore/inference/dep000144/raw_outputs/ami-mini-20250917T212953.jpg,crop_2,moth,Lepidoptera Micros,Cryptothelea gloverii,Gelechiidae,Helcystogramma,Helcystogramma lutatella,0.8302469185173988,2334.7,FALSE
Track_003545,18/09/2025 04:31,18/09/2025 04:31,1,1,/home/users/alyduf25/INSPIRE/outputs/singapore/inference/dep000144/raw_outputs/ami-mini-20250917T213154.jpg,crop_1,nonmoth,Lepidoptera Macros,Trilocha varians,Endromidae,Endromis,Endromis versicolora,1.8806164490332435,0,TRUE
Track_003546,18/09/2025 04:31,18/09/2025 04:31,1,1,/home/users/alyduf25/INSPIRE/outputs/singapore/inference/dep000144/raw_outputs/ami-mini-20250917T213154.jpg,crop_5,moth,Lepidoptera Macros,Hyposidra talaca,Sesiidae,Synanthedon,Synanthedon conopiformis,2.765916053008901,0,TRUE
Track_003547,18/09/2025 04:33,18/09/2025 04:33,1,1,/home/users/alyduf25/INSPIRE/outputs/singapore/inference/dep000144/raw_outputs/ami-mini-20250917T213355.jpg,crop_1,nonmoth,Lepidoptera Macros,Theretra latreillii,Noctuidae,Sciota,Sciota rhenella,1.0986115051171208,0,TRUE
Track_003548,19/09/2025 19:28,19/09/2025 19:28,1,1,/home/users/alyduf25/INSPIRE/outputs/singapore/inference/dep000144/raw_outputs/ami-mini-20250919T122837.jpg,crop_1,moth,Lepidoptera Micros,Phereoeca uterella,Sesiidae,Synanthedon,Synanthedon andrenaeformis,,0,TRUE
Track_003549,19/09/2025 19:34,19/09/2025 19:34,1,1,/home/users/alyduf25/INSPIRE/outputs/singapore/inference/dep000144/raw_outputs/ami-mini-20250919T123440.jpg,crop_1,moth,Lepidoptera Micros,Phereoeca uterella,Douglasiidae,Tinagma,Tinagma ocnerostomella,,0,TRUE
Track_003550,19/09/2025 19:36,19/09/2025 19:36,1,1,/home/users/alyduf25/INSPIRE/outputs/singapore/inference/dep000144/raw_outputs/ami-mini-20250919T123641.jpg,crop_1,nonmoth,Lepidoptera Macros,Trilocha varians,Noctuidae,Hofmannophila,Hofmannophila pseudospretella,2.656962451295059,0,TRUE
Track_003551,19/09/2025 19:38,19/09/2025 19:38,1,1,/home/users/alyduf25/INSPIRE/outputs/singapore/inference/dep000144/raw_outputs/ami-mini-20250919T123842.jpg,crop_1,nonmoth,Lepidoptera Macros,Theretra latreillii,Pieridae,Anthocharis,Anthocharis cardamines,1.3508304372182272,0,TRUE
Track_003552,19/09/2025 19:38,19/09/2025 19:40,2,2,/home/users/alyduf25/INSPIRE/outputs/singapore/inference/dep000144/raw_outputs/ami-mini-20250919T123842.jpg,crop_2,nonmoth,Lepidoptera Macros,Sphenarches anisodactylus,Nymphalidae,Boloria,Boloria thore,1.434691689432063,2.0166666666666666,FALSE
Track_003553,19/09/2025 19:38,19/09/2025 19:38,1,1,/home/users/alyduf25/INSPIRE/outputs/singapore/inference/dep000144/raw_outputs/ami-mini-20250919T123842.jpg,crop_3,moth,Lepidoptera Macros,Trilocha varians,Yponomeutidae,Swammerdamia,Swammerdamia compunctella,2.6735876894661312,0,TRUE
Track_003554,19/09/2025 19:40,19/09/2025 19:40,1,1,/home/users/alyduf25/INSPIRE/outputs/singapore/inference/dep000144/raw_outputs/ami-mini-20250919T124043.jpg,crop_3,moth,Lepidoptera Macros,Trilocha varians,Noctuidae,Tyta,Tyta luctuosa,1.1713596928158114,0,TRUE
Track_003555,19/09/2025 19:42,19/09/2025 19:50,5,5,/home/users/alyduf25/INSPIRE/outputs/singapore/inference/dep000144/raw_outputs/ami-mini-20250919T124244.jpg,crop_1,nonmoth,Lepidoptera Macros,Hippotion rosetta,Depressariidae,Agonopterix,Agonopterix scopariella,0.3997503474444502,8.066666666666666,FALSE
Track_003556,19/09/2025 19:52,19/09/2025 19:54,2,2,/home/users/alyduf25/INSPIRE/outputs/singapore/inference/dep000144/raw_outputs/ami-mini-20250919T125249.jpg,crop_1,nonmoth,Lepidoptera Macros,Theretra latreillii,Noctuidae,Mompha,Mompha subbistrigella,0.9644276163269708,2.0166666666666666,FALSE
Track_003557,19/09/2025 20:00,19/09/2025 20:00,1,1,/home/users/alyduf25/INSPIRE/outputs/singapore/inference/dep000144/raw_outputs/ami-mini-20250919T130053.jpg,crop_1,nonmoth,Lepidoptera Macros,Lyssa zampa,Geometridae,Idaea,Anthocharis cardamines,,0,TRUE
Track_003558,19/09/2025 20:00,19/09/2025 20:00,1,1,/home/users/alyduf25/INSPIRE/outputs/singapore/inference/dep000144/raw_outputs/ami-mini-20250919T130053.jpg,crop_2,moth,Lepidoptera Macros,Trilocha varians,Noctuidae,Globia,Globia sparganii,,0,TRUE
Track_003559,19/09/2025 20:02,19/09/2025 20:04,2,2,/home/users/alyduf25/INSPIRE/outputs/singapore/inference/dep000144/raw_outputs/ami-mini-20250919T130254.jpg,crop_1,nonmoth,Lepidoptera Macros,Theretra latreillii,Noctuidae,Agonopterix,Agonopterix scopariella,1.420279854969533,2.0166666666666666,FALSE
Track_003560,19/09/2025 20:04,19/09/2025 20:04,1,1,/home/users/alyduf25/INSPIRE/outputs/singapore/inference/dep000144/raw_outputs/ami-mini-20250919T130455.jpg,crop_3,moth,Lepidoptera Macros,Hyposidra talaca,Pterophoridae,Amblyptilia,Amblyptilia acanthadactyla,2.162185080945108,0,TRUE
Track_003561,19/09/2025 20:06,19/09/2025 20:06,1,1,/home/users/alyduf25/INSPIRE/outputs/singapore/inference/dep000144/raw_outputs/ami-mini-20250919T130656.jpg,crop_2,moth,Lepidoptera Macros,Hyposidra talaca,Noctuidae,Globia,Globia sparganii,1.3442338154086928,0,TRUE
Track_003562,19/09/2025 20:08,19/09/2025 20:08,1,1,/home/users/alyduf25/INSPIRE/outputs/singapore/inference/dep000144/raw_outputs/ami-mini-20250919T130857.jpg,crop_1,nonmoth,Diptera Nematocera,,,,,,0,TRUE
Track_003563,19/09/2025 20:10,19/09/2025 20:10,1,1,/home/users/alyduf25/INSPIRE/outputs/singapore/inference/dep000144/raw_outputs/ami-mini-20250919T131058.jpg,crop_1,nonmoth,Lepidoptera Macros,Hyposidra talaca,Noctuidae,Hofmannophila,Hofmannophila pseudospretella,,0,TRUE
Track_003564,19/09/2025 20:15,19/09/2025 20:15,1,1,/home/users/alyduf25/INSPIRE/outputs/singapore/inference/dep000144/raw_outputs/ami-mini-20250919T131500.jpg,crop_1,nonmoth,Lepidoptera Macros,Theretra latreillii,Geometridae,Etiella,Etiella zinckenella,,0,TRUE
Track_003565,19/09/2025 20:17,19/09/2025 20:17,1,1,/home/users/alyduf25/INSPIRE/outputs/singapore/inference/dep000144/raw_outputs/ami-mini-20250919T131701.jpg,crop_1,nonmoth,Lepidoptera Macros,Sphenarches anisodactylus,Noctuidae,Conistra,Conistra rubiginosa,1.5727028602075166,0,TRUE
Track_003566,19/09/2025 20:21,19/09/2025 20:23,2,2,/home/users/alyduf25/INSPIRE/outputs/singapore/inference/dep000144/raw_outputs/ami-mini-20250919T132103.jpg,crop_1,nonmoth,Lepidoptera Macros,Trilocha varians,Geometridae,Synanthedon,Synanthedon myopaeformis,0.8301023424761219,2.0166666666666666,FALSE
Track_003567,19/09/2025 20:29,19/09/2025 20:29,1,1,/home/users/alyduf25/INSPIRE/outputs/singapore/inference/dep000144/raw_outputs/ami-mini-20250919T132907.jpg,crop_1,nonmoth,Lepidoptera Macros,Theretra latreillii,Depressariidae,Agonopterix,Agonopterix ciliella,,0,TRUE
Track_003568,19/09/2025 20:31,19/09/2025 20:31,1,1,/home/users/alyduf25/INSPIRE/outputs/singapore/inference/dep000144/raw_outputs/ami-mini-20250919T133108.jpg,crop_1,nonmoth,Lepidoptera Macros,Trilocha varians,Geometridae,Xanthorhoe,Xanthorhoe ferrugata,1.231087761547499,0,TRUE
Track_003569,19/09/2025 20:31,19/09/2025 20:31,1,1,/home/users/alyduf25/INSPIRE/outputs/singapore/inference/dep000144/raw_outputs/ami-mini-20250919T133108.jpg,crop_2,moth,Lepidoptera Micros,Ephestiodes infimella,Lasiocampidae,Lasiocampa,Lasiocampa trifolii,2.9773127960438126,0,TRUE
Track_003570,19/09/2025 20:33,19/09/2025 20:33,1,1,/home/users/alyduf25/INSPIRE/outputs/singapore/inference/dep000144/raw_outputs/ami-mini-20250919T133309.jpg,crop_1,nonmoth,Lepidoptera Macros,Theretra latreillii,Noctuidae,Micropterix,Micropterix calthella,1.8108032233865967,0,TRUE
Track_003571,19/09/2025 20:35,19/09/2025 20:41,4,4,/home/users/alyduf25/INSPIRE/outputs/singapore/inference/dep000144/raw_outputs/ami-mini-20250919T133510.jpg,crop_1,nonmoth,Lepidoptera Macros,Trilocha varians,Geometridae,Xanthorhoe,Xanthorhoe ferrugata,0.6946051281831006,6.05,FALSE
Track_003572,19/09/2025 20:43,19/09/2025 20:45,2,2,/home/users/alyduf25/INSPIRE/outputs/singapore/inference/dep000144/raw_outputs/ami-mini-20250919T134314.jpg,crop_1,nonmoth,Lepidoptera Macros,Hyposidra talaca,Geometridae,Thetidia,Thetidia smaragdaria,0.9350426484192478,2.0166666666666666,FALSE
Track_003573,19/09/2025 20:47,19/09/2025 20:49,2,2,/home/users/alyduf25/INSPIRE/outputs/singapore/inference/dep000144/raw_outputs/ami-mini-20250919T134716.jpg,crop_1,nonmoth,Lepidoptera Macros,Exelastis pumilio,Lycaenidae,Maculinea,Maculinea nausithous,0.924416892,2.0166666666666666,FALSE
Track_003574,19/09/2025 20:49,19/09/2025 20:49,1,1,/home/users/alyduf25/INSPIRE/outputs/singapore/inference/dep000144/raw_outputs/ami-mini-20250919T134917.jpg,crop_3,moth,Lepidoptera Macros,Hyposidra talaca,Geometridae,Idaea,Idaea emarginata,2.427827378931018,0,TRUE
Track_003575,19/09/2025 20:51,19/09/2025 20:51,1,1,/home/users/alyduf25/INSPIRE/outputs/singapore/inference/dep000144/raw_outputs/ami-mini-20250919T135118.jpg,crop_1,nonmoth,Lepidoptera Macros,Theretra latreillii,Geometridae,Xanthorhoe,Xanthorhoe ferrugata,1.0316800909065391,0,TRUE
Track_003576,19/09/2025 20:53,19/09/2025 20:53,1,1,/home/users/alyduf25/INSPIRE/outputs/singapore/inference/dep000144/raw_outputs/ami-mini-20250919T135319.jpg,crop_1,nonmoth,Lepidoptera Macros,Saturnia pyri,Tortricidae,Spilonota,Spilonota ocellana,1.0530075797928242,0,TRUE
Track_003577,19/09/2025 20:55,19/09/2025 20:55,1,1,/home/users/alyduf25/INSPIRE/outputs/singapore/inference/dep000144/raw_outputs/ami-mini-20250919T135520.jpg,crop_1,nonmoth,Lepidoptera Macros,Trilocha varians,Geometridae,Hecatera,Hecatera dysodea,1.951670180667856,0,TRUE
Track_003578,19/09/2025 21:05,19/09/2025 21:05,1,1,/home/users/alyduf25/INSPIRE/outputs/singapore/inference/dep000144/raw_outputs/ami-mini-20250919T140525.jpg,crop_2,moth,Lepidoptera Micros,Comostola laesaria,Noctuidae,Mellicta,Mellicta parthenoides,,0,TRUE
Track_003579,19/09/2025 21:21,19/09/2025 21:21,1,1,/home/users/alyduf25/INSPIRE/outputs/singapore/inference/dep000144/raw_outputs/ami-mini-20250919T142133.jpg,crop_1,nonmoth,Lepidoptera Macros,Trilocha varians,Tortricidae,Spilonota,Spilonota ocellana,,0,TRUE
Track_003580,19/09/2025 21:23,19/09/2025 21:23,1,1,/home/users/alyduf25/INSPIRE/outputs/singapore/inference/dep000144/raw_outputs/ami-mini-20250919T142334.jpg,crop_1,nonmoth,Lepidoptera Macros,Theretra latreillii,Gelechiidae,Gelechia,Gelechia senticetella,1.654409857862317,0,TRUE
Track_003581,19/09/2025 21:25,19/09/2025 21:27,2,2,/home/users/alyduf25/INSPIRE/outputs/singapore/inference/dep000144/raw_outputs/ami-mini-20250919T142535.jpg,crop_1,nonmoth,Lepidoptera Macros,Theretra latreillii,Geometridae,Notocelia,Notocelia rosaecolana,0.9971995007785112,2.0166666666666666,FALSE
Track_003582,19/09/2025 21:29,19/09/2025 21:29,1,1,/home/users/alyduf25/INSPIRE/outputs/singapore/inference/dep000144/raw_outputs/ami-mini-20250919T142937.jpg,crop_1,moth,Diptera Nematocera,Tinea pellionella,Erebidae,Manulea,Manulea complana,2.871482144407879,0,TRUE
Track_003583,19/09/2025 21:31,19/09/2025 21:35,3,3,/home/users/alyduf25/INSPIRE/outputs/singapore/inference/dep000144/raw_outputs/ami-mini-20250919T143138.jpg,crop_1,moth,Lepidoptera Micros,Ephestiodes infimella,Pieridae,Anthocharis,Anthocharis cardamines,0.8255699926197636,4.033333333333333,FALSE
Track_003584,19/09/2025 21:31,19/09/2025 21:31,1,1,/home/users/alyduf25/INSPIRE/outputs/singapore/inference/dep000144/raw_outputs/ami-mini-20250919T143138.jpg,crop_2,nonmoth,Lepidoptera Macros,Trilocha varians,Tineidae,Niditinea,Niditinea fuscella,2.648328502333814,0,TRUE
Track_003585,19/09/2025 21:33,19/09/2025 21:33,1,1,/home/users/alyduf25/INSPIRE/outputs/singapore/inference/dep000144/raw_outputs/ami-mini-20250919T143339.jpg,crop_1,nonmoth,Lepidoptera Macros,Stenoptilodes taprobanes,Tortricidae,Notocelia,Notocelia rosaecolana,1.311777810953443,0,TRUE
Track_003586,19/09/2025 21:35,19/09/2025 21:35,1,1,/home/users/alyduf25/INSPIRE/outputs/singapore/inference/dep000144/raw_outputs/ami-mini-20250919T143540.jpg,crop_1,nonmoth,Lepidoptera Macros,Theretra latreillii,Pieridae,Anthocharis,Anthocharis cardamines,1.697926782655673,0,TRUE
Track_003587,19/09/2025 21:39,19/09/2025 21:39,1,1,/home/users/alyduf25/INSPIRE/outputs/singapore/inference/dep000144/raw_outputs/ami-mini-20250919T143942.jpg,crop_1,nonmoth,Lepidoptera Macros,Hippotion rosetta,Tortricidae,Argyroploce,Argyroploce arbutella,,0,TRUE
Track_003588,19/09/2025 21:41,19/09/2025 21:41,1,1,/home/users/alyduf25/INSPIRE/outputs/singapore/inference/dep000144/raw_outputs/ami-mini-20250919T144143.jpg,crop_1,nonmoth,Diptera Nematocera,,,,,,0,TRUE
Track_003589,19/09/2025 21:43,19/09/2025 21:43,1,1,/home/users/alyduf25/INSPIRE/outputs/singapore/inference/dep000144/raw_outputs/ami-mini-20250919T144344.jpg,crop_1,nonmoth,Lepidoptera Macros,Ectropis bhurmitra,Noctuidae,Coleophora,Coleophora mayrella,,0,TRUE
Track_003590,19/09/2025 21:47,19/09/2025 21:47,1,1,/home/users/alyduf25/INSPIRE/outputs/singapore/inference/dep000144/raw_outputs/ami-mini-20250919T144746.jpg,crop_1,nonmoth,Araneae,,,,,,0,TRUE
Track_003591,19/09/2025 21:49,19/09/2025 21:51,2,2,/home/users/alyduf25/INSPIRE/outputs/singapore/inference/dep000144/raw_outputs/ami-mini-20250919T144947.jpg,crop_1,nonmoth,Lepidoptera Macros,Theretra latreillii,Pieridae,Anthocharis,Anthocharis cardamines,0.964749881,2.0166666666666666,FALSE
Track_003592,19/09/2025 21:57,19/09/2025 21:57,1,1,/home/users/alyduf25/INSPIRE/outputs/singapore/inference/dep000144/raw_outputs/ami-mini-20250919T145751.jpg,crop_2,nonmoth,Diptera Nematocera,,,,,,0,TRUE
Track_003593,19/09/2025 22:09,19/09/2025 22:09,1,1,/home/users/alyduf25/INSPIRE/outputs/singapore/inference/dep000144/raw_outputs/ami-mini-20250919T150957.jpg,crop_1,nonmoth,Araneae,,,,,,0,TRUE
Track_003594,19/09/2025 22:11,19/09/2025 22:11,1,1,/home/users/alyduf25/INSPIRE/outputs/singapore/inference/dep000144/raw_outputs/ami-mini-20250919T151158.jpg,crop_1,nonmoth,Lepidoptera Macros,Hippotion celerio,Pieridae,Anthocharis,Anthocharis cardamines,,0,TRUE
Track_003595,19/09/2025 22:16,19/09/2025 22:18,2,2,/home/users/alyduf25/INSPIRE/outputs/singapore/inference/dep000144/raw_outputs/ami-mini-20250919T151600.jpg,crop_1,nonmoth,Lepidoptera Macros,Theretra latreillii,Tortricidae,Spilonota,Spilonota ocellana,0.2265790660941486,2.0166666666666666,FALSE
Track_003596,19/09/2025 22:28,19/09/2025 22:28,1,1,/home/users/alyduf25/INSPIRE/outputs/singapore/inference/dep000144/raw_outputs/ami-mini-20250919T152806.jpg,crop_1,nonmoth,Diptera Nematocera,,,,,,0,TRUE
Track_003597,19/09/2025 22:34,19/09/2025 22:34,1,1,/home/users/alyduf25/INSPIRE/outputs/singapore/inference/dep000144/raw_outputs/ami-mini-20250919T153409.jpg,crop_1,nonmoth,Lepidoptera Macros,Eumeta variegatus,Geometridae,Hypatopa,Hypatopa binotella,,0,TRUE
Track_003598,19/09/2025 22:38,19/09/2025 22:38,1,1,/home/users/alyduf25/INSPIRE/outputs/singapore/inference/dep000144/raw_outputs/ami-mini-20250919T153811.jpg,crop_1,nonmoth,Araneae,,,,,,0,TRUE
Track_003599,19/09/2025 22:40,19/09/2025 22:40,1,1,/home/users/alyduf25/INSPIRE/outputs/singapore/inference/dep000144/raw_outputs/ami-mini-20250919T154012.jpg,crop_1,nonmoth,Lepidoptera Macros,Trilocha varians,Tortricidae,Epinotia,Epinotia cruciana,,0,TRUE
Track_003600,19/09/2025 22:48,19/09/2025 22:48,1,1,/home/users/alyduf25/INSPIRE/outputs/singapore/inference/dep000144/raw_outputs/ami-mini-20250919T154816.jpg,crop_3,nonmoth,Lepidoptera Macros,Theretra latreillii,Noctuidae,Parectropis,Parectropis similaria,,0,TRUE
Track_003601,19/09/2025 22:50,19/09/2025 22:50,1,1,/home/users/alyduf25/INSPIRE/outputs/singapore/inference/dep000144/raw_outputs/ami-mini-20250919T155017.jpg,crop_1,nonmoth,Lepidoptera Macros,Attacus atlas,Noctuidae,Endrosis,Endrosis sarcitrella,1.429700580068332,0,TRUE
Track_003602,19/09/2025 23:02,19/09/2025 23:02,1,1,/home/users/alyduf25/INSPIRE/outputs/singapore/inference/dep000144/raw_outputs/ami-mini-20250919T160223.jpg,crop_1,nonmoth,Diptera Nematocera,,,,,,0,TRUE
Track_003603,19/09/2025 23:04,19/09/2025 23:04,1,1,/home/users/alyduf25/INSPIRE/outputs/singapore/inference/dep000144/raw_outputs/ami-mini-20250919T160424.jpg,crop_1,nonmoth,Diptera Nematocera,,,,,,0,TRUE
Track_003604,19/09/2025 23:06,19/09/2025 23:06,1,1,/home/users/alyduf25/INSPIRE/outputs/singapore/inference/dep000144/raw_outputs/ami-mini-20250919T160625.jpg,crop_1,nonmoth,Diptera Nematocera,,,,,,0,TRUE
Track_003605,19/09/2025 23:08,19/09/2025 23:08,1,1,/home/users/alyduf25/INSPIRE/outputs/singapore/inference/dep000144/raw_outputs/ami-mini-20250919T160826.jpg,crop_1,nonmoth,Diptera Nematocera,,,,,,0,TRUE
Track_003606,19/09/2025 23:10,19/09/2025 23:10,1,1,/home/users/alyduf25/INSPIRE/outputs/singapore/inference/dep000144/raw_outputs/ami-mini-20250919T161027.jpg,crop_1,nonmoth,Diptera Nematocera,,,,,,0,TRUE
Track_003607,19/09/2025 23:12,19/09/2025 23:12,1,1,/home/users/alyduf25/INSPIRE/outputs/singapore/inference/dep000144/raw_outputs/ami-mini-20250919T161228.jpg,crop_1,nonmoth,Diptera Nematocera,,,,,,0,TRUE
Track_003608,19/09/2025 23:14,19/09/2025 23:20,4,4,/home/users/alyduf25/INSPIRE/outputs/singapore/inference/dep000144/raw_outputs/ami-mini-20250919T161429.jpg,crop_1,nonmoth,Lepidoptera Micros,Ephestiodes infimella,Noctuidae,Lacanobia,Lacanobia oleracea,0.2336076418946639,6.05,FALSE
Track_003609,19/09/2025 23:22,19/09/2025 23:22,1,1,/home/users/alyduf25/INSPIRE/outputs/singapore/inference/dep000144/raw_outputs/ami-mini-20250919T162233.jpg,crop_1,nonmoth,Diptera Nematocera,,,,,,0,TRUE
Track_003610,19/09/2025 23:24,19/09/2025 23:26,2,2,/home/users/alyduf25/INSPIRE/outputs/singapore/inference/dep000144/raw_outputs/ami-mini-20250919T162434.jpg,crop_1,nonmoth,Lepidoptera Micros,Tineola bisselliella,Noctuidae,Lacanobia,Lacanobia oleracea,0.3301020790304929,2.0166666666666666,FALSE
Track_003611,19/09/2025 23:28,19/09/2025 23:28,1,1,/home/users/alyduf25/INSPIRE/outputs/singapore/inference/dep000144/raw_outputs/ami-mini-20250919T162836.jpg,crop_1,nonmoth,Diptera Nematocera,,,,,,0,TRUE
Track_003612,19/09/2025 23:30,19/09/2025 23:38,5,5,/home/users/alyduf25/INSPIRE/outputs/singapore/inference/dep000144/raw_outputs/ami-mini-20250919T163037.jpg,crop_1,nonmoth,Lepidoptera Micros,Ephestiodes infimella,Pyralidae,Lacanobia,Lacanobia oleracea,0.4232235347738092,8.066666666666666,FALSE
Track_003613,19/09/2025 23:42,19/09/2025 23:42,1,1,/home/users/alyduf25/INSPIRE/outputs/singapore/inference/dep000144/raw_outputs/ami-mini-20250919T164243.jpg,crop_1,nonmoth,Lepidoptera Micros,Ephestiodes infimella,Pyralidae,Plodia,Plodia interpunctella,,0,TRUE
Track_003614,19/09/2025 23:44,19/09/2025 23:44,1,1,/home/users/alyduf25/INSPIRE/outputs/singapore/inference/dep000144/raw_outputs/ami-mini-20250919T164444.jpg,crop_1,nonmoth,Diptera Nematocera,,,,,,0,TRUE
Track_003615,19/09/2025 23:44,19/09/2025 23:44,1,1,/home/users/alyduf25/INSPIRE/outputs/singapore/inference/dep000144/raw_outputs/ami-mini-20250919T164444.jpg,crop_2,moth,Lepidoptera Macros,Plutella xylostella,Tineidae,Tinea,Tinea pellionella,1.8767497110639453,0,TRUE
Track_003616,19/09/2025 23:44,19/09/2025 23:44,1,1,/home/users/alyduf25/INSPIRE/outputs/singapore/inference/dep000144/raw_outputs/ami-mini-20250919T164444.jpg,crop_3,nonmoth,Diptera Nematocera,,,,,,0,TRUE
Track_003617,19/09/2025 23:46,19/09/2025 23:46,1,1,/home/users/alyduf25/INSPIRE/outputs/singapore/inference/dep000144/raw_outputs/ami-mini-20250919T164645.jpg,crop_1,moth,Lepidoptera Micros,Ephestiodes infimella,Lycaenidae,Phengaris,Phengaris teleius,1.5692419087539615,0,TRUE
Track_003618,19/09/2025 23:46,19/09/2025 23:46,1,1,/home/users/alyduf25/INSPIRE/outputs/singapore/inference/dep000144/raw_outputs/ami-mini-20250919T164645.jpg,crop_2,nonmoth,Diptera Nematocera,,,,,,0,TRUE
Track_003619,19/09/2025 23:48,19/09/2025 23:48,1,1,/home/users/alyduf25/INSPIRE/outputs/singapore/inference/dep000144/raw_outputs/ami-mini-20250919T164846.jpg,crop_1,nonmoth,Diptera Nematocera,,,,,,0,TRUE
Track_003620,19/09/2025 23:48,19/09/2025 23:48,1,1,/home/users/alyduf25/INSPIRE/outputs/singapore/inference/dep000144/raw_outputs/ami-mini-20250919T164846.jpg,crop_2,moth,Lepidoptera Micros,Ephestiodes infimella,Tortricidae,Epinotia,Epinotia tenerana,1.1266579840779374,0,TRUE
Track_003621,19/09/2025 23:48,19/09/2025 23:48,1,1,/home/users/alyduf25/INSPIRE/outputs/singapore/inference/dep000144/raw_outputs/ami-mini-20250919T164846.jpg,crop_4,nonmoth,Lepidoptera Micros,Phereoeca uterella,Erebidae,Tinea,Tinea pellionella,2.004538380267284,0,TRUE
Track_003622,19/09/2025 23:50,19/09/2025 23:50,1,1,/home/users/alyduf25/INSPIRE/outputs/singapore/inference/dep000144/raw_outputs/ami-mini-20250919T165047.jpg,crop_1,nonmoth,Diptera Nematocera,,,,,,0,TRUE
Track_003623,19/09/2025 23:52,19/09/2025 23:52,1,1,/home/users/alyduf25/INSPIRE/outputs/singapore/inference/dep000144/raw_outputs/ami-mini-20250919T165248.jpg,crop_1,nonmoth,Diptera Nematocera,,,,,,0,TRUE
Track_003624,19/09/2025 23:52,19/09/2025 23:52,1,1,/home/users/alyduf25/INSPIRE/outputs/singapore/inference/dep000144/raw_outputs/ami-mini-20250919T165248.jpg,crop_2,nonmoth,Lepidoptera Micros,Tineola bisselliella,Noctuidae,Nymphalis,Nymphalis antiopa,,0,TRUE
Track_003625,19/09/2025 23:54,19/09/2025 23:54,1,1,/home/users/alyduf25/INSPIRE/outputs/singapore/inference/dep000144/raw_outputs/ami-mini-20250919T165449.jpg,crop_1,nonmoth,Lepidoptera Micros,Plutella xylostella,Oecophoridae,Hofmannophila,Hofmannophila pseudospretella,1.837497490540348,0,TRUE
Track_003626,19/09/2025 23:56,19/09/2025 23:56,1,1,/home/users/alyduf25/INSPIRE/outputs/singapore/inference/dep000144/raw_outputs/ami-mini-20250919T165650.jpg,crop_1,nonmoth,Diptera Nematocera,,,,,,0,TRUE
Track_003627,19/09/2025 23:58,19/09/2025 23:58,1,1,/home/users/alyduf25/INSPIRE/outputs/singapore/inference/dep000144/raw_outputs/ami-mini-20250919T165851.jpg,crop_1,nonmoth,Diptera Nematocera,,,,,,0,TRUE
Track_003628,20/09/2025 00:00,20/09/2025 00:00,1,1,/home/users/alyduf25/INSPIRE/outputs/singapore/inference/dep000144/raw_outputs/ami-mini-20250919T170052.jpg,crop_1,nonmoth,Diptera Nematocera,,,,,,0,TRUE
Track_003629,20/09/2025 00:02,20/09/2025 00:06,3,3,/home/users/alyduf25/INSPIRE/outputs/singapore/inference/dep000144/raw_outputs/ami-mini-20250919T170253.jpg,crop_1,nonmoth,Lepidoptera Micros,Ephestiodes infimella,Erebidae,Hofmannophila,Hofmannophila pseudospretella,0.3699467487763913,4.033333333333333,FALSE
Track_003630,20/09/2025 00:02,20/09/2025 00:02,1,1,/home/users/alyduf25/INSPIRE/outputs/singapore/inference/dep000144/raw_outputs/ami-mini-20250919T170253.jpg,crop_3,moth,Lepidoptera Micros,Pyrausta phoenicealis,Pyralidae,Plodia,Plodia interpunctella,,0,TRUE
Track_003631,20/09/2025 00:06,20/09/2025 00:06,1,1,/home/users/alyduf25/INSPIRE/outputs/singapore/inference/dep000144/raw_outputs/ami-mini-20250919T170655.jpg,crop_1,nonmoth,Diptera Nematocera,,,,,,0,TRUE
Track_003632,20/09/2025 00:08,20/09/2025 00:08,1,1,/home/users/alyduf25/INSPIRE/outputs/singapore/inference/dep000144/raw_outputs/ami-mini-20250919T170856.jpg,crop_1,nonmoth,Diptera Nematocera,,,,,,0,TRUE
Track_003633,20/09/2025 00:10,20/09/2025 00:10,1,1,/home/users/alyduf25/INSPIRE/outputs/singapore/inference/dep000144/raw_outputs/ami-mini-20250919T171057.jpg,crop_1,nonmoth,Diptera Nematocera,,,,,,0,TRUE
Track_003634,20/09/2025 00:12,20/09/2025 00:17,3,3,/home/users/alyduf25/INSPIRE/outputs/singapore/inference/dep000144/raw_outputs/ami-mini-20250919T171258.jpg,crop_1,nonmoth,Lepidoptera Micros,Plutella xylostella,Pyralidae,Plodia,Plodia interpunctella,0.1564576517291961,4.033333333333333,FALSE
Track_003635,20/09/2025 00:19,20/09/2025 00:19,1,1,/home/users/alyduf25/INSPIRE/outputs/singapore/inference/dep000144/raw_outputs/ami-mini-20250919T171901.jpg,crop_1,nonmoth,Diptera Nematocera,,,,,,0,TRUE
Track_003636,20/09/2025 00:37,20/09/2025 00:37,1,1,/home/users/alyduf25/INSPIRE/outputs/singapore/inference/dep000144/raw_outputs/ami-mini-20250919T173710.jpg,crop_1,nonmoth,Diptera Nematocera,,,,,,0,TRUE
Track_003637,20/09/2025 01:05,20/09/2025 01:05,1,1,/home/users/alyduf25/INSPIRE/outputs/singapore/inference/dep000144/raw_outputs/ami-mini-20250919T180524.jpg,crop_1,nonmoth,Lepidoptera Micros,Phereoeca uterella,Noctuidae,Lacanobia,Lacanobia oleracea,,0,TRUE
Track_003638,20/09/2025 01:15,20/09/2025 01:15,1,1,/home/users/alyduf25/INSPIRE/outputs/singapore/inference/dep000144/raw_outputs/ami-mini-20250919T181529.jpg,crop_1,nonmoth,Diptera Nematocera,,,,,,0,TRUE
Track_003639,20/09/2025 01:17,20/09/2025 01:17,1,1,/home/users/alyduf25/INSPIRE/outputs/singapore/inference/dep000144/raw_outputs/ami-mini-20250919T181730.jpg,crop_1,nonmoth,Diptera Brachycera,,,,,,0,TRUE
Track_003640,20/09/2025 01:17,20/09/2025 01:17,1,1,/home/users/alyduf25/INSPIRE/outputs/singapore/inference/dep000144/raw_outputs/ami-mini-20250919T181730.jpg,crop_2,nonmoth,Diptera Nematocera,,,,,,0,TRUE
Track_003641,20/09/2025 01:19,20/09/2025 01:19,1,1,/home/users/alyduf25/INSPIRE/outputs/singapore/inference/dep000144/raw_outputs/ami-mini-20250919T181931.jpg,crop_2,nonmoth,Diptera Nematocera,,,,,,0,TRUE
Track_003642,20/09/2025 01:21,20/09/2025 01:21,1,1,/home/users/alyduf25/INSPIRE/outputs/singapore/inference/dep000144/raw_outputs/ami-mini-20250919T182132.jpg,crop_1,nonmoth,Diptera Brachycera,,,,,,0,TRUE
Track_003643,20/09/2025 01:21,20/09/2025 01:21,1,1,/home/users/alyduf25/INSPIRE/outputs/singapore/inference/dep000144/raw_outputs/ami-mini-20250919T182132.jpg,crop_2,nonmoth,Diptera Nematocera,,,,,,0,TRUE
Track_003644,20/09/2025 01:23,20/09/2025 01:23,1,1,/home/users/alyduf25/INSPIRE/outputs/singapore/inference/dep000144/raw_outputs/ami-mini-20250919T182333.jpg,crop_1,nonmoth,Diptera Nematocera,,,,,,0,TRUE
Track_003645,20/09/2025 01:23,20/09/2025 01:23,1,1,/home/users/alyduf25/INSPIRE/outputs/singapore/inference/dep000144/raw_outputs/ami-mini-20250919T182333.jpg,crop_2,nonmoth,Diptera Nematocera,,,,,,0,TRUE
Track_003646,20/09/2025 01:25,20/09/2025 01:25,1,1,/home/users/alyduf25/INSPIRE/outputs/singapore/inference/dep000144/raw_outputs/ami-mini-20250919T182534.jpg,crop_1,nonmoth,Diptera Nematocera,,,,,,0,TRUE
Track_003647,20/09/2025 01:25,20/09/2025 01:25,1,1,/home/users/alyduf25/INSPIRE/outputs/singapore/inference/dep000144/raw_outputs/ami-mini-20250919T182534.jpg,crop_2,nonmoth,Diptera Nematocera,,,,,,0,TRUE
Track_003648,20/09/2025 01:27,20/09/2025 01:27,1,1,/home/users/alyduf25/INSPIRE/outputs/singapore/inference/dep000144/raw_outputs/ami-mini-20250919T182735.jpg,crop_1,nonmoth,Diptera Brachycera,,,,,,0,TRUE
Track_003649,20/09/2025 01:27,20/09/2025 01:27,1,1,/home/users/alyduf25/INSPIRE/outputs/singapore/inference/dep000144/raw_outputs/ami-mini-20250919T182735.jpg,crop_2,nonmoth,Diptera Nematocera,,,,,,0,TRUE
Track_003650,20/09/2025 01:29,20/09/2025 01:29,1,1,/home/users/alyduf25/INSPIRE/outputs/singapore/inference/dep000144/raw_outputs/ami-mini-20250919T182936.jpg,crop_1,nonmoth,Diptera Brachycera,,,,,,0,TRUE
Track_003651,20/09/2025 01:29,20/09/2025 01:29,1,1,/home/users/alyduf25/INSPIRE/outputs/singapore/inference/dep000144/raw_outputs/ami-mini-20250919T182936.jpg,crop_2,nonmoth,Diptera Nematocera,,,,,,0,TRUE
Track_003652,20/09/2025 01:31,20/09/2025 01:31,1,1,/home/users/alyduf25/INSPIRE/outputs/singapore/inference/dep000144/raw_outputs/ami-mini-20250919T183137.jpg,crop_1,nonmoth,Diptera Brachycera,,,,,,0,TRUE
Track_003653,20/09/2025 01:31,20/09/2025 01:31,1,1,/home/users/alyduf25/INSPIRE/outputs/singapore/inference/dep000144/raw_outputs/ami-mini-20250919T183137.jpg,crop_2,nonmoth,Diptera Nematocera,,,,,,0,TRUE
Track_003654,20/09/2025 01:33,20/09/2025 01:33,1,1,/home/users/alyduf25/INSPIRE/outputs/singapore/inference/dep000144/raw_outputs/ami-mini-20250919T183338.jpg,crop_1,nonmoth,Diptera Nematocera,,,,,,0,TRUE
Track_003655,20/09/2025 01:33,20/09/2025 01:33,1,1,/home/users/alyduf25/INSPIRE/outputs/singapore/inference/dep000144/raw_outputs/ami-mini-20250919T183338.jpg,crop_2,nonmoth,Diptera Nematocera,,,,,,0,TRUE
Track_003656,20/09/2025 01:35,20/09/2025 01:35,1,1,/home/users/alyduf25/INSPIRE/outputs/singapore/inference/dep000144/raw_outputs/ami-mini-20250919T183539.jpg,crop_1,nonmoth,Diptera Nematocera,,,,,,0,TRUE
Track_003657,20/09/2025 01:35,20/09/2025 01:35,1,1,/home/users/alyduf25/INSPIRE/outputs/singapore/inference/dep000144/raw_outputs/ami-mini-20250919T183539.jpg,crop_2,nonmoth,Diptera Nematocera,,,,,,0,TRUE
Track_003658,20/09/2025 01:37,20/09/2025 01:37,1,1,/home/users/alyduf25/INSPIRE/outputs/singapore/inference/dep000144/raw_outputs/ami-mini-20250919T183740.jpg,crop_1,nonmoth,Diptera Nematocera,,,,,,0,TRUE
Track_003659,20/09/2025 01:37,20/09/2025 01:37,1,1,/home/users/alyduf25/INSPIRE/outputs/singapore/inference/dep000144/raw_outputs/ami-mini-20250919T183740.jpg,crop_2,nonmoth,Diptera Nematocera,,,,,,0,TRUE
Track_003660,20/09/2025 01:37,20/09/2025 01:37,1,1,/home/users/alyduf25/INSPIRE/outputs/singapore/inference/dep000144/raw_outputs/ami-mini-20250919T183740.jpg,crop_3,nonmoth,Diptera Nematocera,,,,,,0,TRUE
Track_003661,20/09/2025 01:39,20/09/2025 01:39,1,1,/home/users/alyduf25/INSPIRE/outputs/singapore/inference/dep000144/raw_outputs/ami-mini-20250919T183941.jpg,crop_1,nonmoth,Diptera Nematocera,,,,,,0,TRUE
Track_003662,20/09/2025 01:39,20/09/2025 01:39,1,1,/home/users/alyduf25/INSPIRE/outputs/singapore/inference/dep000144/raw_outputs/ami-mini-20250919T183941.jpg,crop_2,nonmoth,Diptera Nematocera,,,,,,0,TRUE
Track_003663,20/09/2025 01:39,20/09/2025 01:39,1,1,/home/users/alyduf25/INSPIRE/outputs/singapore/inference/dep000144/raw_outputs/ami-mini-20250919T183941.jpg,crop_3,nonmoth,Lepidoptera Micros,Plodia interpunctella,Noctuidae,Lasiocampa,Lasiocampa trifolii,,0,TRUE
Track_003664,20/09/2025 01:39,20/09/2025 01:39,1,1,/home/users/alyduf25/INSPIRE/outputs/singapore/inference/dep000144/raw_outputs/ami-mini-20250919T183941.jpg,crop_5,moth,Lepidoptera Micros,Tinea pellionella,Erebidae,Manulea,Manulea complana,,0,TRUE
Track_003665,20/09/2025 01:41,20/09/2025 01:41,1,1,/home/users/alyduf25/INSPIRE/outputs/singapore/inference/dep000144/raw_outputs/ami-mini-20250919T184142.jpg,crop_1,nonmoth,Diptera Nematocera,,,,,,0,TRUE
Track_003666,20/09/2025 01:43,20/09/2025 01:43,1,1,/home/users/alyduf25/INSPIRE/outputs/singapore/inference/dep000144/raw_outputs/ami-mini-20250919T184343.jpg,crop_1,nonmoth,Diptera Nematocera,,,,,,0,TRUE
Track_003667,20/09/2025 01:43,20/09/2025 01:43,1,1,/home/users/alyduf25/INSPIRE/outputs/singapore/inference/dep000144/raw_outputs/ami-mini-20250919T184343.jpg,crop_2,nonmoth,Diptera Nematocera,,,,,,0,TRUE
Track_003668,20/09/2025 01:45,20/09/2025 01:45,1,1,/home/users/alyduf25/INSPIRE/outputs/singapore/inference/dep000144/raw_outputs/ami-mini-20250919T184544.jpg,crop_1,nonmoth,Diptera Nematocera,,,,,,0,TRUE
Track_003669,20/09/2025 01:47,20/09/2025 01:47,1,1,/home/users/alyduf25/INSPIRE/outputs/singapore/inference/dep000144/raw_outputs/ami-mini-20250919T184745.jpg,crop_1,nonmoth,Diptera Nematocera,,,,,,0,TRUE
Track_003670,20/09/2025 01:49,20/09/2025 01:49,1,1,/home/users/alyduf25/INSPIRE/outputs/singapore/inference/dep000144/raw_outputs/ami-mini-20250919T184946.jpg,crop_1,nonmoth,Diptera Nematocera,,,,,,0,TRUE
Track_003671,20/09/2025 01:51,20/09/2025 01:51,1,1,/home/users/alyduf25/INSPIRE/outputs/singapore/inference/dep000144/raw_outputs/ami-mini-20250919T185147.jpg,crop_1,nonmoth,Diptera Nematocera,,,,,,0,TRUE
Track_003672,20/09/2025 01:59,20/09/2025 01:59,1,1,/home/users/alyduf25/INSPIRE/outputs/singapore/inference/dep000144/raw_outputs/ami-mini-20250919T185951.jpg,crop_1,nonmoth,Diptera Nematocera,,,,,,0,TRUE
Track_003673,20/09/2025 02:24,20/09/2025 02:24,1,1,/home/users/alyduf25/INSPIRE/outputs/singapore/inference/dep000144/raw_outputs/ami-mini-20250919T192403.jpg,crop_1,moth,Lepidoptera Micros,Cnaphalocrocis medinalis,Noctuidae,Coleophora,Coleophora mayrella,,0,TRUE
Track_003674,20/09/2025 02:28,20/09/2025 02:28,1,1,/home/users/alyduf25/INSPIRE/outputs/singapore/inference/dep000144/raw_outputs/ami-mini-20250919T192805.jpg,crop_1,nonmoth,Diptera Nematocera,,,,,,0,TRUE
Track_003675,20/09/2025 02:46,20/09/2025 02:46,1,1,/home/users/alyduf25/INSPIRE/outputs/singapore/inference/dep000144/raw_outputs/ami-mini-20250919T194614.jpg,crop_1,nonmoth,Diptera Nematocera,,,,,,0,TRUE
Track_003676,20/09/2025 03:18,20/09/2025 03:18,1,1,/home/users/alyduf25/INSPIRE/outputs/singapore/inference/dep000144/raw_outputs/ami-mini-20250919T201830.jpg,crop_1,nonmoth,Lepidoptera Micros,Argyrocosma inductaria,Pyralidae,Plodia,Plodia interpunctella,,0,TRUE
Track_003677,20/09/2025 03:18,20/09/2025 03:18,1,1,/home/users/alyduf25/INSPIRE/outputs/singapore/inference/dep000144/raw_outputs/ami-mini-20250919T201830.jpg,crop_2,nonmoth,Lepidoptera Micros,Tineola bisselliella,Noctuidae,Luffia,Luffia lapidella,,0,TRUE
Track_003678,20/09/2025 03:20,20/09/2025 03:20,1,1,/home/users/alyduf25/INSPIRE/outputs/singapore/inference/dep000144/raw_outputs/ami-mini-20250919T202031.jpg,crop_1,nonmoth,Lepidoptera Micros,Phereoeca uterella,Gracillariidae,Caloptilia,Caloptilia robustella,2.1227168142259902,0,TRUE
Track_003679,20/09/2025 03:22,20/09/2025 03:22,1,1,/home/users/alyduf25/INSPIRE/outputs/singapore/inference/dep000144/raw_outputs/ami-mini-20250919T202232.jpg,crop_1,nonmoth,Lepidoptera Micros,Cryptothelea gloverii,Noctuidae,Manulea,Manulea complana,2.238093866850616,0,TRUE
Track_003680,20/09/2025 03:26,20/09/2025 03:26,1,1,/home/users/alyduf25/INSPIRE/outputs/singapore/inference/dep000144/raw_outputs/ami-mini-20250919T202634.jpg,crop_1,nonmoth,Lepidoptera Micros,Phereoeca uterella,Pyralidae,Plodia,Plodia interpunctella,,0,TRUE
Track_003681,20/09/2025 03:28,20/09/2025 03:28,1,1,/home/users/alyduf25/INSPIRE/outputs/singapore/inference/dep000144/raw_outputs/ami-mini-20250919T202835.jpg,crop_1,nonmoth,Diptera Nematocera,,,,,,0,TRUE
Track_003682,20/09/2025 03:28,20/09/2025 03:28,1,1,/home/users/alyduf25/INSPIRE/outputs/singapore/inference/dep000144/raw_outputs/ami-mini-20250919T202835.jpg,crop_2,nonmoth,Diptera Nematocera,,,,,,0,TRUE
Track_003683,20/09/2025 03:34,20/09/2025 03:34,1,1,/home/users/alyduf25/INSPIRE/outputs/singapore/inference/dep000144/raw_outputs/ami-mini-20250919T203438.jpg,crop_1,nonmoth,Diptera Nematocera,,,,,,0,TRUE
Track_003684,20/09/2025 03:36,20/09/2025 03:36,1,1,/home/users/alyduf25/INSPIRE/outputs/singapore/inference/dep000144/raw_outputs/ami-mini-20250919T203639.jpg,crop_1,nonmoth,Diptera Nematocera,,,,,,0,TRUE
Track_003685,20/09/2025 03:38,20/09/2025 03:38,1,1,/home/users/alyduf25/INSPIRE/outputs/singapore/inference/dep000144/raw_outputs/ami-mini-20250919T203840.jpg,crop_1,nonmoth,Diptera Nematocera,,,,,,0,TRUE
Track_003686,20/09/2025 03:40,20/09/2025 03:40,1,1,/home/users/alyduf25/INSPIRE/outputs/singapore/inference/dep000144/raw_outputs/ami-mini-20250919T204041.jpg,crop_1,nonmoth,Diptera Nematocera,,,,,,0,TRUE
Track_003687,20/09/2025 03:42,20/09/2025 03:42,1,1,/home/users/alyduf25/INSPIRE/outputs/singapore/inference/dep000144/raw_outputs/ami-mini-20250919T204242.jpg,crop_1,nonmoth,Diptera Nematocera,,,,,,0,TRUE
Track_003688,20/09/2025 03:44,20/09/2025 03:46,2,2,/home/users/alyduf25/INSPIRE/outputs/singapore/inference/dep000144/raw_outputs/ami-mini-20250919T204443.jpg,crop_1,nonmoth,Lepidoptera Micros,Cryptothelea gloverii,Noctuidae,Plodia,Plodia interpunctella,0.9620298104549568,2.0166666666666666,FALSE
Track_003689,20/09/2025 03:48,20/09/2025 03:48,1,1,/home/users/alyduf25/INSPIRE/outputs/singapore/inference/dep000144/raw_outputs/ami-mini-20250919T204845.jpg,crop_1,nonmoth,Diptera Nematocera,,,,,,0,TRUE
Track_003690,20/09/2025 03:50,20/09/2025 03:50,1,1,/home/users/alyduf25/INSPIRE/outputs/singapore/inference/dep000144/raw_outputs/ami-mini-20250919T205046.jpg,crop_1,nonmoth,Diptera Nematocera,,,,,,0,TRUE
Track_003691,20/09/2025 03:52,20/09/2025 03:52,1,1,/home/users/alyduf25/INSPIRE/outputs/singapore/inference/dep000144/raw_outputs/ami-mini-20250919T205247.jpg,crop_1,nonmoth,Diptera Brachycera,,,,,,0,TRUE
Track_003692,20/09/2025 03:54,20/09/2025 03:54,1,1,/home/users/alyduf25/INSPIRE/outputs/singapore/inference/dep000144/raw_outputs/ami-mini-20250919T205448.jpg,crop_1,nonmoth,Diptera Brachycera,,,,,,0,TRUE
Track_003693,20/09/2025 03:56,20/09/2025 03:56,1,1,/home/users/alyduf25/INSPIRE/outputs/singapore/inference/dep000144/raw_outputs/ami-mini-20250919T205649.jpg,crop_1,nonmoth,Diptera Nematocera,,,,,,0,TRUE
Track_003694,20/09/2025 03:58,20/09/2025 03:58,1,1,/home/users/alyduf25/INSPIRE/outputs/singapore/inference/dep000144/raw_outputs/ami-mini-20250919T205850.jpg,crop_1,nonmoth,Lepidoptera Micros,Cryptothelea gloverii,Erebidae,Diaphora,Diaphora mendica,,0,TRUE
Track_003695,20/09/2025 04:00,20/09/2025 04:00,1,1,/home/users/alyduf25/INSPIRE/outputs/singapore/inference/dep000144/raw_outputs/ami-mini-20250919T210051.jpg,crop_1,nonmoth,Diptera Nematocera,,,,,,0,TRUE
Track_003696,20/09/2025 04:29,20/09/2025 04:29,1,1,/home/users/alyduf25/INSPIRE/outputs/singapore/inference/dep000144/raw_outputs/ami-mini-20250919T212905.jpg,crop_1,nonmoth,Diptera Nematocera,,,,,,0,TRUE
Track_003697,21/09/2025 19:25,21/09/2025 19:25,1,1,/home/users/alyduf25/INSPIRE/outputs/singapore/inference/dep000144/raw_outputs/ami-mini-20250921T122549.jpg,crop_1,nonmoth,Lepidoptera Micros,Tinea pellionella,Plutellidae,Ypsolophus,Ypsolophus asperella,,0,TRUE
Track_003698,21/09/2025 19:31,21/09/2025 19:31,1,1,/home/users/alyduf25/INSPIRE/outputs/singapore/inference/dep000144/raw_outputs/ami-mini-20250921T123152.jpg,crop_1,nonmoth,Lepidoptera Macros,Sphenarches anisodactylus,Tortricidae,Oxyptilus,Oxyptilus pilosellae,,0,TRUE
Track_003699,21/09/2025 19:33,21/09/2025 19:35,2,2,/home/users/alyduf25/INSPIRE/outputs/singapore/inference/dep000144/raw_outputs/ami-mini-20250921T123353.jpg,crop_1,nonmoth,Lepidoptera Macros,Theretra latreillii,Geometridae,Eupithecia,Orthotelia sparganella,0.9781326545948844,2.0166666666666666,FALSE
Track_003700,21/09/2025 19:43,21/09/2025 19:43,1,1,/home/users/alyduf25/INSPIRE/outputs/singapore/inference/dep000144/raw_outputs/ami-mini-20250921T124358.jpg,crop_1,nonmoth,Lepidoptera Macros,Hippotion celerio,Tortricidae,Anthocharis,Anthocharis cardamines,,0,TRUE
Track_003701,21/09/2025 19:45,21/09/2025 19:45,1,1,/home/users/alyduf25/INSPIRE/outputs/singapore/inference/dep000144/raw_outputs/ami-mini-20250921T124559.jpg,crop_1,nonmoth,Lepidoptera Macros,Hippotion celerio,Sesiidae,Synanthedon,Synanthedon myopaeformis,1.6628384311243165,0,TRUE
Track_003702,21/09/2025 19:48,21/09/2025 19:50,2,2,/home/users/alyduf25/INSPIRE/outputs/singapore/inference/dep000144/raw_outputs/ami-mini-20250921T124800.jpg,crop_1,nonmoth,Lepidoptera Macros,Hippotion celerio,Geometridae,Thetidia,Thetidia smaragdaria,0.5551973765542232,2.0166666666666666,FALSE
Track_003703,21/09/2025 19:52,21/09/2025 19:52,1,1,/home/users/alyduf25/INSPIRE/outputs/singapore/inference/dep000144/raw_outputs/ami-mini-20250921T125202.jpg,crop_1,nonmoth,Lepidoptera Macros,Theretra latreillii,Noctuidae,Conistra,Conistra rubiginosa,1.012861715146847,0,TRUE
Track_003704,21/09/2025 20:02,21/09/2025 20:02,1,1,/home/users/alyduf25/INSPIRE/outputs/singapore/inference/dep000144/raw_outputs/ami-mini-20250921T130207.jpg,crop_1,nonmoth,Lepidoptera Micros,Ephestiodes infimella,Geometridae,Argyresthia,Bedellia somnulentella,,0,TRUE
Track_003705,21/09/2025 20:04,21/09/2025 20:04,1,1,/home/users/alyduf25/INSPIRE/outputs/singapore/inference/dep000144/raw_outputs/ami-mini-20250921T130408.jpg,crop_1,nonmoth,Lepidoptera Macros,Trilocha varians,Psychidae,Narycia,Narycia duplicella,2.906110864671681,0,TRUE
Track_003706,21/09/2025 20:04,21/09/2025 20:06,2,2,/home/users/alyduf25/INSPIRE/outputs/singapore/inference/dep000144/raw_outputs/ami-mini-20250921T130408.jpg,crop_2,nonmoth,Lepidoptera Micros,Ephestiodes infimella,Tineidae,Niditinea,Niditinea fuscella,0.729569399,2.0166666666666666,FALSE
Track_003707,21/09/2025 20:06,21/09/2025 20:08,2,2,/home/users/alyduf25/INSPIRE/outputs/singapore/inference/dep000144/raw_outputs/ami-mini-20250921T130609.jpg,crop_1,nonmoth,Lepidoptera Macros,Parapoynx allionealis,Adelidae,Adela,Adela croesella,1.270911102411182,2.0166666666666666,FALSE
Track_003708,21/09/2025 20:10,21/09/2025 20:14,3,3,/home/users/alyduf25/INSPIRE/outputs/singapore/inference/dep000144/raw_outputs/ami-mini-20250921T131011.jpg,crop_1,nonmoth,Lepidoptera Macros,Achaea janata,Sesiidae,Synanthedon,Synanthedon myopaeformis,0.6016607497464989,4.033333333333333,FALSE
Track_003709,21/09/2025 20:20,21/09/2025 20:20,1,1,/home/users/alyduf25/INSPIRE/outputs/singapore/inference/dep000144/raw_outputs/ami-mini-20250921T132016.jpg,crop_1,nonmoth,Diptera Nematocera,,,,,,0,TRUE
Track_003710,21/09/2025 20:28,21/09/2025 20:28,1,1,/home/users/alyduf25/INSPIRE/outputs/singapore/inference/dep000144/raw_outputs/ami-mini-20250921T132820.jpg,crop_1,nonmoth,Lepidoptera Macros,Theretra latreillii,Noctuidae,Aleucis,Aleucis distinctata,,0,TRUE
Track_003711,21/09/2025 20:30,21/09/2025 20:30,1,1,/home/users/alyduf25/INSPIRE/outputs/singapore/inference/dep000144/raw_outputs/ami-mini-20250921T133021.jpg,crop_1,nonmoth,Diptera Brachycera,,,,,,0,TRUE
Track_003712,21/09/2025 20:32,21/09/2025 20:32,1,1,/home/users/alyduf25/INSPIRE/outputs/singapore/inference/dep000144/raw_outputs/ami-mini-20250921T133222.jpg,crop_1,nonmoth,Diptera Nematocera,,,,,,0,TRUE
Track_003713,21/09/2025 20:34,21/09/2025 20:34,1,1,/home/users/alyduf25/INSPIRE/outputs/singapore/inference/dep000144/raw_outputs/ami-mini-20250921T133423.jpg,crop_1,nonmoth,Diptera Brachycera,,,,,,0,TRUE
Track_003714,21/09/2025 20:40,21/09/2025 20:42,2,2,/home/users/alyduf25/INSPIRE/outputs/singapore/inference/dep000144/raw_outputs/ami-mini-20250921T134026.jpg,crop_1,nonmoth,Lepidoptera Macros,Sphenarches anisodactylus,Depressariidae,Agonopterix,Agonopterix scopariella,0.8585639036336352,2.0166666666666666,FALSE
Track_003715,21/09/2025 20:44,21/09/2025 20:44,1,1,/home/users/alyduf25/INSPIRE/outputs/singapore/inference/dep000144/raw_outputs/ami-mini-20250921T134428.jpg,crop_1,nonmoth,Lepidoptera Macros,Theretra latreillii,Lycaenidae,Maculinea,Maculinea nausithous,1.427019637640284,0,TRUE
Track_003716,21/09/2025 20:46,21/09/2025 20:46,1,1,/home/users/alyduf25/INSPIRE/outputs/singapore/inference/dep000144/raw_outputs/ami-mini-20250921T134629.jpg,crop_1,nonmoth,Lepidoptera Macros,Theretra latreillii,Depressariidae,Agonopterix,Agonopterix ciliella,1.2423057844832337,0,TRUE
Track_003717,21/09/2025 20:50,21/09/2025 20:50,1,1,/home/users/alyduf25/INSPIRE/outputs/singapore/inference/dep000144/raw_outputs/ami-mini-20250921T135031.jpg,crop_1,nonmoth,Lepidoptera Macros,Hippotion celerio,Noctuidae,Hofmannophila,Hofmannophila pseudospretella,,0,TRUE
Track_003718,21/09/2025 20:54,21/09/2025 20:54,1,1,/home/users/alyduf25/INSPIRE/outputs/singapore/inference/dep000144/raw_outputs/ami-mini-20250921T135433.jpg,crop_1,nonmoth,Lepidoptera Macros,Theretra latreillii,Tortricidae,Anthocharis,Anthocharis cardamines,,0,TRUE
Track_003719,21/09/2025 20:56,21/09/2025 20:56,1,1,/home/users/alyduf25/INSPIRE/outputs/singapore/inference/dep000144/raw_outputs/ami-mini-20250921T135634.jpg,crop_1,nonmoth,Diptera Nematocera,,,,,,0,TRUE
Track_003720,21/09/2025 20:56,21/09/2025 20:56,1,1,/home/users/alyduf25/INSPIRE/outputs/singapore/inference/dep000144/raw_outputs/ami-mini-20250921T135634.jpg,crop_2,nonmoth,Lepidoptera Macros,Theretra latreillii,Erebidae,Herminia,Herminia grisealis,1.8006844319616264,0,TRUE
Track_003721,21/09/2025 20:58,21/09/2025 21:00,2,2,/home/users/alyduf25/INSPIRE/outputs/singapore/inference/dep000144/raw_outputs/ami-mini-20250921T135835.jpg,crop_1,nonmoth,Lepidoptera Macros,Sphenarches anisodactylus,Autostichidae,Oegoconia,Oegoconia quadripuncta,1.0859018127297384,2.0166666666666666,FALSE
Track_003722,21/09/2025 21:00,21/09/2025 21:00,1,1,/home/users/alyduf25/INSPIRE/outputs/singapore/inference/dep000144/raw_outputs/ami-mini-20250921T140036.jpg,crop_2,nonmoth,Lepidoptera Macros,Exelastis pumilio,Drepanidae,Ochropacha,Ochropacha duplaris,1.5958328246949167,0,TRUE
Track_003723,21/09/2025 21:02,21/09/2025 21:04,2,2,/home/users/alyduf25/INSPIRE/outputs/singapore/inference/dep000144/raw_outputs/ami-mini-20250921T140237.jpg,crop_1,moth,Lepidoptera Macros,Hippotion celerio,Tortricidae,Spilonota,Spilonota ocellana,1.099385356428974,2.0166666666666666,FALSE
Track_003724,21/09/2025 21:02,21/09/2025 21:08,4,4,/home/users/alyduf25/INSPIRE/outputs/singapore/inference/dep000144/raw_outputs/ami-mini-20250921T140237.jpg,crop_2,nonmoth,Lepidoptera Macros,Theretra latreillii,Lasiocampidae,Lasiocampa,Lasiocampa quercus,0.801158384,6.05,FALSE
Track_003725,21/09/2025 21:14,21/09/2025 21:14,1,1,/home/users/alyduf25/INSPIRE/outputs/singapore/inference/dep000144/raw_outputs/ami-mini-20250921T141443.jpg,crop_1,nonmoth,Araneae,,,,,,0,TRUE
Track_003726,21/09/2025 21:16,21/09/2025 21:16,1,1,/home/users/alyduf25/INSPIRE/outputs/singapore/inference/dep000144/raw_outputs/ami-mini-20250921T141644.jpg,crop_1,nonmoth,Lepidoptera Macros,Theretra latreillii,Tortricidae,Spilonota,Spilonota ocellana,,0,TRUE
Track_003727,21/09/2025 21:20,21/09/2025 21:20,1,1,/home/users/alyduf25/INSPIRE/outputs/singapore/inference/dep000144/raw_outputs/ami-mini-20250921T142046.jpg,crop_1,nonmoth,Lepidoptera Macros,Trilocha varians,Momphidae,Mompha,Mompha subbistrigella,,0,TRUE
Track_003728,21/09/2025 21:22,21/09/2025 21:22,1,1,/home/users/alyduf25/INSPIRE/outputs/singapore/inference/dep000144/raw_outputs/ami-mini-20250921T142247.jpg,crop_1,nonmoth,Lepidoptera Macros,Trilocha varians,Noctuidae,Adela,Adela croesella,1.540657516612289,0,TRUE
Track_003729,21/09/2025 21:24,21/09/2025 21:26,2,2,/home/users/alyduf25/INSPIRE/outputs/singapore/inference/dep000144/raw_outputs/ami-mini-20250921T142448.jpg,crop_1,nonmoth,Lepidoptera Macros,Theretra latreillii,Psychidae,Psyche,Psyche casta,0.8224023709005154,2.0166666666666666,FALSE
Track_003730,21/09/2025 21:28,21/09/2025 21:30,2,2,/home/users/alyduf25/INSPIRE/outputs/singapore/inference/dep000144/raw_outputs/ami-mini-20250921T142850.jpg,crop_1,nonmoth,Lepidoptera Macros,Trilocha varians,Noctuidae,Lampropteryx,Lampropteryx otregiata,0.9916213634635582,2.0166666666666666,FALSE
Track_003731,21/09/2025 21:32,21/09/2025 21:32,1,1,/home/users/alyduf25/INSPIRE/outputs/singapore/inference/dep000144/raw_outputs/ami-mini-20250921T143252.jpg,crop_1,nonmoth,Lepidoptera Macros,Theretra latreillii,Geometridae,Synanthedon,Synanthedon myopaeformis,1.447663291781463,0,TRUE
Track_003732,21/09/2025 21:34,21/09/2025 21:34,1,1,/home/users/alyduf25/INSPIRE/outputs/singapore/inference/dep000144/raw_outputs/ami-mini-20250921T143453.jpg,crop_1,nonmoth,Lepidoptera Macros,Hippotion celerio,Geometridae,Thetidia,Thetidia smaragdaria,1.1577335114257372,0,TRUE
Track_003733,21/09/2025 21:36,21/09/2025 21:36,1,1,/home/users/alyduf25/INSPIRE/outputs/singapore/inference/dep000144/raw_outputs/ami-mini-20250921T143654.jpg,crop_1,moth,Lepidoptera Micros,Hyblaea puera,Geometridae,Aleucis,Aleucis distinctata,2.741987919382633,0,TRUE
Track_003734,21/09/2025 21:36,21/09/2025 21:36,1,1,/home/users/alyduf25/INSPIRE/outputs/singapore/inference/dep000144/raw_outputs/ami-mini-20250921T143654.jpg,crop_2,nonmoth,Lepidoptera Macros,Hippotion celerio,Noctuidae,Conistra,Conistra rubiginosa,1.225449324791427,0,TRUE
Track_003735,21/09/2025 21:38,21/09/2025 21:38,1,1,/home/users/alyduf25/INSPIRE/outputs/singapore/inference/dep000144/raw_outputs/ami-mini-20250921T143855.jpg,crop_1,nonmoth,Lepidoptera Macros,Hippotion celerio,Geometridae,Maculinea,Maculinea nausithous,1.5006385316094546,0,TRUE
Track_003736,21/09/2025 21:40,21/09/2025 21:40,1,1,/home/users/alyduf25/INSPIRE/outputs/singapore/inference/dep000144/raw_outputs/ami-mini-20250921T144056.jpg,crop_1,nonmoth,Lepidoptera Macros,Hippotion rosetta,Lasiocampidae,Malacosoma,Malacosoma castrense,1.0129636036856506,0,TRUE
Track_003737,21/09/2025 21:40,21/09/2025 21:40,1,1,/home/users/alyduf25/INSPIRE/outputs/singapore/inference/dep000144/raw_outputs/ami-mini-20250921T144056.jpg,crop_2,nonmoth,Diptera Nematocera,,,,,,0,TRUE
Track_003738,21/09/2025 21:40,21/09/2025 21:40,1,1,/home/users/alyduf25/INSPIRE/outputs/singapore/inference/dep000144/raw_outputs/ami-mini-20250921T144056.jpg,crop_3,moth,Lepidoptera Macros,Traminda aventiaria,Gelechiidae,Scrobipalpa,Scrobipalpa ocellatella,2.456965547406631,0,TRUE
Track_003739,21/09/2025 21:42,21/09/2025 21:46,3,3,/home/users/alyduf25/INSPIRE/outputs/singapore/inference/dep000144/raw_outputs/ami-mini-20250921T144257.jpg,crop_1,nonmoth,Lepidoptera Macros,Theretra latreillii,Tortricidae,Spilonota,Spilonota ocellana,0.5407659034815904,4.033333333333333,FALSE
Track_003740,21/09/2025 21:42,21/09/2025 21:42,1,1,/home/users/alyduf25/INSPIRE/outputs/singapore/inference/dep000144/raw_outputs/ami-mini-20250921T144257.jpg,crop_2,nonmoth,Diptera Nematocera,,,,,,0,TRUE
Track_003741,21/09/2025 21:44,21/09/2025 21:44,1,1,/home/users/alyduf25/INSPIRE/outputs/singapore/inference/dep000144/raw_outputs/ami-mini-20250921T144458.jpg,crop_1,nonmoth,Diptera Nematocera,,,,,,0,TRUE
Track_003742,21/09/2025 21:46,21/09/2025 21:46,1,1,/home/users/alyduf25/INSPIRE/outputs/singapore/inference/dep000144/raw_outputs/ami-mini-20250921T144659.jpg,crop_1,nonmoth,Diptera Nematocera,,,,,,0,TRUE
Track_003743,21/09/2025 21:49,21/09/2025 21:49,1,1,/home/users/alyduf25/INSPIRE/outputs/singapore/inference/dep000144/raw_outputs/ami-mini-20250921T144900.jpg,crop_1,nonmoth,Lepidoptera Macros,Trilocha varians,Geometridae,Idaea,Idaea rusticata,1.7721850119457327,0,TRUE
Track_003744,21/09/2025 21:53,21/09/2025 21:53,1,1,/home/users/alyduf25/INSPIRE/outputs/singapore/inference/dep000144/raw_outputs/ami-mini-20250921T145302.jpg,crop_1,nonmoth,Lepidoptera Macros,Exelastis pumilio,Lycaenidae,Maculinea,Maculinea nausithous,,0,TRUE
Track_003745,21/09/2025 21:55,21/09/2025 21:55,1,1,/home/users/alyduf25/INSPIRE/outputs/singapore/inference/dep000144/raw_outputs/ami-mini-20250921T145503.jpg,crop_1,nonmoth,Lepidoptera Macros,Trilocha varians,Depressariidae,Agonopterix,Agonopterix ciliella,1.5680353687800752,0,TRUE
Track_003746,21/09/2025 21:57,21/09/2025 21:59,2,2,/home/users/alyduf25/INSPIRE/outputs/singapore/inference/dep000144/raw_outputs/ami-mini-20250921T145704.jpg,crop_1,nonmoth,Lepidoptera Macros,Theretra latreillii,Adelidae,Adela,Adela croesella,1.088757291049525,2.0166666666666666,FALSE
Track_003747,21/09/2025 21:59,21/09/2025 21:59,1,1,/home/users/alyduf25/INSPIRE/outputs/singapore/inference/dep000144/raw_outputs/ami-mini-20250921T145905.jpg,crop_2,moth,Lepidoptera Macros,Trilocha varians,Noctuidae,Coenophila,Coenophila subrosea,2.527258991955789,0,TRUE
Track_003748,21/09/2025 22:01,21/09/2025 22:01,1,1,/home/users/alyduf25/INSPIRE/outputs/singapore/inference/dep000144/raw_outputs/ami-mini-20250921T150106.jpg,crop_1,nonmoth,Lepidoptera Macros,Hippotion celerio,Tortricidae,Epinotia,Epinotia crenana,1.4558577498830465,0,TRUE
Track_003749,21/09/2025 22:05,21/09/2025 22:05,1,1,/home/users/alyduf25/INSPIRE/outputs/singapore/inference/dep000144/raw_outputs/ami-mini-20250921T150508.jpg,crop_1,nonmoth,Lepidoptera Macros,Hippotion celerio,Noctuidae,Conistra,Conistra rubiginosa,,0,TRUE
Track_003750,21/09/2025 22:07,21/09/2025 22:23,9,9,/home/users/alyduf25/INSPIRE/outputs/singapore/inference/dep000144/raw_outputs/ami-mini-20250921T150709.jpg,crop_1,nonmoth,Lepidoptera Macros,Sphenarches anisodactylus,Lycaenidae,Maculinea,Maculinea nausithous,0.5288793032392026,16.133333333333333,FALSE
Track_003751,21/09/2025 22:13,21/09/2025 22:13,1,1,/home/users/alyduf25/INSPIRE/outputs/singapore/inference/dep000144/raw_outputs/ami-mini-20250921T151312.jpg,crop_2,nonmoth,Diptera Nematocera,,,,,,0,TRUE
Track_003752,21/09/2025 22:15,21/09/2025 22:15,1,1,/home/users/alyduf25/INSPIRE/outputs/singapore/inference/dep000144/raw_outputs/ami-mini-20250921T151513.jpg,crop_2,moth,Lepidoptera Macros,Trilocha varians,Geometridae,Timandra,Timandra comae,2.502032136023908,0,TRUE
Track_003753,21/09/2025 22:23,21/09/2025 22:23,1,1,/home/users/alyduf25/INSPIRE/outputs/singapore/inference/dep000144/raw_outputs/ami-mini-20250921T152317.jpg,crop_2,moth,Lepidoptera Macros,Trilocha varians,Noctuidae,Argyresthia,Trichopteryx carpinata,2.283877933348156,0,TRUE
Track_003754,21/09/2025 22:25,21/09/2025 22:25,1,1,/home/users/alyduf25/INSPIRE/outputs/singapore/inference/dep000144/raw_outputs/ami-mini-20250921T152518.jpg,crop_1,nonmoth,Lepidoptera Macros,Theretra latreillii,Geometridae,Maculinea,Maculinea nausithous,1.240532089838966,0,TRUE
Track_003755,21/09/2025 22:27,21/09/2025 22:29,2,2,/home/users/alyduf25/INSPIRE/outputs/singapore/inference/dep000144/raw_outputs/ami-mini-20250921T152719.jpg,crop_1,nonmoth,Lepidoptera Macros,Hippotion celerio,Geometridae,Conistra,Conistra rubiginosa,1.2542060134568085,2.0166666666666666,FALSE
Track_003756,21/09/2025 22:31,21/09/2025 22:31,1,1,/home/users/alyduf25/INSPIRE/outputs/singapore/inference/dep000144/raw_outputs/ami-mini-20250921T153121.jpg,crop_1,nonmoth,Lepidoptera Macros,Theretra nessus,Lasiocampidae,Lasiocampa,Lasiocampa trifolii,1.8807702030869664,0,TRUE
Track_003757,21/09/2025 22:35,21/09/2025 22:35,1,1,/home/users/alyduf25/INSPIRE/outputs/singapore/inference/dep000144/raw_outputs/ami-mini-20250921T153523.jpg,crop_1,nonmoth,Lepidoptera Micros,Phereoeca uterella,Oecophoridae,Hofmannophila,Hofmannophila pseudospretella,,0,TRUE
Track_003758,21/09/2025 22:39,21/09/2025 22:43,3,3,/home/users/alyduf25/INSPIRE/outputs/singapore/inference/dep000144/raw_outputs/ami-mini-20250921T153925.jpg,crop_1,nonmoth,Lepidoptera Micros,Hippotion celerio,Noctuidae,Hofmannophila,Hofmannophila pseudospretella,0.3108239724549146,4.033333333333333,FALSE
Track_003759,21/09/2025 22:45,21/09/2025 22:47,2,2,/home/users/alyduf25/INSPIRE/outputs/singapore/inference/dep000144/raw_outputs/ami-mini-20250921T154528.jpg,crop_1,nonmoth,Lepidoptera Macros,Attacus atlas,Lycaenidae,Maculinea,Maculinea nausithous,0.8054914427589133,2.0166666666666666,FALSE
Track_003760,21/09/2025 22:45,21/09/2025 22:47,2,2,/home/users/alyduf25/INSPIRE/outputs/singapore/inference/dep000144/raw_outputs/ami-mini-20250921T154528.jpg,crop_2,moth,Lepidoptera Macros,Trilocha varians,Geometridae,Idaea,Idaea emarginata,1.3669603416528278,2.0166666666666666,FALSE
Track_003761,21/09/2025 22:51,21/09/2025 22:51,1,1,/home/users/alyduf25/INSPIRE/outputs/singapore/inference/dep000144/raw_outputs/ami-mini-20250921T155131.jpg,crop_1,nonmoth,Lepidoptera Macros,Hippotion celerio,Oecophoridae,Callima,Callima formosella,,0,TRUE
Track_003762,21/09/2025 22:57,21/09/2025 22:57,1,1,/home/users/alyduf25/INSPIRE/outputs/singapore/inference/dep000144/raw_outputs/ami-mini-20250921T155734.jpg,crop_1,nonmoth,Lepidoptera Macros,Theretra clotho,Geometridae,Alsophila,Alsophila aescularia,,0,TRUE
Track_003763,21/09/2025 23:01,21/09/2025 23:01,1,1,/home/users/alyduf25/INSPIRE/outputs/singapore/inference/dep000144/raw_outputs/ami-mini-20250921T160136.jpg,crop_1,nonmoth,Lepidoptera Macros,Hippotion celerio,Lycaenidae,Maculinea,Maculinea nausithous,,0,TRUE
Track_003764,21/09/2025 23:05,21/09/2025 23:09,3,3,/home/users/alyduf25/INSPIRE/outputs/singapore/inference/dep000144/raw_outputs/ami-mini-20250921T160538.jpg,crop_1,nonmoth,Lepidoptera Macros,Exelastis pumilio,Noctuidae,Etiella,Etiella zinckenella,0.4425950778623855,4.033333333333333,FALSE
Track_003765,21/09/2025 23:11,21/09/2025 23:11,1,1,/home/users/alyduf25/INSPIRE/outputs/singapore/inference/dep000144/raw_outputs/ami-mini-20250921T161141.jpg,crop_1,nonmoth,Lepidoptera Macros,Theretra latreillii,Geometridae,Idaea,Synanthedon myopaeformis,1.4415894250538557,0,TRUE
Track_003766,21/09/2025 23:13,21/09/2025 23:13,1,1,/home/users/alyduf25/INSPIRE/outputs/singapore/inference/dep000144/raw_outputs/ami-mini-20250921T161342.jpg,crop_1,nonmoth,Lepidoptera Macros,Exelastis pumilio,Geometridae,Amblyptilia,Amblyptilia acanthadactyla,1.6026630286957912,0,TRUE
Track_003767,21/09/2025 23:27,21/09/2025 23:27,1,1,/home/users/alyduf25/INSPIRE/outputs/singapore/inference/dep000144/raw_outputs/ami-mini-20250921T162749.jpg,crop_1,nonmoth,Lepidoptera Macros,Theretra latreillii,Geometridae,Idaea,Idaea rusticata,,0,TRUE
Track_003768,21/09/2025 23:29,21/09/2025 23:29,1,1,/home/users/alyduf25/INSPIRE/outputs/singapore/inference/dep000144/raw_outputs/ami-mini-20250921T162950.jpg,crop_1,nonmoth,Lepidoptera Macros,Trilocha varians,Sesiidae,Synanthedon,Synanthedon myopaeformis,1.7851649915506338,0,TRUE
Track_003769,21/09/2025 23:33,21/09/2025 23:33,1,1,/home/users/alyduf25/INSPIRE/outputs/singapore/inference/dep000144/raw_outputs/ami-mini-20250921T163352.jpg,crop_1,nonmoth,Lepidoptera Macros,Hippotion rosetta,Gelechiidae,Caryocolum,Caryocolum pullatella,,0,TRUE
Track_003770,21/09/2025 23:33,21/09/2025 23:33,1,1,/home/users/alyduf25/INSPIRE/outputs/singapore/inference/dep000144/raw_outputs/ami-mini-20250921T163352.jpg,crop_2,nonmoth,Lepidoptera Macros,Theretra latreillii,Noctuidae,Anthocharis,Anthocharis cardamines,,0,TRUE
Track_003771,21/09/2025 23:35,21/09/2025 23:35,1,1,/home/users/alyduf25/INSPIRE/outputs/singapore/inference/dep000144/raw_outputs/ami-mini-20250921T163553.jpg,crop_1,nonmoth,Araneae,,,,,,0,TRUE
Track_003772,21/09/2025 23:37,21/09/2025 23:37,1,1,/home/users/alyduf25/INSPIRE/outputs/singapore/inference/dep000144/raw_outputs/ami-mini-20250921T163754.jpg,crop_1,nonmoth,Lepidoptera Macros,Hippotion rosetta,Pieridae,Anthocharis,Anthocharis cardamines,,0,TRUE
Track_003773,21/09/2025 23:43,21/09/2025 23:43,1,1,/home/users/alyduf25/INSPIRE/outputs/singapore/inference/dep000144/raw_outputs/ami-mini-20250921T164357.jpg,crop_1,moth,Diptera Nematocera,Cryptothelea gloverii,Pieridae,Anthocharis,Anthocharis cardamines,,0,TRUE
Track_003774,21/09/2025 23:45,21/09/2025 23:45,1,1,/home/users/alyduf25/INSPIRE/outputs/singapore/inference/dep000144/raw_outputs/ami-mini-20250921T164558.jpg,crop_1,nonmoth,Diptera Nematocera,,,,,,0,TRUE
Track_003775,21/09/2025 23:47,21/09/2025 23:47,1,1,/home/users/alyduf25/INSPIRE/outputs/singapore/inference/dep000144/raw_outputs/ami-mini-20250921T164759.jpg,crop_1,nonmoth,Diptera Nematocera,,,,,,0,TRUE
Track_003776,21/09/2025 23:50,21/09/2025 23:50,1,1,/home/users/alyduf25/INSPIRE/outputs/singapore/inference/dep000144/raw_outputs/ami-mini-20250921T165000.jpg,crop_1,moth,Diptera Nematocera,Cryptothelea gloverii,Geometridae,Ascotis,Ascotis selenaria,,0,TRUE
Track_003777,21/09/2025 23:52,21/09/2025 23:54,2,2,/home/users/alyduf25/INSPIRE/outputs/singapore/inference/dep000144/raw_outputs/ami-mini-20250921T165201.jpg,crop_1,moth,Diptera Nematocera,Cryptothelea gloverii,Hesperiidae,Pyrgus,Pyrgus alveus,0.9581155513592472,2.0166666666666666,FALSE
Track_003778,21/09/2025 23:54,21/09/2025 23:58,3,3,/home/users/alyduf25/INSPIRE/outputs/singapore/inference/dep000144/raw_outputs/ami-mini-20250921T165402.jpg,crop_1,moth,Lepidoptera Macros,Parapoynx crisonalis,Lasiocampidae,Incurvaria,Lampronia oehlmaniella,1.4503906436439225,4.033333333333333,FALSE
Track_003779,21/09/2025 23:56,21/09/2025 23:56,1,1,/home/users/alyduf25/INSPIRE/outputs/singapore/inference/dep000144/raw_outputs/ami-mini-20250921T165603.jpg,crop_2,nonmoth,Diptera Nematocera,,,,,,0,TRUE
Track_003780,21/09/2025 23:58,21/09/2025 23:58,1,1,/home/users/alyduf25/INSPIRE/outputs/singapore/inference/dep000144/raw_outputs/ami-mini-20250921T165804.jpg,crop_1,moth,Diptera Nematocera,Cryptothelea gloverii,Noctuidae,Anorthoa,Anorthoa munda,3.115315528177674,0,TRUE
Track_003781,21/09/2025 23:58,21/09/2025 23:58,1,1,/home/users/alyduf25/INSPIRE/outputs/singapore/inference/dep000144/raw_outputs/ami-mini-20250921T165804.jpg,crop_2,moth,Lepidoptera Macros,Trilocha varians,Noctuidae,Synanthedon,Thaumetopoea processionea,1.989235702,0,TRUE
Track_003782,22/09/2025 00:00,22/09/2025 00:00,1,1,/home/users/alyduf25/INSPIRE/outputs/singapore/inference/dep000144/raw_outputs/ami-mini-20250921T170005.jpg,crop_1,nonmoth,Diptera Nematocera,,,,,,0,TRUE
Track_003783,22/09/2025 00:02,22/09/2025 00:02,1,1,/home/users/alyduf25/INSPIRE/outputs/singapore/inference/dep000144/raw_outputs/ami-mini-20250921T170206.jpg,crop_1,nonmoth,Diptera Nematocera,,,,,,0,TRUE
Track_003784,22/09/2025 00:10,22/09/2025 00:10,1,1,/home/users/alyduf25/INSPIRE/outputs/singapore/inference/dep000144/raw_outputs/ami-mini-20250921T171010.jpg,crop_1,nonmoth,Diptera Nematocera,,,,,,0,TRUE
Track_003785,22/09/2025 00:12,22/09/2025 00:12,1,1,/home/users/alyduf25/INSPIRE/outputs/singapore/inference/dep000144/raw_outputs/ami-mini-20250921T171211.jpg,crop_1,nonmoth,Lepidoptera Macros,Sphenarches anisodactylus,Pieridae,Anthocharis,Anthocharis cardamines,,0,TRUE
Track_003786,22/09/2025 00:16,22/09/2025 00:16,1,1,/home/users/alyduf25/INSPIRE/outputs/singapore/inference/dep000144/raw_outputs/ami-mini-20250921T171613.jpg,crop_1,nonmoth,Lepidoptera Macros,Theretra latreillii,Bucculatricidae,Bucculatrix,Bucculatrix frangutella,,0,TRUE
Track_003787,22/09/2025 00:28,22/09/2025 00:28,1,1,/home/users/alyduf25/INSPIRE/outputs/singapore/inference/dep000144/raw_outputs/ami-mini-20250921T172819.jpg,crop_1,nonmoth,Lepidoptera Macros,Theretra latreillii,Lycaenidae,Polyommatus,Polyommatus daphnis,,0,TRUE
Track_003788,22/09/2025 00:32,22/09/2025 00:32,1,1,/home/users/alyduf25/INSPIRE/outputs/singapore/inference/dep000144/raw_outputs/ami-mini-20250921T173221.jpg,crop_1,nonmoth,Lepidoptera Macros,Theretra latreillii,Nolidae,Nycteola,Nycteola degenerana,,0,TRUE
Track_003789,22/09/2025 00:32,22/09/2025 00:32,1,1,/home/users/alyduf25/INSPIRE/outputs/singapore/inference/dep000144/raw_outputs/ami-mini-20250921T173221.jpg,crop_2,moth,Lepidoptera Macros,Hyposidra talaca,Geometridae,Tinagma,Tinagma ocnerostomella,,0,TRUE
Track_003790,22/09/2025 00:36,22/09/2025 00:36,1,1,/home/users/alyduf25/INSPIRE/outputs/singapore/inference/dep000144/raw_outputs/ami-mini-20250921T173623.jpg,crop_1,nonmoth,Diptera Nematocera,,,,,,0,TRUE
Track_003791,22/09/2025 00:38,22/09/2025 00:40,2,2,/home/users/alyduf25/INSPIRE/outputs/singapore/inference/dep000144/raw_outputs/ami-mini-20250921T173824.jpg,crop_1,nonmoth,Lepidoptera Macros,Hippotion celerio,Noctuidae,Diurnea,Diurnea fagella,0.5445540121837132,2.0166666666666666,FALSE
Track_003792,22/09/2025 00:38,22/09/2025 00:38,1,1,/home/users/alyduf25/INSPIRE/outputs/singapore/inference/dep000144/raw_outputs/ami-mini-20250921T173824.jpg,crop_2,moth,Lepidoptera Macros,Trilocha varians,Erebidae,Rhyparia,Rhyparia purpurata,,0,TRUE
Track_003793,22/09/2025 00:44,22/09/2025 00:44,1,1,/home/users/alyduf25/INSPIRE/outputs/singapore/inference/dep000144/raw_outputs/ami-mini-20250921T174427.jpg,crop_1,nonmoth,Diptera Nematocera,,,,,,0,TRUE
Track_003794,22/09/2025 00:52,22/09/2025 01:02,6,6,/home/users/alyduf25/INSPIRE/outputs/singapore/inference/dep000144/raw_outputs/ami-mini-20250921T175231.jpg,crop_1,nonmoth,Lepidoptera Macros,Trilocha varians,Argyresthiidae,Argyresthia,Argyresthia retinella,0.544716179,10.083333333333334,FALSE
Track_003795,22/09/2025 01:04,22/09/2025 01:04,1,1,/home/users/alyduf25/INSPIRE/outputs/singapore/inference/dep000144/raw_outputs/ami-mini-20250921T180437.jpg,crop_1,nonmoth,Lepidoptera Macros,Theretra latreillii,Crambidae,Anania,Anania stachydalis,1.1860564001286795,0,TRUE
Track_003796,22/09/2025 01:06,22/09/2025 01:06,1,1,/home/users/alyduf25/INSPIRE/outputs/singapore/inference/dep000144/raw_outputs/ami-mini-20250921T180638.jpg,crop_1,nonmoth,Lepidoptera Macros,Hippotion celerio,Pieridae,Anthocharis,Anthocharis cardamines,1.6483437463393138,0,TRUE
Track_003797,22/09/2025 01:06,22/09/2025 01:06,1,1,/home/users/alyduf25/INSPIRE/outputs/singapore/inference/dep000144/raw_outputs/ami-mini-20250921T180638.jpg,crop_2,nonmoth,Diptera Nematocera,,,,,,0,TRUE
Track_003798,22/09/2025 01:08,22/09/2025 01:08,1,1,/home/users/alyduf25/INSPIRE/outputs/singapore/inference/dep000144/raw_outputs/ami-mini-20250921T180839.jpg,crop_1,nonmoth,Lepidoptera Macros,Trilocha varians,Noctuidae,Autographa,Autographa excelsa,1.673965446077215,0,TRUE
Track_003799,22/09/2025 01:20,22/09/2025 01:20,1,1,/home/users/alyduf25/INSPIRE/outputs/singapore/inference/dep000144/raw_outputs/ami-mini-20250921T182045.jpg,crop_1,nonmoth,Lepidoptera Macros,Trilocha varians,Yponomeutidae,Yponomeuta,Yponomeuta plumbella,,0,TRUE
Track_003800,22/09/2025 01:20,22/09/2025 01:20,1,1,/home/users/alyduf25/INSPIRE/outputs/singapore/inference/dep000144/raw_outputs/ami-mini-20250921T182045.jpg,crop_2,moth,Lepidoptera Macros,Trilocha varians,Gracillariidae,Phyllonorycter,Phyllonorycter platani,,0,TRUE
Track_003801,22/09/2025 01:20,22/09/2025 01:20,1,1,/home/users/alyduf25/INSPIRE/outputs/singapore/inference/dep000144/raw_outputs/ami-mini-20250921T182045.jpg,crop_3,nonmoth,Diptera Nematocera,,,,,,0,TRUE
Track_003802,22/09/2025 01:24,22/09/2025 01:30,4,4,/home/users/alyduf25/INSPIRE/outputs/singapore/inference/dep000144/raw_outputs/ami-mini-20250921T182447.jpg,crop_1,nonmoth,Lepidoptera Macros,Hypena lividalis,Geometridae,Anthocharis,Anthocharis cardamines,0.8302208165880943,6.05,FALSE
Track_003803,22/09/2025 01:32,22/09/2025 01:32,1,1,/home/users/alyduf25/INSPIRE/outputs/singapore/inference/dep000144/raw_outputs/ami-mini-20250921T183251.jpg,crop_2,moth,Lepidoptera Macros,Trilocha varians,Erebidae,Nudaria,Nudaria mundana,2.492151487929496,0,TRUE
Track_003804,22/09/2025 01:36,22/09/2025 01:36,1,1,/home/users/alyduf25/INSPIRE/outputs/singapore/inference/dep000144/raw_outputs/ami-mini-20250921T183653.jpg,crop_1,nonmoth,Lepidoptera Macros,Theretra latreillii,Lasiocampidae,Synanthedon,Synanthedon myopaeformis,,0,TRUE
Track_003805,22/09/2025 01:40,22/09/2025 01:40,1,1,/home/users/alyduf25/INSPIRE/outputs/singapore/inference/dep000144/raw_outputs/ami-mini-20250921T184055.jpg,crop_2,moth,Lepidoptera Macros,Trilocha varians,Noctuidae,Euxoa,Euxoa tritici,,0,TRUE
Track_003806,22/09/2025 01:42,22/09/2025 01:42,1,1,/home/users/alyduf25/INSPIRE/outputs/singapore/inference/dep000144/raw_outputs/ami-mini-20250921T184256.jpg,crop_1,nonmoth,Lepidoptera Macros,Trilocha varians,Depressariidae,Agonopterix,Agonopterix scopariella,2.478474392240808,0,TRUE
Track_003807,22/09/2025 01:46,22/09/2025 01:53,4,4,/home/users/alyduf25/INSPIRE/outputs/singapore/inference/dep000144/raw_outputs/ami-mini-20250921T184658.jpg,crop_1,nonmoth,Lepidoptera Macros,Hyposidra talaca,Geometridae,Alsophila,Alsophila aescularia,0.263604489,6.05,FALSE
Track_003808,22/09/2025 02:05,22/09/2025 02:07,2,2,/home/users/alyduf25/INSPIRE/outputs/singapore/inference/dep000144/raw_outputs/ami-mini-20250921T190507.jpg,crop_1,nonmoth,Lepidoptera Macros,Theretra latreillii,Sesiidae,Synanthedon,Synanthedon myopaeformis,0.047607577,2.0166666666666666,FALSE
Track_003809,22/09/2025 02:09,22/09/2025 02:09,1,1,/home/users/alyduf25/INSPIRE/outputs/singapore/inference/dep000144/raw_outputs/ami-mini-20250921T190909.jpg,crop_2,moth,Lepidoptera Macros,Trilocha varians,Ypsolophidae,Ypsolopha,Argyresthia conjugella,2.6270346403864577,0,TRUE
Track_003810,22/09/2025 02:39,22/09/2025 02:41,2,2,/home/users/alyduf25/INSPIRE/outputs/singapore/inference/dep000144/raw_outputs/ami-mini-20250921T193924.jpg,crop_1,nonmoth,Lepidoptera Macros,Hippotion rosetta,Notodontidae,Clostera,Clostera anachoreta,0.1203870711506484,2.0166666666666666,FALSE
Track_003811,22/09/2025 02:43,22/09/2025 02:43,1,1,/home/users/alyduf25/INSPIRE/outputs/singapore/inference/dep000144/raw_outputs/ami-mini-20250921T194326.jpg,crop_1,nonmoth,Lepidoptera Macros,Hyposidra talaca,Tortricidae,Adela,Adela croesella,1.0939146480866548,0,TRUE
Track_003812,22/09/2025 02:43,22/09/2025 02:43,1,1,/home/users/alyduf25/INSPIRE/outputs/singapore/inference/dep000144/raw_outputs/ami-mini-20250921T194326.jpg,crop_2,moth,Lepidoptera Macros,Trilocha varians,Noctuidae,Globia,Globia sparganii,2.4725663028653733,0,TRUE
Track_003813,22/09/2025 02:45,22/09/2025 02:45,1,1,/home/users/alyduf25/INSPIRE/outputs/singapore/inference/dep000144/raw_outputs/ami-mini-20250921T194527.jpg,crop_1,nonmoth,Lepidoptera Macros,Trilocha varians,Lasiocampidae,Lasiocampa,Lasiocampa quercus,1.0068493470588449,0,TRUE
Track_003814,22/09/2025 02:47,22/09/2025 02:47,1,1,/home/users/alyduf25/INSPIRE/outputs/singapore/inference/dep000144/raw_outputs/ami-mini-20250921T194728.jpg,crop_1,nonmoth,Lepidoptera Macros,Hippotion rosetta,Geometridae,Thetidia,Thetidia smaragdaria,1.6412275965704657,0,TRUE
Track_003815,22/09/2025 02:49,22/09/2025 02:53,3,3,/home/users/alyduf25/INSPIRE/outputs/singapore/inference/dep000144/raw_outputs/ami-mini-20250921T194929.jpg,crop_1,nonmoth,Lepidoptera Macros,Exelastis pumilio,Noctuidae,Acronicta,Acronicta aceris,0.6097245160842657,4.033333333333333,FALSE
Track_003816,22/09/2025 02:51,22/09/2025 02:53,2,2,/home/users/alyduf25/INSPIRE/outputs/singapore/inference/dep000144/raw_outputs/ami-mini-20250921T195130.jpg,crop_2,moth,Lepidoptera Macros,Hyposidra talaca,Geometridae,Idaea,Idaea emarginata,1.3174517965278612,2.0166666666666666,FALSE
Track_003817,22/09/2025 02:53,22/09/2025 02:53,1,1,/home/users/alyduf25/INSPIRE/outputs/singapore/inference/dep000144/raw_outputs/ami-mini-20250921T195331.jpg,crop_3,moth,Lepidoptera Macros,Trilocha varians,Pyralidae,Aglossa,Aglossa caprealis,1.295500180469448,0,TRUE
Track_003818,22/09/2025 02:57,22/09/2025 02:57,1,1,/home/users/alyduf25/INSPIRE/outputs/singapore/inference/dep000144/raw_outputs/ami-mini-20250921T195733.jpg,crop_1,nonmoth,Diptera Brachycera,,,,,,0,TRUE
Track_003819,22/09/2025 03:07,22/09/2025 03:07,1,1,/home/users/alyduf25/INSPIRE/outputs/singapore/inference/dep000144/raw_outputs/ami-mini-20250921T200738.jpg,crop_1,nonmoth,Diptera Brachycera,,,,,,0,TRUE
Track_003820,22/09/2025 03:09,22/09/2025 03:09,1,1,/home/users/alyduf25/INSPIRE/outputs/singapore/inference/dep000144/raw_outputs/ami-mini-20250921T200939.jpg,crop_1,nonmoth,Diptera Nematocera,,,,,,0,TRUE
Track_003821,22/09/2025 03:11,22/09/2025 03:11,1,1,/home/users/alyduf25/INSPIRE/outputs/singapore/inference/dep000144/raw_outputs/ami-mini-20250921T201140.jpg,crop_1,nonmoth,Lepidoptera Micros,Cryptothelea gloverii,Geometridae,Plagodis,Plagodis pulveraria,,0,TRUE
Track_003822,22/09/2025 03:15,22/09/2025 03:15,1,1,/home/users/alyduf25/INSPIRE/outputs/singapore/inference/dep000144/raw_outputs/ami-mini-20250921T201542.jpg,crop_2,nonmoth,Diptera Brachycera,,,,,,0,TRUE
Track_003823,22/09/2025 03:17,22/09/2025 03:17,1,1,/home/users/alyduf25/INSPIRE/outputs/singapore/inference/dep000144/raw_outputs/ami-mini-20250921T201743.jpg,crop_1,nonmoth,Diptera Nematocera,,,,,,0,TRUE
Track_003824,22/09/2025 03:19,22/09/2025 03:19,1,1,/home/users/alyduf25/INSPIRE/outputs/singapore/inference/dep000144/raw_outputs/ami-mini-20250921T201944.jpg,crop_1,nonmoth,Diptera Nematocera,,,,,,0,TRUE
Track_003825,22/09/2025 03:21,22/09/2025 03:21,1,1,/home/users/alyduf25/INSPIRE/outputs/singapore/inference/dep000144/raw_outputs/ami-mini-20250921T202145.jpg,crop_1,nonmoth,Lepidoptera Micros,Tinea pellionella,Psychidae,Psyche,Psyche casta,,0,TRUE
Track_003826,22/09/2025 03:23,22/09/2025 03:23,1,1,/home/users/alyduf25/INSPIRE/outputs/singapore/inference/dep000144/raw_outputs/ami-mini-20250921T202346.jpg,crop_1,nonmoth,Diptera Nematocera,,,,,,0,TRUE
Track_003827,22/09/2025 03:25,22/09/2025 03:25,1,1,/home/users/alyduf25/INSPIRE/outputs/singapore/inference/dep000144/raw_outputs/ami-mini-20250921T202547.jpg,crop_1,moth,Lepidoptera Micros,Tinea pellionella,Pyralidae,Plodia,Plodia interpunctella,,0,TRUE
Track_003828,22/09/2025 03:27,22/09/2025 03:27,1,1,/home/users/alyduf25/INSPIRE/outputs/singapore/inference/dep000144/raw_outputs/ami-mini-20250921T202748.jpg,crop_1,nonmoth,Diptera Nematocera,,,,,,0,TRUE
Track_003829,22/09/2025 03:29,22/09/2025 03:29,1,1,/home/users/alyduf25/INSPIRE/outputs/singapore/inference/dep000144/raw_outputs/ami-mini-20250921T202949.jpg,crop_1,nonmoth,Diptera Brachycera,,,,,,0,TRUE
Track_003830,22/09/2025 03:33,22/09/2025 03:33,1,1,/home/users/alyduf25/INSPIRE/outputs/singapore/inference/dep000144/raw_outputs/ami-mini-20250921T203351.jpg,crop_1,nonmoth,Araneae,,,,,,0,TRUE
Track_003831,22/09/2025 03:49,22/09/2025 03:49,1,1,/home/users/alyduf25/INSPIRE/outputs/singapore/inference/dep000144/raw_outputs/ami-mini-20250921T204959.jpg,crop_1,nonmoth,Diptera Nematocera,,,,,,0,TRUE
Track_003832,22/09/2025 03:52,22/09/2025 03:52,1,1,/home/users/alyduf25/INSPIRE/outputs/singapore/inference/dep000144/raw_outputs/ami-mini-20250921T205200.jpg,crop_1,nonmoth,Lepidoptera Micros,Phereoeca uterella,Pyralidae,Pyralis,Pyralis cardinalis,,0,TRUE
Track_003833,22/09/2025 03:58,22/09/2025 03:58,1,1,/home/users/alyduf25/INSPIRE/outputs/singapore/inference/dep000144/raw_outputs/ami-mini-20250921T205803.jpg,crop_1,nonmoth,Araneae,,,,,,0,TRUE
Track_003834,22/09/2025 03:58,22/09/2025 03:58,1,1,/home/users/alyduf25/INSPIRE/outputs/singapore/inference/dep000144/raw_outputs/ami-mini-20250921T205803.jpg,crop_2,nonmoth,Diptera Nematocera,,,,,,0,TRUE
Track_003835,22/09/2025 03:58,22/09/2025 03:58,1,1,/home/users/alyduf25/INSPIRE/outputs/singapore/inference/dep000144/raw_outputs/ami-mini-20250921T205803.jpg,crop_3,nonmoth,Diptera Nematocera,,,,,,0,TRUE
Track_003836,22/09/2025 04:30,22/09/2025 04:30,1,1,/home/users/alyduf25/INSPIRE/outputs/singapore/inference/dep000144/raw_outputs/ami-mini-20250921T213019.jpg,crop_1,nonmoth,Diptera Nematocera,,,,,,0,TRUE
Track_003837,22/09/2025 04:30,22/09/2025 04:30,1,1,/home/users/alyduf25/INSPIRE/outputs/singapore/inference/dep000144/raw_outputs/ami-mini-20250921T213019.jpg,crop_2,nonmoth,Diptera Nematocera,,,,,,0,TRUE
Track_003838,23/09/2025 19:57,23/09/2025 19:59,2,2,/home/users/alyduf25/INSPIRE/outputs/singapore/inference/dep000144/raw_outputs/ami-mini-20250923T125719.jpg,crop_1,nonmoth,Lepidoptera Macros,Prays nephelomima,Sesiidae,Synanthedon,Synanthedon myopaeformis,0.3089535713060036,2.0166666666666666,FALSE
Track_003839,23/09/2025 20:01,23/09/2025 20:05,3,3,/home/users/alyduf25/INSPIRE/outputs/singapore/inference/dep000144/raw_outputs/ami-mini-20250923T130121.jpg,crop_1,nonmoth,Lepidoptera Macros,Sphenarches anisodactylus,Tortricidae,Spilonota,Spilonota ocellana,0.68713919,4.033333333333333,FALSE
Track_003840,23/09/2025 20:07,23/09/2025 20:11,3,3,/home/users/alyduf25/INSPIRE/outputs/singapore/inference/dep000144/raw_outputs/ami-mini-20250923T130724.jpg,crop_1,nonmoth,Lepidoptera Macros,Theretra latreillii,Drepanidae,Ochropacha,Ochropacha duplaris,0.75838767,4.033333333333333,FALSE
Track_003841,23/09/2025 20:13,23/09/2025 20:13,1,1,/home/users/alyduf25/INSPIRE/outputs/singapore/inference/dep000144/raw_outputs/ami-mini-20250923T131327.jpg,crop_1,nonmoth,Lepidoptera Macros,Parapoynx allionealis,Geometridae,Conistra,Conistra rubiginosa,1.0879505194751131,0,TRUE
Track_003842,23/09/2025 20:15,23/09/2025 20:15,1,1,/home/users/alyduf25/INSPIRE/outputs/singapore/inference/dep000144/raw_outputs/ami-mini-20250923T131528.jpg,crop_1,nonmoth,Lepidoptera Macros,Theretra latreillii,Adelidae,Adela,Adela croesella,1.1411246298744364,0,TRUE
Track_003843,23/09/2025 20:17,23/09/2025 20:17,1,1,/home/users/alyduf25/INSPIRE/outputs/singapore/inference/dep000144/raw_outputs/ami-mini-20250923T131729.jpg,crop_1,nonmoth,Lepidoptera Macros,Hippotion celerio,Sesiidae,Synanthedon,Synanthedon myopaeformis,1.0123690957201463,0,TRUE
Track_003844,23/09/2025 20:19,23/09/2025 20:21,2,2,/home/users/alyduf25/INSPIRE/outputs/singapore/inference/dep000144/raw_outputs/ami-mini-20250923T131930.jpg,crop_1,nonmoth,Lepidoptera Macros,Hyposidra talaca,Sesiidae,Synanthedon,Synanthedon myopaeformis,0.8116836397218135,2.0166666666666666,FALSE
Track_003845,23/09/2025 20:23,23/09/2025 20:23,1,1,/home/users/alyduf25/INSPIRE/outputs/singapore/inference/dep000144/raw_outputs/ami-mini-20250923T132332.jpg,crop_1,nonmoth,Lepidoptera Macros,Theretra latreillii,Noctuidae,Synanthedon,Synanthedon myopaeformis,1.165122224198291,0,TRUE
Track_003846,23/09/2025 20:25,23/09/2025 20:25,1,1,/home/users/alyduf25/INSPIRE/outputs/singapore/inference/dep000144/raw_outputs/ami-mini-20250923T132533.jpg,crop_1,nonmoth,Lepidoptera Macros,Hyposidra talaca,Depressariidae,Agonopterix,Agonopterix ciliella,1.811925950369197,0,TRUE
Track_003847,23/09/2025 20:27,23/09/2025 20:33,4,4,/home/users/alyduf25/INSPIRE/outputs/singapore/inference/dep000144/raw_outputs/ami-mini-20250923T132734.jpg,crop_1,nonmoth,Lepidoptera Macros,Hyposidra talaca,Sesiidae,Synanthedon,Synanthedon myopaeformis,0.4585489794012417,6.05,FALSE
Track_003848,23/09/2025 20:29,23/09/2025 20:29,1,1,/home/users/alyduf25/INSPIRE/outputs/singapore/inference/dep000144/raw_outputs/ami-mini-20250923T132935.jpg,crop_3,moth,Lepidoptera Macros,Trilocha varians,Adelidae,Adela,Adela croesella,2.3241078515822085,0,TRUE
Track_003849,23/09/2025 20:33,23/09/2025 20:33,1,1,/home/users/alyduf25/INSPIRE/outputs/singapore/inference/dep000144/raw_outputs/ami-mini-20250923T133337.jpg,crop_2,moth,Lepidoptera Macros,Trilocha varians,Noctuidae,Hofmannophila,Hofmannophila pseudospretella,2.347174797789751,0,TRUE
Track_003850,23/09/2025 21:22,23/09/2025 21:22,1,1,/home/users/alyduf25/INSPIRE/outputs/singapore/inference/dep000144/raw_outputs/ami-mini-20250923T142201.jpg,crop_1,nonmoth,Lepidoptera Macros,Stenoptilodes taprobanes,Gelechiidae,Aristotelia,Aristotelia brizella,,0,TRUE
Track_003851,23/09/2025 21:24,23/09/2025 21:24,1,1,/home/users/alyduf25/INSPIRE/outputs/singapore/inference/dep000144/raw_outputs/ami-mini-20250923T142402.jpg,crop_1,nonmoth,Lepidoptera Macros,Theretra latreillii,Plutellidae,Ypsolophus,Ypsolophus asperella,1.7376195392115203,0,TRUE
Track_003852,23/09/2025 21:26,23/09/2025 21:26,1,1,/home/users/alyduf25/INSPIRE/outputs/singapore/inference/dep000144/raw_outputs/ami-mini-20250923T142603.jpg,crop_1,nonmoth,Lepidoptera Macros,Theretra latreillii,Geometridae,Ecliptopera,Ecliptopera capitata,1.108963328812832,0,TRUE
Track_003853,23/09/2025 21:36,23/09/2025 21:36,1,1,/home/users/alyduf25/INSPIRE/outputs/singapore/inference/dep000144/raw_outputs/ami-mini-20250923T143608.jpg,crop_2,moth,Lepidoptera Macros,Trilocha varians,Geometridae,Idaea,Idaea emarginata,,0,TRUE
Track_003854,23/09/2025 21:38,23/09/2025 21:38,1,1,/home/users/alyduf25/INSPIRE/outputs/singapore/inference/dep000144/raw_outputs/ami-mini-20250923T143809.jpg,crop_1,nonmoth,Lepidoptera Macros,Theretra latreillii,Noctuidae,Conistra,Conistra rubiginosa,2.378904983894569,0,TRUE
Track_003855,23/09/2025 22:08,23/09/2025 22:08,1,1,/home/users/alyduf25/INSPIRE/outputs/singapore/inference/dep000144/raw_outputs/ami-mini-20250923T150824.jpg,crop_1,nonmoth,Diptera Nematocera,,,,,,0,TRUE
Track_003856,23/09/2025 22:10,23/09/2025 22:10,1,1,/home/users/alyduf25/INSPIRE/outputs/singapore/inference/dep000144/raw_outputs/ami-mini-20250923T151025.jpg,crop_1,nonmoth,Diptera Nematocera,,,,,,0,TRUE
Track_003857,23/09/2025 22:16,23/09/2025 22:16,1,1,/home/users/alyduf25/INSPIRE/outputs/singapore/inference/dep000144/raw_outputs/ami-mini-20250923T151628.jpg,crop_1,nonmoth,Diptera Nematocera,,,,,,0,TRUE
Track_003858,23/09/2025 22:16,23/09/2025 22:16,1,1,/home/users/alyduf25/INSPIRE/outputs/singapore/inference/dep000144/raw_outputs/ami-mini-20250923T151628.jpg,crop_4,nonmoth,Lepidoptera Micros,Tineola bisselliella,Noctuidae,Plodia,Plodia interpunctella,,0,TRUE
Track_003859,23/09/2025 22:18,23/09/2025 22:18,1,1,/home/users/alyduf25/INSPIRE/outputs/singapore/inference/dep000144/raw_outputs/ami-mini-20250923T151829.jpg,crop_1,nonmoth,Diptera Nematocera,,,,,,0,TRUE
Track_003860,23/09/2025 22:18,23/09/2025 22:18,1,1,/home/users/alyduf25/INSPIRE/outputs/singapore/inference/dep000144/raw_outputs/ami-mini-20250923T151829.jpg,crop_3,nonmoth,Diptera Nematocera,,,,,,0,TRUE
Track_003861,23/09/2025 22:20,23/09/2025 22:20,1,1,/home/users/alyduf25/INSPIRE/outputs/singapore/inference/dep000144/raw_outputs/ami-mini-20250923T152030.jpg,crop_1,nonmoth,Diptera Nematocera,,,,,,0,TRUE
Track_003862,23/09/2025 22:22,23/09/2025 22:22,1,1,/home/users/alyduf25/INSPIRE/outputs/singapore/inference/dep000144/raw_outputs/ami-mini-20250923T152231.jpg,crop_1,nonmoth,Diptera Nematocera,,,,,,0,TRUE
Track_003863,23/09/2025 22:24,23/09/2025 22:24,1,1,/home/users/alyduf25/INSPIRE/outputs/singapore/inference/dep000144/raw_outputs/ami-mini-20250923T152432.jpg,crop_1,nonmoth,Diptera Nematocera,,,,,,0,TRUE
Track_003864,23/09/2025 22:26,23/09/2025 22:26,1,1,/home/users/alyduf25/INSPIRE/outputs/singapore/inference/dep000144/raw_outputs/ami-mini-20250923T152633.jpg,crop_1,nonmoth,Diptera Nematocera,,,,,,0,TRUE
Track_003865,23/09/2025 22:28,23/09/2025 22:28,1,1,/home/users/alyduf25/INSPIRE/outputs/singapore/inference/dep000144/raw_outputs/ami-mini-20250923T152834.jpg,crop_1,nonmoth,Diptera Brachycera,,,,,,0,TRUE
Track_003866,23/09/2025 22:30,23/09/2025 22:30,1,1,/home/users/alyduf25/INSPIRE/outputs/singapore/inference/dep000144/raw_outputs/ami-mini-20250923T153035.jpg,crop_1,nonmoth,Lepidoptera Micros,Plutella xylostella,Bedelliidae,Bedellia,Bedellia somnulentella,,0,TRUE
Track_003867,23/09/2025 22:32,23/09/2025 22:32,1,1,/home/users/alyduf25/INSPIRE/outputs/singapore/inference/dep000144/raw_outputs/ami-mini-20250923T153236.jpg,crop_1,nonmoth,Diptera Nematocera,,,,,,0,TRUE
Track_003868,23/09/2025 22:34,23/09/2025 22:34,1,1,/home/users/alyduf25/INSPIRE/outputs/singapore/inference/dep000144/raw_outputs/ami-mini-20250923T153437.jpg,crop_1,nonmoth,Diptera Nematocera,,,,,,0,TRUE
Track_003869,23/09/2025 22:36,23/09/2025 22:36,1,1,/home/users/alyduf25/INSPIRE/outputs/singapore/inference/dep000144/raw_outputs/ami-mini-20250923T153638.jpg,crop_1,nonmoth,Diptera Nematocera,,,,,,0,TRUE
Track_003870,23/09/2025 22:38,23/09/2025 22:38,1,1,/home/users/alyduf25/INSPIRE/outputs/singapore/inference/dep000144/raw_outputs/ami-mini-20250923T153839.jpg,crop_1,nonmoth,Diptera Nematocera,,,,,,0,TRUE
Track_003871,23/09/2025 22:40,23/09/2025 22:40,1,1,/home/users/alyduf25/INSPIRE/outputs/singapore/inference/dep000144/raw_outputs/ami-mini-20250923T154040.jpg,crop_1,nonmoth,Diptera Nematocera,,,,,,0,TRUE
Track_003872,23/09/2025 22:42,23/09/2025 22:42,1,1,/home/users/alyduf25/INSPIRE/outputs/singapore/inference/dep000144/raw_outputs/ami-mini-20250923T154241.jpg,crop_1,nonmoth,Diptera Nematocera,,,,,,0,TRUE
Track_003873,23/09/2025 22:44,23/09/2025 22:44,1,1,/home/users/alyduf25/INSPIRE/outputs/singapore/inference/dep000144/raw_outputs/ami-mini-20250923T154442.jpg,crop_1,nonmoth,Diptera Nematocera,,,,,,0,TRUE
Track_003874,23/09/2025 22:46,23/09/2025 22:46,1,1,/home/users/alyduf25/INSPIRE/outputs/singapore/inference/dep000144/raw_outputs/ami-mini-20250923T154643.jpg,crop_1,nonmoth,Diptera Nematocera,,,,,,0,TRUE
Track_003875,23/09/2025 22:48,23/09/2025 22:48,1,1,/home/users/alyduf25/INSPIRE/outputs/singapore/inference/dep000144/raw_outputs/ami-mini-20250923T154844.jpg,crop_1,nonmoth,Diptera Nematocera,,,,,,0,TRUE
Track_003876,23/09/2025 22:50,23/09/2025 22:50,1,1,/home/users/alyduf25/INSPIRE/outputs/singapore/inference/dep000144/raw_outputs/ami-mini-20250923T155045.jpg,crop_1,nonmoth,Diptera Nematocera,,,,,,0,TRUE
Track_003877,23/09/2025 22:52,23/09/2025 22:52,1,1,/home/users/alyduf25/INSPIRE/outputs/singapore/inference/dep000144/raw_outputs/ami-mini-20250923T155246.jpg,crop_1,nonmoth,Lepidoptera Micros,Plutella xylostella,Pyralidae,Plodia,Plodia interpunctella,,0,TRUE
Track_003878,23/09/2025 22:54,23/09/2025 22:54,1,1,/home/users/alyduf25/INSPIRE/outputs/singapore/inference/dep000144/raw_outputs/ami-mini-20250923T155447.jpg,crop_1,nonmoth,Diptera Nematocera,,,,,,0,TRUE
Track_003879,23/09/2025 22:56,23/09/2025 22:56,1,1,/home/users/alyduf25/INSPIRE/outputs/singapore/inference/dep000144/raw_outputs/ami-mini-20250923T155648.jpg,crop_1,nonmoth,Diptera Nematocera,,,,,,0,TRUE
Track_003880,23/09/2025 22:58,23/09/2025 22:58,1,1,/home/users/alyduf25/INSPIRE/outputs/singapore/inference/dep000144/raw_outputs/ami-mini-20250923T155849.jpg,crop_1,nonmoth,Diptera Nematocera,,,,,,0,TRUE
Track_003881,23/09/2025 23:00,23/09/2025 23:00,1,1,/home/users/alyduf25/INSPIRE/outputs/singapore/inference/dep000144/raw_outputs/ami-mini-20250923T160050.jpg,crop_1,nonmoth,Diptera Nematocera,,,,,,0,TRUE
Track_003882,23/09/2025 23:02,23/09/2025 23:02,1,1,/home/users/alyduf25/INSPIRE/outputs/singapore/inference/dep000144/raw_outputs/ami-mini-20250923T160251.jpg,crop_1,nonmoth,Diptera Nematocera,,,,,,0,TRUE
Track_003883,23/09/2025 23:04,23/09/2025 23:04,1,1,/home/users/alyduf25/INSPIRE/outputs/singapore/inference/dep000144/raw_outputs/ami-mini-20250923T160452.jpg,crop_1,nonmoth,Lepidoptera Micros,Plodia interpunctella,Pyralidae,Plodia,Plodia interpunctella,,0,TRUE
Track_003884,23/09/2025 23:04,23/09/2025 23:04,1,1,/home/users/alyduf25/INSPIRE/outputs/singapore/inference/dep000144/raw_outputs/ami-mini-20250923T160452.jpg,crop_2,nonmoth,Diptera Nematocera,,,,,,0,TRUE
Track_003885,23/09/2025 23:06,23/09/2025 23:06,1,1,/home/users/alyduf25/INSPIRE/outputs/singapore/inference/dep000144/raw_outputs/ami-mini-20250923T160653.jpg,crop_1,nonmoth,Diptera Nematocera,,,,,,0,TRUE
Track_003886,23/09/2025 23:08,23/09/2025 23:08,1,1,/home/users/alyduf25/INSPIRE/outputs/singapore/inference/dep000144/raw_outputs/ami-mini-20250923T160854.jpg,crop_1,nonmoth,Diptera Nematocera,,,,,,0,TRUE
Track_003887,23/09/2025 23:08,23/09/2025 23:08,1,1,/home/users/alyduf25/INSPIRE/outputs/singapore/inference/dep000144/raw_outputs/ami-mini-20250923T160854.jpg,crop_2,nonmoth,Diptera Nematocera,,,,,,0,TRUE
Track_003888,23/09/2025 23:10,23/09/2025 23:10,1,1,/home/users/alyduf25/INSPIRE/outputs/singapore/inference/dep000144/raw_outputs/ami-mini-20250923T161055.jpg,crop_1,nonmoth,Diptera Nematocera,,,,,,0,TRUE
Track_003889,23/09/2025 23:12,23/09/2025 23:12,1,1,/home/users/alyduf25/INSPIRE/outputs/singapore/inference/dep000144/raw_outputs/ami-mini-20250923T161256.jpg,crop_1,nonmoth,Diptera Nematocera,,,,,,0,TRUE
Track_003890,23/09/2025 23:14,23/09/2025 23:14,1,1,/home/users/alyduf25/INSPIRE/outputs/singapore/inference/dep000144/raw_outputs/ami-mini-20250923T161457.jpg,crop_1,nonmoth,Lepidoptera Micros,Exelastis pumilio,Erebidae,Manulea,Manulea complana,,0,TRUE
Track_003891,23/09/2025 23:16,23/09/2025 23:16,1,1,/home/users/alyduf25/INSPIRE/outputs/singapore/inference/dep000144/raw_outputs/ami-mini-20250923T161658.jpg,crop_1,nonmoth,Diptera Nematocera,,,,,,0,TRUE
Track_003892,23/09/2025 23:18,23/09/2025 23:18,1,1,/home/users/alyduf25/INSPIRE/outputs/singapore/inference/dep000144/raw_outputs/ami-mini-20250923T161859.jpg,crop_1,nonmoth,Diptera Nematocera,,,,,,0,TRUE
Track_003893,23/09/2025 23:21,23/09/2025 23:21,1,1,/home/users/alyduf25/INSPIRE/outputs/singapore/inference/dep000144/raw_outputs/ami-mini-20250923T162100.jpg,crop_1,nonmoth,Diptera Nematocera,,,,,,0,TRUE
Track_003894,23/09/2025 23:23,23/09/2025 23:23,1,1,/home/users/alyduf25/INSPIRE/outputs/singapore/inference/dep000144/raw_outputs/ami-mini-20250923T162301.jpg,crop_1,nonmoth,Diptera Nematocera,,,,,,0,TRUE
Track_003895,23/09/2025 23:25,23/09/2025 23:25,1,1,/home/users/alyduf25/INSPIRE/outputs/singapore/inference/dep000144/raw_outputs/ami-mini-20250923T162502.jpg,crop_1,nonmoth,Diptera Nematocera,,,,,,0,TRUE
Track_003896,23/09/2025 23:27,23/09/2025 23:27,1,1,/home/users/alyduf25/INSPIRE/outputs/singapore/inference/dep000144/raw_outputs/ami-mini-20250923T162703.jpg,crop_1,nonmoth,Diptera Nematocera,,,,,,0,TRUE
Track_003897,23/09/2025 23:29,23/09/2025 23:29,1,1,/home/users/alyduf25/INSPIRE/outputs/singapore/inference/dep000144/raw_outputs/ami-mini-20250923T162904.jpg,crop_1,nonmoth,Lepidoptera Micros,Plutella xylostella,Pyralidae,Plodia,Plodia interpunctella,,0,TRUE
Track_003898,23/09/2025 23:31,23/09/2025 23:31,1,1,/home/users/alyduf25/INSPIRE/outputs/singapore/inference/dep000144/raw_outputs/ami-mini-20250923T163105.jpg,crop_1,nonmoth,Diptera Nematocera,,,,,,0,TRUE
Track_003899,23/09/2025 23:33,23/09/2025 23:33,1,1,/home/users/alyduf25/INSPIRE/outputs/singapore/inference/dep000144/raw_outputs/ami-mini-20250923T163306.jpg,crop_1,nonmoth,Diptera Nematocera,,,,,,0,TRUE
Track_003900,23/09/2025 23:35,23/09/2025 23:35,1,1,/home/users/alyduf25/INSPIRE/outputs/singapore/inference/dep000144/raw_outputs/ami-mini-20250923T163507.jpg,crop_1,nonmoth,Diptera Nematocera,,,,,,0,TRUE
Track_003901,23/09/2025 23:37,23/09/2025 23:37,1,1,/home/users/alyduf25/INSPIRE/outputs/singapore/inference/dep000144/raw_outputs/ami-mini-20250923T163708.jpg,crop_1,nonmoth,Diptera Nematocera,,,,,,0,TRUE
Track_003902,23/09/2025 23:39,23/09/2025 23:39,1,1,/home/users/alyduf25/INSPIRE/outputs/singapore/inference/dep000144/raw_outputs/ami-mini-20250923T163909.jpg,crop_1,nonmoth,Diptera Brachycera,,,,,,0,TRUE
Track_003903,23/09/2025 23:41,23/09/2025 23:41,1,1,/home/users/alyduf25/INSPIRE/outputs/singapore/inference/dep000144/raw_outputs/ami-mini-20250923T164110.jpg,crop_1,nonmoth,Diptera Brachycera,,,,,,0,TRUE
Track_003904,23/09/2025 23:43,23/09/2025 23:43,1,1,/home/users/alyduf25/INSPIRE/outputs/singapore/inference/dep000144/raw_outputs/ami-mini-20250923T164311.jpg,crop_1,nonmoth,Diptera Brachycera,,,,,,0,TRUE
Track_003905,23/09/2025 23:45,23/09/2025 23:45,1,1,/home/users/alyduf25/INSPIRE/outputs/singapore/inference/dep000144/raw_outputs/ami-mini-20250923T164512.jpg,crop_1,nonmoth,Diptera Nematocera,,,,,,0,TRUE
Track_003906,23/09/2025 23:47,23/09/2025 23:47,1,1,/home/users/alyduf25/INSPIRE/outputs/singapore/inference/dep000144/raw_outputs/ami-mini-20250923T164713.jpg,crop_1,nonmoth,Diptera Nematocera,,,,,,0,TRUE
Track_003907,23/09/2025 23:49,23/09/2025 23:49,1,1,/home/users/alyduf25/INSPIRE/outputs/singapore/inference/dep000144/raw_outputs/ami-mini-20250923T164914.jpg,crop_1,nonmoth,Diptera Nematocera,,,,,,0,TRUE
Track_003908,23/09/2025 23:51,23/09/2025 23:51,1,1,/home/users/alyduf25/INSPIRE/outputs/singapore/inference/dep000144/raw_outputs/ami-mini-20250923T165115.jpg,crop_1,nonmoth,Lepidoptera Micros,Ephestiodes infimella,Crambidae,Pediasia,Pediasia contaminella,,0,TRUE
Track_003909,23/09/2025 23:53,23/09/2025 23:53,1,1,/home/users/alyduf25/INSPIRE/outputs/singapore/inference/dep000144/raw_outputs/ami-mini-20250923T165316.jpg,crop_1,nonmoth,Diptera Nematocera,,,,,,0,TRUE
Track_003910,23/09/2025 23:55,23/09/2025 23:55,1,1,/home/users/alyduf25/INSPIRE/outputs/singapore/inference/dep000144/raw_outputs/ami-mini-20250923T165517.jpg,crop_1,nonmoth,Diptera Nematocera,,,,,,0,TRUE
Track_003911,23/09/2025 23:57,23/09/2025 23:57,1,1,/home/users/alyduf25/INSPIRE/outputs/singapore/inference/dep000144/raw_outputs/ami-mini-20250923T165718.jpg,crop_1,nonmoth,Diptera Nematocera,,,,,,0,TRUE
Track_003912,23/09/2025 23:59,23/09/2025 23:59,1,1,/home/users/alyduf25/INSPIRE/outputs/singapore/inference/dep000144/raw_outputs/ami-mini-20250923T165919.jpg,crop_1,nonmoth,Diptera Nematocera,,,,,,0,TRUE
Track_003913,24/09/2025 00:01,24/09/2025 00:01,1,1,/home/users/alyduf25/INSPIRE/outputs/singapore/inference/dep000144/raw_outputs/ami-mini-20250923T170120.jpg,crop_1,nonmoth,Diptera Nematocera,,,,,,0,TRUE
Track_003914,24/09/2025 00:03,24/09/2025 00:03,1,1,/home/users/alyduf25/INSPIRE/outputs/singapore/inference/dep000144/raw_outputs/ami-mini-20250923T170321.jpg,crop_1,nonmoth,Diptera Nematocera,,,,,,0,TRUE
Track_003915,24/09/2025 00:05,24/09/2025 00:05,1,1,/home/users/alyduf25/INSPIRE/outputs/singapore/inference/dep000144/raw_outputs/ami-mini-20250923T170522.jpg,crop_1,nonmoth,Diptera Nematocera,,,,,,0,TRUE
Track_003916,24/09/2025 00:07,24/09/2025 00:07,1,1,/home/users/alyduf25/INSPIRE/outputs/singapore/inference/dep000144/raw_outputs/ami-mini-20250923T170723.jpg,crop_1,nonmoth,Lepidoptera Micros,Plutella xylostella,Bedelliidae,Bedellia,Bedellia somnulentella,,0,TRUE
Track_003917,24/09/2025 00:09,24/09/2025 00:09,1,1,/home/users/alyduf25/INSPIRE/outputs/singapore/inference/dep000144/raw_outputs/ami-mini-20250923T170924.jpg,crop_1,nonmoth,Diptera Nematocera,,,,,,0,TRUE
Track_003918,24/09/2025 00:11,24/09/2025 00:11,1,1,/home/users/alyduf25/INSPIRE/outputs/singapore/inference/dep000144/raw_outputs/ami-mini-20250923T171125.jpg,crop_1,nonmoth,Lepidoptera Micros,Tinea pellionella,Pyralidae,Plodia,Plodia interpunctella,,0,TRUE
Track_003919,24/09/2025 01:26,24/09/2025 01:26,1,1,/home/users/alyduf25/INSPIRE/outputs/singapore/inference/dep000144/raw_outputs/ami-mini-20250923T182602.jpg,crop_1,moth,Lepidoptera Micros,Cryptothelea gloverii,Pieridae,Anthocharis,Anthocharis cardamines,,0,TRUE
Track_003920,24/09/2025 01:28,24/09/2025 01:28,1,1,/home/users/alyduf25/INSPIRE/outputs/singapore/inference/dep000144/raw_outputs/ami-mini-20250923T182803.jpg,crop_1,nonmoth,Diptera Nematocera,,,,,,0,TRUE
Track_003921,24/09/2025 01:30,24/09/2025 01:32,2,2,/home/users/alyduf25/INSPIRE/outputs/singapore/inference/dep000144/raw_outputs/ami-mini-20250923T183004.jpg,crop_1,nonmoth,Lepidoptera Micros,Cryptothelea gloverii,Noctuidae,Anthocharis,Anthocharis cardamines,0.1260193196773926,2.0166666666666666,FALSE
Track_003922,24/09/2025 01:34,24/09/2025 01:34,1,1,/home/users/alyduf25/INSPIRE/outputs/singapore/inference/dep000144/raw_outputs/ami-mini-20250923T183406.jpg,crop_1,nonmoth,Diptera Nematocera,,,,,,0,TRUE
Track_003923,24/09/2025 01:36,24/09/2025 01:36,1,1,/home/users/alyduf25/INSPIRE/outputs/singapore/inference/dep000144/raw_outputs/ami-mini-20250923T183607.jpg,crop_1,nonmoth,Diptera Nematocera,,,,,,0,TRUE
Track_003924,24/09/2025 01:38,24/09/2025 01:38,1,1,/home/users/alyduf25/INSPIRE/outputs/singapore/inference/dep000144/raw_outputs/ami-mini-20250923T183808.jpg,crop_1,nonmoth,Diptera Nematocera,,,,,,0,TRUE
Track_003925,24/09/2025 01:40,24/09/2025 01:40,1,1,/home/users/alyduf25/INSPIRE/outputs/singapore/inference/dep000144/raw_outputs/ami-mini-20250923T184009.jpg,crop_1,nonmoth,Diptera Nematocera,,,,,,0,TRUE
Track_003926,24/09/2025 01:42,24/09/2025 01:42,1,1,/home/users/alyduf25/INSPIRE/outputs/singapore/inference/dep000144/raw_outputs/ami-mini-20250923T184210.jpg,crop_1,nonmoth,Lepidoptera Micros,Ephestia elutella,Noctuidae,Anthocharis,Anthocharis cardamines,,0,TRUE
Track_003927,24/09/2025 01:44,24/09/2025 01:44,1,1,/home/users/alyduf25/INSPIRE/outputs/singapore/inference/dep000144/raw_outputs/ami-mini-20250923T184411.jpg,crop_1,moth,Lepidoptera Macros,Trilocha varians,Noctuidae,Orthotelia,Orthotelia sparganella,2.275754700082612,0,TRUE
Track_003928,24/09/2025 02:56,24/09/2025 02:56,1,1,/home/users/alyduf25/INSPIRE/outputs/singapore/inference/dep000144/raw_outputs/ami-mini-20250923T195647.jpg,crop_1,nonmoth,Diptera Nematocera,,,,,,0,TRUE
Track_003929,24/09/2025 03:02,24/09/2025 03:43,21,21,/home/users/alyduf25/INSPIRE/outputs/singapore/inference/dep000144/raw_outputs/ami-mini-20250923T200250.jpg,crop_1,nonmoth,Lepidoptera Micros,Tinea pellionella,Noctuidae,Conistra,Conistra rubiginosa,0.3028618267582992,40.333333333333336,FALSE
Track_003930,24/09/2025 03:45,24/09/2025 03:45,1,1,/home/users/alyduf25/INSPIRE/outputs/singapore/inference/dep000144/raw_outputs/ami-mini-20250923T204511.jpg,crop_1,nonmoth,Diptera Nematocera,,,,,,0,TRUE
Track_003931,24/09/2025 03:47,24/09/2025 03:47,1,1,/home/users/alyduf25/INSPIRE/outputs/singapore/inference/dep000144/raw_outputs/ami-mini-20250923T204712.jpg,crop_1,moth,Diptera Nematocera,Ephestiodes infimella,Erebidae,Plodia,Plodia interpunctella,,0,TRUE
Track_003932,24/09/2025 03:49,24/09/2025 03:49,1,1,/home/users/alyduf25/INSPIRE/outputs/singapore/inference/dep000144/raw_outputs/ami-mini-20250923T204913.jpg,crop_1,nonmoth,Diptera Nematocera,,,,,,0,TRUE
Track_003933,24/09/2025 03:49,24/09/2025 03:49,1,1,/home/users/alyduf25/INSPIRE/outputs/singapore/inference/dep000144/raw_outputs/ami-mini-20250923T204913.jpg,crop_2,nonmoth,Lepidoptera Micros,Plodia interpunctella,Pyralidae,Plodia,Plodia interpunctella,2.192382597871529,0,TRUE
Track_003934,24/09/2025 03:51,24/09/2025 03:51,1,1,/home/users/alyduf25/INSPIRE/outputs/singapore/inference/dep000144/raw_outputs/ami-mini-20250923T205114.jpg,crop_1,nonmoth,Diptera Nematocera,,,,,,0,TRUE
Track_003935,24/09/2025 03:53,24/09/2025 03:53,1,1,/home/users/alyduf25/INSPIRE/outputs/singapore/inference/dep000144/raw_outputs/ami-mini-20250923T205315.jpg,crop_1,nonmoth,Diptera Nematocera,,,,,,0,TRUE
Track_003936,24/09/2025 03:53,24/09/2025 03:53,1,1,/home/users/alyduf25/INSPIRE/outputs/singapore/inference/dep000144/raw_outputs/ami-mini-20250923T205315.jpg,crop_2,nonmoth,Lepidoptera Micros,Ephestiodes infimella,Erebidae,Manulea,Manulea complana,,0,TRUE
Track_003937,24/09/2025 03:55,24/09/2025 03:55,1,1,/home/users/alyduf25/INSPIRE/outputs/singapore/inference/dep000144/raw_outputs/ami-mini-20250923T205516.jpg,crop_1,nonmoth,Lepidoptera Micros,Ephestiodes infimella,Lasiocampidae,Lasiocampa,Lasiocampa trifolii,1.9325226642461768,0,TRUE
Track_003938,24/09/2025 03:55,24/09/2025 03:55,1,1,/home/users/alyduf25/INSPIRE/outputs/singapore/inference/dep000144/raw_outputs/ami-mini-20250923T205516.jpg,crop_2,nonmoth,Diptera Nematocera,,,,,,0,TRUE
Track_003939,24/09/2025 03:55,24/09/2025 03:55,1,1,/home/users/alyduf25/INSPIRE/outputs/singapore/inference/dep000144/raw_outputs/ami-mini-20250923T205516.jpg,crop_3,nonmoth,Diptera Nematocera,,,,,,0,TRUE
Track_003940,24/09/2025 03:57,24/09/2025 03:57,1,1,/home/users/alyduf25/INSPIRE/outputs/singapore/inference/dep000144/raw_outputs/ami-mini-20250923T205717.jpg,crop_1,nonmoth,Diptera Nematocera,,,,,,0,TRUE
Track_003941,24/09/2025 03:57,24/09/2025 03:57,1,1,/home/users/alyduf25/INSPIRE/outputs/singapore/inference/dep000144/raw_outputs/ami-mini-20250923T205717.jpg,crop_2,nonmoth,Diptera Nematocera,,,,,,0,TRUE
Track_003942,24/09/2025 03:57,24/09/2025 03:57,1,1,/home/users/alyduf25/INSPIRE/outputs/singapore/inference/dep000144/raw_outputs/ami-mini-20250923T205717.jpg,crop_3,nonmoth,Diptera Nematocera,,,,,,0,TRUE
Track_003943,24/09/2025 03:59,24/09/2025 04:01,2,2,/home/users/alyduf25/INSPIRE/outputs/singapore/inference/dep000144/raw_outputs/ami-mini-20250923T205918.jpg,crop_1,nonmoth,Lepidoptera Micros,Tinea pellionella,Noctuidae,Lasiocampa,Lasiocampa trifolii,0.1479035152929349,2.0166666666666666,FALSE
Track_003944,24/09/2025 03:59,24/09/2025 03:59,1,1,/home/users/alyduf25/INSPIRE/outputs/singapore/inference/dep000144/raw_outputs/ami-mini-20250923T205918.jpg,crop_2,nonmoth,Diptera Nematocera,,,,,,0,TRUE
Track_003945,24/09/2025 03:59,24/09/2025 03:59,1,1,/home/users/alyduf25/INSPIRE/outputs/singapore/inference/dep000144/raw_outputs/ami-mini-20250923T205918.jpg,crop_3,nonmoth,Lepidoptera Micros,Ephestiodes infimella,Pieridae,Anthocharis,Anthocharis cardamines,,0,TRUE
Track_003946,24/09/2025 04:01,24/09/2025 04:01,1,1,/home/users/alyduf25/INSPIRE/outputs/singapore/inference/dep000144/raw_outputs/ami-mini-20250923T210119.jpg,crop_2,nonmoth,Diptera Nematocera,,,,,,0,TRUE
Track_003947,24/09/2025 04:03,24/09/2025 04:03,1,1,/home/users/alyduf25/INSPIRE/outputs/singapore/inference/dep000144/raw_outputs/ami-mini-20250923T210320.jpg,crop_1,nonmoth,Diptera Nematocera,,,,,,0,TRUE
Track_003948,24/09/2025 04:03,24/09/2025 04:03,1,1,/home/users/alyduf25/INSPIRE/outputs/singapore/inference/dep000144/raw_outputs/ami-mini-20250923T210320.jpg,crop_2,nonmoth,Diptera Nematocera,,,,,,0,TRUE
Track_003949,24/09/2025 04:03,24/09/2025 04:03,1,1,/home/users/alyduf25/INSPIRE/outputs/singapore/inference/dep000144/raw_outputs/ami-mini-20250923T210320.jpg,crop_3,nonmoth,Diptera Nematocera,,,,,,0,TRUE
Track_003950,24/09/2025 04:05,24/09/2025 04:19,8,8,/home/users/alyduf25/INSPIRE/outputs/singapore/inference/dep000144/raw_outputs/ami-mini-20250923T210521.jpg,crop_1,nonmoth,Lepidoptera Micros,Tineola bisselliella,Noctuidae,Aglossa,Aglossa caprealis,0.234809845,14.116666666666667,FALSE
Track_003951,24/09/2025 04:05,24/09/2025 04:05,1,1,/home/users/alyduf25/INSPIRE/outputs/singapore/inference/dep000144/raw_outputs/ami-mini-20250923T210521.jpg,crop_2,moth,Lepidoptera Micros,Loboschiza koenigiana,Erebidae,Manulea,Manulea complana,,0,TRUE
Track_003952,24/09/2025 04:05,24/09/2025 04:05,1,1,/home/users/alyduf25/INSPIRE/outputs/singapore/inference/dep000144/raw_outputs/ami-mini-20250923T210521.jpg,crop_3,nonmoth,Lepidoptera Micros,Herpetogramma phaeopteralis,Pyralidae,Galleria,Galleria mellonella,,0,TRUE
Track_003953,24/09/2025 04:07,24/09/2025 04:07,1,1,/home/users/alyduf25/INSPIRE/outputs/singapore/inference/dep000144/raw_outputs/ami-mini-20250923T210722.jpg,crop_2,nonmoth,Diptera Nematocera,,,,,,0,TRUE
Track_003954,24/09/2025 04:07,24/09/2025 04:07,1,1,/home/users/alyduf25/INSPIRE/outputs/singapore/inference/dep000144/raw_outputs/ami-mini-20250923T210722.jpg,crop_3,nonmoth,Diptera Brachycera,,,,,,0,TRUE
Track_003955,24/09/2025 04:09,24/09/2025 04:09,1,1,/home/users/alyduf25/INSPIRE/outputs/singapore/inference/dep000144/raw_outputs/ami-mini-20250923T210923.jpg,crop_2,nonmoth,Diptera Nematocera,,,,,,0,TRUE
Track_003956,24/09/2025 04:09,24/09/2025 04:09,1,1,/home/users/alyduf25/INSPIRE/outputs/singapore/inference/dep000144/raw_outputs/ami-mini-20250923T210923.jpg,crop_3,nonmoth,Lepidoptera Micros,Cryptothelea gloverii,Pyralidae,Plodia,Plodia interpunctella,2.2843147063977773,0,TRUE
Track_003957,24/09/2025 04:11,24/09/2025 04:11,1,1,/home/users/alyduf25/INSPIRE/outputs/singapore/inference/dep000144/raw_outputs/ami-mini-20250923T211124.jpg,crop_2,nonmoth,Diptera Nematocera,,,,,,0,TRUE
Track_003958,24/09/2025 04:13,24/09/2025 04:13,1,1,/home/users/alyduf25/INSPIRE/outputs/singapore/inference/dep000144/raw_outputs/ami-mini-20250923T211325.jpg,crop_2,nonmoth,Diptera Nematocera,,,,,,0,TRUE
Track_003959,24/09/2025 04:15,24/09/2025 04:15,1,1,/home/users/alyduf25/INSPIRE/outputs/singapore/inference/dep000144/raw_outputs/ami-mini-20250923T211526.jpg,crop_2,nonmoth,Diptera Nematocera,,,,,,0,TRUE
Track_003960,24/09/2025 04:17,24/09/2025 04:17,1,1,/home/users/alyduf25/INSPIRE/outputs/singapore/inference/dep000144/raw_outputs/ami-mini-20250923T211727.jpg,crop_2,nonmoth,Diptera Nematocera,,,,,,0,TRUE
Track_003961,24/09/2025 04:19,24/09/2025 04:19,1,1,/home/users/alyduf25/INSPIRE/outputs/singapore/inference/dep000144/raw_outputs/ami-mini-20250923T211928.jpg,crop_2,moth,Diptera Nematocera,Ephestiodes infimella,Erebidae,Manulea,Manulea complana,2.085041748488166,0,TRUE
Track_003962,24/09/2025 04:21,24/09/2025 04:21,1,1,/home/users/alyduf25/INSPIRE/outputs/singapore/inference/dep000144/raw_outputs/ami-mini-20250923T212129.jpg,crop_1,nonmoth,Diptera Nematocera,,,,,,0,TRUE
Track_003963,24/09/2025 04:23,24/09/2025 04:23,1,1,/home/users/alyduf25/INSPIRE/outputs/singapore/inference/dep000144/raw_outputs/ami-mini-20250923T212330.jpg,crop_1,nonmoth,Diptera Nematocera,,,,,,0,TRUE
Track_003964,24/09/2025 04:25,24/09/2025 04:25,1,1,/home/users/alyduf25/INSPIRE/outputs/singapore/inference/dep000144/raw_outputs/ami-mini-20250923T212531.jpg,crop_1,nonmoth,Lepidoptera Micros,Cryptothelea gloverii,Noctuidae,Manulea,Manulea complana,,0,TRUE
Track_003965,24/09/2025 04:25,24/09/2025 04:25,1,1,/home/users/alyduf25/INSPIRE/outputs/singapore/inference/dep000144/raw_outputs/ami-mini-20250923T212531.jpg,crop_2,nonmoth,Diptera Nematocera,,,,,,0,TRUE
Track_003966,24/09/2025 04:27,24/09/2025 04:27,1,1,/home/users/alyduf25/INSPIRE/outputs/singapore/inference/dep000144/raw_outputs/ami-mini-20250923T212732.jpg,crop_2,nonmoth,Diptera Nematocera,,,,,,0,TRUE
Track_003967,24/09/2025 04:29,24/09/2025 04:29,1,1,/home/users/alyduf25/INSPIRE/outputs/singapore/inference/dep000144/raw_outputs/ami-mini-20250923T212933.jpg,crop_1,nonmoth,Diptera Nematocera,,,,,,0,TRUE
Track_003968,24/09/2025 04:31,24/09/2025 04:31,1,1,/home/users/alyduf25/INSPIRE/outputs/singapore/inference/dep000144/raw_outputs/ami-mini-20250923T213134.jpg,crop_1,nonmoth,Diptera Nematocera,,,,,,0,TRUE
Track_003969,25/09/2025 19:20,25/09/2025 19:20,1,1,/home/users/alyduf25/INSPIRE/outputs/singapore/inference/dep000144/raw_outputs/ami-mini-20250925T122015.jpg,crop_1,nonmoth,Lepidoptera Micros,Cryptothelea gloverii,Erebidae,Arctornis,Arctornis l-nigrum,,0,TRUE
Track_003970,25/09/2025 19:50,25/09/2025 19:50,1,1,/home/users/alyduf25/INSPIRE/outputs/singapore/inference/dep000144/raw_outputs/ami-mini-20250925T125030.jpg,crop_1,nonmoth,Diptera Nematocera,,,,,,0,TRUE
Track_003971,25/09/2025 19:56,25/09/2025 19:56,1,1,/home/users/alyduf25/INSPIRE/outputs/singapore/inference/dep000144/raw_outputs/ami-mini-20250925T125633.jpg,crop_1,nonmoth,Lepidoptera Micros,Cryptothelea gloverii,Incurvariidae,Incurvaria,Incurvaria luzella,,0,TRUE
Track_003972,25/09/2025 20:00,25/09/2025 20:00,1,1,/home/users/alyduf25/INSPIRE/outputs/singapore/inference/dep000144/raw_outputs/ami-mini-20250925T130035.jpg,crop_1,nonmoth,Lepidoptera Micros,Galleria mellonella,Alucitidae,Alucita,Alucita hexadactyla,,0,TRUE
Track_003973,25/09/2025 20:04,25/09/2025 20:04,1,1,/home/users/alyduf25/INSPIRE/outputs/singapore/inference/dep000144/raw_outputs/ami-mini-20250925T130437.jpg,crop_1,nonmoth,Lepidoptera Macros,Stenoptilodes taprobanes,Argyresthiidae,Argyresthia,Argyresthia spinosella,,0,TRUE
Track_003974,25/09/2025 20:22,25/09/2025 20:22,1,1,/home/users/alyduf25/INSPIRE/outputs/singapore/inference/dep000144/raw_outputs/ami-mini-20250925T132246.jpg,crop_1,nonmoth,Lepidoptera Macros,Sphenarches anisodactylus,Tortricidae,Agonopterix,Agonopterix scopariella,,0,TRUE
Track_003975,25/09/2025 20:26,25/09/2025 20:26,1,1,/home/users/alyduf25/INSPIRE/outputs/singapore/inference/dep000144/raw_outputs/ami-mini-20250925T132648.jpg,crop_1,moth,Lepidoptera Micros,Phereoeca uterella,Tortricidae,Eulia,Eulia ministrana,,0,TRUE
Track_003976,25/09/2025 20:26,25/09/2025 20:26,1,1,/home/users/alyduf25/INSPIRE/outputs/singapore/inference/dep000144/raw_outputs/ami-mini-20250925T132648.jpg,crop_3,nonmoth,Lepidoptera Macros,Exelastis pumilio,Noctuidae,Nudaria,Nudaria mundana,,0,TRUE
Track_003977,25/09/2025 20:28,25/09/2025 20:30,2,2,/home/users/alyduf25/INSPIRE/outputs/singapore/inference/dep000144/raw_outputs/ami-mini-20250925T132849.jpg,crop_1,nonmoth,Lepidoptera Macros,Theretra latreillii,Depressariidae,Agonopterix,Agonopterix ciliella,1.3336713568084893,2.0166666666666666,FALSE
Track_003978,25/09/2025 20:32,25/09/2025 20:32,1,1,/home/users/alyduf25/INSPIRE/outputs/singapore/inference/dep000144/raw_outputs/ami-mini-20250925T133251.jpg,crop_1,nonmoth,Lepidoptera Macros,Theretra latreillii,Sesiidae,Synanthedon,Synanthedon myopaeformis,1.5194087471466753,0,TRUE
Track_003979,25/09/2025 20:34,25/09/2025 20:34,1,1,/home/users/alyduf25/INSPIRE/outputs/singapore/inference/dep000144/raw_outputs/ami-mini-20250925T133452.jpg,crop_1,nonmoth,Lepidoptera Macros,Hippotion celerio,Sesiidae,Synanthedon,Synanthedon myopaeformis,1.5922706827876074,0,TRUE
Track_003980,25/09/2025 20:36,25/09/2025 20:36,1,1,/home/users/alyduf25/INSPIRE/outputs/singapore/inference/dep000144/raw_outputs/ami-mini-20250925T133653.jpg,crop_1,nonmoth,Lepidoptera Macros,Theretra latreillii,Sesiidae,Synanthedon,Synanthedon myopaeformis,1.0924382406280286,0,TRUE
Track_003981,25/09/2025 20:44,25/09/2025 20:46,2,2,/home/users/alyduf25/INSPIRE/outputs/singapore/inference/dep000144/raw_outputs/ami-mini-20250925T134457.jpg,crop_1,nonmoth,Lepidoptera Macros,Theretra latreillii,Sesiidae,Synanthedon,Synanthedon myopaeformis,0.9217039235613432,2.0166666666666666,FALSE
Track_003982,25/09/2025 20:48,25/09/2025 20:48,1,1,/home/users/alyduf25/INSPIRE/outputs/singapore/inference/dep000144/raw_outputs/ami-mini-20250925T134859.jpg,crop_1,nonmoth,Lepidoptera Macros,Theretra latreillii,Geometridae,Epinotia,Maculinea nausithous,1.3938392276313791,0,TRUE
Track_003983,25/09/2025 20:51,25/09/2025 20:51,1,1,/home/users/alyduf25/INSPIRE/outputs/singapore/inference/dep000144/raw_outputs/ami-mini-20250925T135100.jpg,crop_1,moth,Lepidoptera Macros,Trilocha varians,Gelechiidae,Gelechia,Gelechia muscosella,2.699603230743388,0,TRUE
Track_003984,25/09/2025 20:53,25/09/2025 20:53,1,1,/home/users/alyduf25/INSPIRE/outputs/singapore/inference/dep000144/raw_outputs/ami-mini-20250925T135301.jpg,crop_1,nonmoth,Lepidoptera Macros,Hippotion celerio,Tortricidae,Tyria,Tyria jacobaeae,2.5484984171098657,0,TRUE
Track_003985,25/09/2025 20:55,25/09/2025 20:55,1,1,/home/users/alyduf25/INSPIRE/outputs/singapore/inference/dep000144/raw_outputs/ami-mini-20250925T135502.jpg,crop_1,nonmoth,Lepidoptera Macros,Theretra latreillii,Geometridae,Timandra,Timandra comae,1.2710646753624557,0,TRUE
Track_003986,25/09/2025 20:57,25/09/2025 20:57,1,1,/home/users/alyduf25/INSPIRE/outputs/singapore/inference/dep000144/raw_outputs/ami-mini-20250925T135703.jpg,crop_1,nonmoth,Lepidoptera Macros,Trilocha varians,Oecophoridae,Endrosis,Endrosis sarcitrella,1.920872769125073,0,TRUE
Track_003987,25/09/2025 20:59,25/09/2025 20:59,1,1,/home/users/alyduf25/INSPIRE/outputs/singapore/inference/dep000144/raw_outputs/ami-mini-20250925T135904.jpg,crop_1,nonmoth,Lepidoptera Macros,Trilocha varians,Geometridae,Timandra,Timandra comae,2.478429266684516,0,TRUE
Track_003988,25/09/2025 21:01,25/09/2025 21:01,1,1,/home/users/alyduf25/INSPIRE/outputs/singapore/inference/dep000144/raw_outputs/ami-mini-20250925T140105.jpg,crop_1,nonmoth,Lepidoptera Macros,Trilocha varians,Geometridae,Synanthedon,Synanthedon myopaeformis,1.3401693805959107,0,TRUE
Track_003989,25/09/2025 21:03,25/09/2025 21:05,2,2,/home/users/alyduf25/INSPIRE/outputs/singapore/inference/dep000144/raw_outputs/ami-mini-20250925T140306.jpg,crop_1,nonmoth,Lepidoptera Macros,Trilocha varians,Geometridae,Thetidia,Thetidia smaragdaria,0.9690356760737936,2.0166666666666666,FALSE
Track_003990,25/09/2025 21:03,25/09/2025 21:03,1,1,/home/users/alyduf25/INSPIRE/outputs/singapore/inference/dep000144/raw_outputs/ami-mini-20250925T140306.jpg,crop_3,moth,Lepidoptera Macros,Trilocha varians,Noctuidae,Hecatera,Hecatera dysodea,2.388668497294216,0,TRUE
Track_003991,25/09/2025 21:07,25/09/2025 21:11,3,3,/home/users/alyduf25/INSPIRE/outputs/singapore/inference/dep000144/raw_outputs/ami-mini-20250925T140708.jpg,crop_1,nonmoth,Lepidoptera Macros,Theretra nessus,Lycaenidae,Maculinea,Maculinea nausithous,1.1266204868468666,4.033333333333333,FALSE
Track_003992,25/09/2025 21:13,25/09/2025 21:13,1,1,/home/users/alyduf25/INSPIRE/outputs/singapore/inference/dep000144/raw_outputs/ami-mini-20250925T141311.jpg,crop_1,nonmoth,Lepidoptera Macros,Lyssa zampa,Geometridae,Xanthorhoe,Xanthorhoe ferrugata,1.4521345429738102,0,TRUE
Track_003993,25/09/2025 21:15,25/09/2025 21:15,1,1,/home/users/alyduf25/INSPIRE/outputs/singapore/inference/dep000144/raw_outputs/ami-mini-20250925T141512.jpg,crop_1,nonmoth,Lepidoptera Macros,Hippotion celerio,Depressariidae,Agonopterix,Agonopterix ciliella,1.0259922363549376,0,TRUE
Track_003994,25/09/2025 21:17,25/09/2025 21:17,1,1,/home/users/alyduf25/INSPIRE/outputs/singapore/inference/dep000144/raw_outputs/ami-mini-20250925T141713.jpg,crop_1,nonmoth,Lepidoptera Macros,Macroglossum corythus,Nymphalidae,Erebia,Erebia meolans,2.075748132801792,0,TRUE
Track_003995,25/09/2025 21:19,25/09/2025 21:25,4,4,/home/users/alyduf25/INSPIRE/outputs/singapore/inference/dep000144/raw_outputs/ami-mini-20250925T141914.jpg,crop_1,nonmoth,Lepidoptera Macros,Trilocha varians,Lycaenidae,Maculinea,Maculinea nausithous,0.8914849454576135,6.05,FALSE
Track_003996,25/09/2025 21:27,25/09/2025 21:27,1,1,/home/users/alyduf25/INSPIRE/outputs/singapore/inference/dep000144/raw_outputs/ami-mini-20250925T142718.jpg,crop_1,nonmoth,Lepidoptera Macros,Hippotion rosetta,Geometridae,Synanthedon,Synanthedon myopaeformis,1.691559890476812,0,TRUE
Track_003997,25/09/2025 21:33,25/09/2025 21:35,2,2,/home/users/alyduf25/INSPIRE/outputs/singapore/inference/dep000144/raw_outputs/ami-mini-20250925T143321.jpg,crop_1,nonmoth,Lepidoptera Macros,Theretra latreillii,Sesiidae,Synanthedon,Synanthedon myopaeformis,0.5368527818064825,2.0166666666666666,FALSE
Track_003998,25/09/2025 21:39,25/09/2025 21:39,1,1,/home/users/alyduf25/INSPIRE/outputs/singapore/inference/dep000144/raw_outputs/ami-mini-20250925T143924.jpg,crop_1,nonmoth,Lepidoptera Macros,Hyposidra talaca,Noctuidae,Anthocharis,Anthocharis cardamines,,0,TRUE
Track_003999,25/09/2025 21:41,25/09/2025 21:41,1,1,/home/users/alyduf25/INSPIRE/outputs/singapore/inference/dep000144/raw_outputs/ami-mini-20250925T144125.jpg,crop_1,nonmoth,Lepidoptera Macros,Theretra latreillii,Geometridae,Epinotia,Agonopterix ciliella,1.754451350517785,0,TRUE
Track_004000,25/09/2025 21:43,25/09/2025 21:43,1,1,/home/users/alyduf25/INSPIRE/outputs/singapore/inference/dep000144/raw_outputs/ami-mini-20250925T144326.jpg,crop_1,nonmoth,Lepidoptera Macros,Hyposidra talaca,Tortricidae,Epinotia,Epinotia signatana,1.0786177480448955,0,TRUE
Track_004001,25/09/2025 21:43,25/09/2025 21:43,1,1,/home/users/alyduf25/INSPIRE/outputs/singapore/inference/dep000144/raw_outputs/ami-mini-20250925T144326.jpg,crop_2,moth,Lepidoptera Macros,Trilocha varians,Pyralidae,Aglossa,Aglossa caprealis,2.4732852629509723,0,TRUE
Track_004002,25/09/2025 21:45,25/09/2025 21:45,1,1,/home/users/alyduf25/INSPIRE/outputs/singapore/inference/dep000144/raw_outputs/ami-mini-20250925T144527.jpg,crop_1,nonmoth,Lepidoptera Macros,Hippotion celerio,Sesiidae,Synanthedon,Synanthedon myopaeformis,1.3018091299766874,0,TRUE
Track_004003,25/09/2025 21:51,25/09/2025 21:53,2,2,/home/users/alyduf25/INSPIRE/outputs/singapore/inference/dep000144/raw_outputs/ami-mini-20250925T145130.jpg,crop_1,nonmoth,Lepidoptera Macros,Trilocha varians,Sesiidae,Synanthedon,Synanthedon myopaeformis,0.6375375618778361,2.0166666666666666,FALSE
Track_004004,25/09/2025 21:55,25/09/2025 21:59,3,3,/home/users/alyduf25/INSPIRE/outputs/singapore/inference/dep000144/raw_outputs/ami-mini-20250925T145532.jpg,crop_1,nonmoth,Lepidoptera Macros,Hippotion celerio,Pterophoridae,Amblyptilia,Amblyptilia acanthadactyla,0.8461052483121284,4.033333333333333,FALSE
Track_004005,25/09/2025 22:01,25/09/2025 22:05,3,3,/home/users/alyduf25/INSPIRE/outputs/singapore/inference/dep000144/raw_outputs/ami-mini-20250925T150135.jpg,crop_1,nonmoth,Lepidoptera Macros,Hyposidra talaca,Geometridae,Synanthedon,Synanthedon myopaeformis,0.7510402030206279,4.033333333333333,FALSE
Track_004006,25/09/2025 22:07,25/09/2025 22:11,3,3,/home/users/alyduf25/INSPIRE/outputs/singapore/inference/dep000144/raw_outputs/ami-mini-20250925T150738.jpg,crop_1,nonmoth,Lepidoptera Macros,Hippotion celerio,Tortricidae,Epinotia,Maculinea nausithous,0.962015288,4.033333333333333,FALSE
Track_004007,25/09/2025 22:11,25/09/2025 22:11,1,1,/home/users/alyduf25/INSPIRE/outputs/singapore/inference/dep000144/raw_outputs/ami-mini-20250925T151140.jpg,crop_2,moth,Lepidoptera Micros,Plodia interpunctella,Pyralidae,Plodia,Plodia interpunctella,3.0757478951303643,0,TRUE
Track_004008,25/09/2025 22:13,25/09/2025 22:13,1,1,/home/users/alyduf25/INSPIRE/outputs/singapore/inference/dep000144/raw_outputs/ami-mini-20250925T151341.jpg,crop_1,nonmoth,Lepidoptera Macros,Hippotion celerio,Geometridae,Synanthedon,Synanthedon myopaeformis,1.5313132660820463,0,TRUE
Track_004009,25/09/2025 22:15,25/09/2025 22:15,1,1,/home/users/alyduf25/INSPIRE/outputs/singapore/inference/dep000144/raw_outputs/ami-mini-20250925T151542.jpg,crop_1,nonmoth,Lepidoptera Macros,Hippotion celerio,Tortricidae,Epiblema,Epiblema aquana,2.5974894520468723,0,TRUE
Track_004010,25/09/2025 22:17,25/09/2025 22:19,2,2,/home/users/alyduf25/INSPIRE/outputs/singapore/inference/dep000144/raw_outputs/ami-mini-20250925T151743.jpg,crop_1,nonmoth,Lepidoptera Macros,Exelastis pumilio,Geometridae,Thetidia,Thetidia smaragdaria,1.5488596857003878,2.0166666666666666,FALSE
Track_004011,25/09/2025 22:21,25/09/2025 22:21,1,1,/home/users/alyduf25/INSPIRE/outputs/singapore/inference/dep000144/raw_outputs/ami-mini-20250925T152145.jpg,crop_1,nonmoth,Lepidoptera Macros,Daphnis nerii,Geometridae,Thetidia,Thetidia smaragdaria,1.103396507625835,0,TRUE
Track_004012,25/09/2025 22:23,25/09/2025 22:23,1,1,/home/users/alyduf25/INSPIRE/outputs/singapore/inference/dep000144/raw_outputs/ami-mini-20250925T152346.jpg,crop_1,nonmoth,Lepidoptera Macros,Exelastis pumilio,Sesiidae,Synanthedon,Synanthedon myopaeformis,1.037687931436698,0,TRUE
Track_004013,25/09/2025 22:23,25/09/2025 22:23,1,1,/home/users/alyduf25/INSPIRE/outputs/singapore/inference/dep000144/raw_outputs/ami-mini-20250925T152346.jpg,crop_2,nonmoth,Lepidoptera Micros,Phereoeca uterella,Pyralidae,Plodia,Plodia interpunctella,3.109806433434512,0,TRUE
Track_004014,25/09/2025 22:23,25/09/2025 22:23,1,1,/home/users/alyduf25/INSPIRE/outputs/singapore/inference/dep000144/raw_outputs/ami-mini-20250925T152346.jpg,crop_3,moth,Lepidoptera Macros,Hyposidra talaca,Geometridae,Manulea,Manulea complana,2.545981297367226,0,TRUE
Track_004015,25/09/2025 22:27,25/09/2025 22:27,1,1,/home/users/alyduf25/INSPIRE/outputs/singapore/inference/dep000144/raw_outputs/ami-mini-20250925T152748.jpg,crop_1,nonmoth,Lepidoptera Macros,Attacus atlas,Geometridae,Triodia,Triodia sylvina,,0,TRUE
Track_004016,25/09/2025 22:29,25/09/2025 22:29,1,1,/home/users/alyduf25/INSPIRE/outputs/singapore/inference/dep000144/raw_outputs/ami-mini-20250925T152949.jpg,crop_1,nonmoth,Lepidoptera Macros,Trilocha varians,Geometridae,Epinotia,Antheraea yamamai,1.1386611745058215,0,TRUE
Track_004017,25/09/2025 22:31,25/09/2025 22:31,1,1,/home/users/alyduf25/INSPIRE/outputs/singapore/inference/dep000144/raw_outputs/ami-mini-20250925T153150.jpg,crop_1,nonmoth,Lepidoptera Macros,Sphenarches anisodactylus,Tortricidae,Epinotia,Synanthedon myopaeformis,1.2288054837581095,0,TRUE
Track_004018,25/09/2025 22:35,25/09/2025 22:35,1,1,/home/users/alyduf25/INSPIRE/outputs/singapore/inference/dep000144/raw_outputs/ami-mini-20250925T153552.jpg,crop_1,nonmoth,Lepidoptera Macros,Exelastis pumilio,Geometridae,Timandra,Timandra comae,,0,TRUE
Track_004019,25/09/2025 22:37,25/09/2025 22:39,2,2,/home/users/alyduf25/INSPIRE/outputs/singapore/inference/dep000144/raw_outputs/ami-mini-20250925T153753.jpg,crop_1,nonmoth,Lepidoptera Macros,Hyposidra talaca,Sesiidae,Synanthedon,Synanthedon myopaeformis,1.147909505538622,2.0166666666666666,FALSE
Track_004020,25/09/2025 22:41,25/09/2025 22:41,1,1,/home/users/alyduf25/INSPIRE/outputs/singapore/inference/dep000144/raw_outputs/ami-mini-20250925T154155.jpg,crop_1,nonmoth,Lepidoptera Macros,Hippotion celerio,Hepialidae,Triodia,Triodia sylvina,1.3042229765801818,0,TRUE
Track_004021,25/09/2025 22:43,25/09/2025 22:47,3,3,/home/users/alyduf25/INSPIRE/outputs/singapore/inference/dep000144/raw_outputs/ami-mini-20250925T154356.jpg,crop_1,nonmoth,Lepidoptera Macros,Daphnis nerii,Sesiidae,Synanthedon,Synanthedon myopaeformis,0.8420136433555453,4.033333333333333,FALSE
Track_004022,25/09/2025 22:49,25/09/2025 22:49,1,1,/home/users/alyduf25/INSPIRE/outputs/singapore/inference/dep000144/raw_outputs/ami-mini-20250925T154959.jpg,crop_1,nonmoth,Lepidoptera Macros,Trilocha varians,Geometridae,Timandra,Timandra comae,1.1405865643737578,0,TRUE
Track_004023,25/09/2025 22:52,25/09/2025 22:52,1,1,/home/users/alyduf25/INSPIRE/outputs/singapore/inference/dep000144/raw_outputs/ami-mini-20250925T155200.jpg,crop_1,nonmoth,Diptera Nematocera,,,,,,0,TRUE
Track_004024,25/09/2025 22:52,25/09/2025 22:54,2,2,/home/users/alyduf25/INSPIRE/outputs/singapore/inference/dep000144/raw_outputs/ami-mini-20250925T155200.jpg,crop_2,nonmoth,Lepidoptera Macros,Hippotion rosetta,Depressariidae,Agonopterix,Agonopterix ciliella,0.9339840377281508,2.0166666666666666,FALSE
Track_004025,25/09/2025 22:54,25/09/2025 22:54,1,1,/home/users/alyduf25/INSPIRE/outputs/singapore/inference/dep000144/raw_outputs/ami-mini-20250925T155401.jpg,crop_2,nonmoth,Diptera Nematocera,,,,,,0,TRUE
Track_004026,25/09/2025 22:58,25/09/2025 22:58,1,1,/home/users/alyduf25/INSPIRE/outputs/singapore/inference/dep000144/raw_outputs/ami-mini-20250925T155803.jpg,crop_1,nonmoth,Lepidoptera Macros,Hippotion celerio,Geometridae,Epinotia,Timandra comae,,0,TRUE
Track_004027,25/09/2025 23:02,25/09/2025 23:02,1,1,/home/users/alyduf25/INSPIRE/outputs/singapore/inference/dep000144/raw_outputs/ami-mini-20250925T160205.jpg,crop_1,nonmoth,Lepidoptera Macros,Hippotion celerio,Noctuidae,Conistra,Conistra rubiginosa,,0,TRUE
Track_004028,25/09/2025 23:04,25/09/2025 23:08,3,3,/home/users/alyduf25/INSPIRE/outputs/singapore/inference/dep000144/raw_outputs/ami-mini-20250925T160406.jpg,crop_1,nonmoth,Lepidoptera Macros,Hyposidra talaca,Geometridae,Synanthedon,Synanthedon myopaeformis,1.170632153242008,4.033333333333333,FALSE
Track_004029,25/09/2025 23:10,25/09/2025 23:10,1,1,/home/users/alyduf25/INSPIRE/outputs/singapore/inference/dep000144/raw_outputs/ami-mini-20250925T161009.jpg,crop_1,nonmoth,Lepidoptera Macros,Hippotion celerio,Sesiidae,Synanthedon,Synanthedon myopaeformis,1.0870191172012464,0,TRUE
Track_004030,25/09/2025 23:14,25/09/2025 23:14,1,1,/home/users/alyduf25/INSPIRE/outputs/singapore/inference/dep000144/raw_outputs/ami-mini-20250925T161411.jpg,crop_1,nonmoth,Lepidoptera Macros,Daphnis nerii,Crambidae,Anania,Anania hortulata,,0,TRUE
Track_004031,25/09/2025 23:16,25/09/2025 23:16,1,1,/home/users/alyduf25/INSPIRE/outputs/singapore/inference/dep000144/raw_outputs/ami-mini-20250925T161612.jpg,crop_1,nonmoth,Lepidoptera Macros,Hippotion rosetta,Depressariidae,Agonopterix,Agonopterix ciliella,1.591298426204687,0,TRUE
Track_004032,25/09/2025 23:18,25/09/2025 23:18,1,1,/home/users/alyduf25/INSPIRE/outputs/singapore/inference/dep000144/raw_outputs/ami-mini-20250925T161813.jpg,crop_1,nonmoth,Lepidoptera Macros,Hippotion celerio,Sesiidae,Synanthedon,Synanthedon myopaeformis,1.3144451418653147,0,TRUE
Track_004033,25/09/2025 23:18,25/09/2025 23:18,1,1,/home/users/alyduf25/INSPIRE/outputs/singapore/inference/dep000144/raw_outputs/ami-mini-20250925T161813.jpg,crop_2,moth,Lepidoptera Macros,Hyposidra talaca,Pieridae,Gonepteryx,Gonepteryx rhamni,2.405592997659487,0,TRUE
Track_004034,25/09/2025 23:20,25/09/2025 23:20,1,1,/home/users/alyduf25/INSPIRE/outputs/singapore/inference/dep000144/raw_outputs/ami-mini-20250925T162014.jpg,crop_1,nonmoth,Lepidoptera Macros,Hippotion celerio,Lycaenidae,Maculinea,Maculinea nausithous,1.2218728831733272,0,TRUE
Track_004035,25/09/2025 23:24,25/09/2025 23:24,1,1,/home/users/alyduf25/INSPIRE/outputs/singapore/inference/dep000144/raw_outputs/ami-mini-20250925T162416.jpg,crop_1,nonmoth,Lepidoptera Macros,Hyposidra talaca,Geometridae,Idaea,Idaea rusticata,,0,TRUE
Track_004036,25/09/2025 23:26,25/09/2025 23:26,1,1,/home/users/alyduf25/INSPIRE/outputs/singapore/inference/dep000144/raw_outputs/ami-mini-20250925T162617.jpg,crop_1,nonmoth,Lepidoptera Macros,Hippotion celerio,Geometridae,Malacosoma,Thetidia smaragdaria,1.602294658906486,0,TRUE
Track_004037,25/09/2025 23:28,25/09/2025 23:28,1,1,/home/users/alyduf25/INSPIRE/outputs/singapore/inference/dep000144/raw_outputs/ami-mini-20250925T162818.jpg,crop_1,nonmoth,Lepidoptera Macros,Exelastis pumilio,Geometridae,Thetidia,Thetidia smaragdaria,1.5358838872219442,0,TRUE
Track_004038,25/09/2025 23:30,25/09/2025 23:30,1,1,/home/users/alyduf25/INSPIRE/outputs/singapore/inference/dep000144/raw_outputs/ami-mini-20250925T163019.jpg,crop_1,nonmoth,Lepidoptera Macros,Hippotion celerio,Noctuidae,Synanthedon,Synanthedon myopaeformis,1.6090177934494665,0,TRUE
Track_004039,25/09/2025 23:34,25/09/2025 23:34,1,1,/home/users/alyduf25/INSPIRE/outputs/singapore/inference/dep000144/raw_outputs/ami-mini-20250925T163421.jpg,crop_2,nonmoth,Lepidoptera Macros,Hyposidra talaca,Lycaenidae,Maculinea,Maculinea nausithous,,0,TRUE
Track_004040,25/09/2025 23:36,25/09/2025 23:40,3,3,/home/users/alyduf25/INSPIRE/outputs/singapore/inference/dep000144/raw_outputs/ami-mini-20250925T163622.jpg,crop_1,nonmoth,Lepidoptera Macros,Hippotion celerio,Geometridae,Idaea,Idaea pallidata,0.8959651191100836,4.033333333333333,FALSE
Track_004041,25/09/2025 23:44,25/09/2025 23:44,1,1,/home/users/alyduf25/INSPIRE/outputs/singapore/inference/dep000144/raw_outputs/ami-mini-20250925T164426.jpg,crop_1,nonmoth,Lepidoptera Macros,Exelastis pumilio,Pyralidae,Plodia,Plodia interpunctella,,0,TRUE
Track_004042,25/09/2025 23:46,25/09/2025 23:46,1,1,/home/users/alyduf25/INSPIRE/outputs/singapore/inference/dep000144/raw_outputs/ami-mini-20250925T164627.jpg,crop_1,nonmoth,Lepidoptera Macros,Theretra latreillii,Tortricidae,Notocelia,Notocelia rosaecolana,1.1691465401341528,0,TRUE
Track_004043,25/09/2025 23:48,25/09/2025 23:48,1,1,/home/users/alyduf25/INSPIRE/outputs/singapore/inference/dep000144/raw_outputs/ami-mini-20250925T164828.jpg,crop_1,nonmoth,Lepidoptera Macros,Theretra latreillii,Geometridae,Thetidia,Thetidia smaragdaria,1.913225168569336,0,TRUE
Track_004044,25/09/2025 23:50,25/09/2025 23:50,1,1,/home/users/alyduf25/INSPIRE/outputs/singapore/inference/dep000144/raw_outputs/ami-mini-20250925T165029.jpg,crop_1,nonmoth,Lepidoptera Macros,Hippotion celerio,Geometridae,Maculinea,Maculinea nausithous,1.5762434636959677,0,TRUE
Track_004045,25/09/2025 23:52,25/09/2025 23:52,1,1,/home/users/alyduf25/INSPIRE/outputs/singapore/inference/dep000144/raw_outputs/ami-mini-20250925T165230.jpg,crop_1,nonmoth,Lepidoptera Macros,Exelastis pumilio,Geometridae,Thetidia,Thetidia smaragdaria,1.3350310351910857,0,TRUE
Track_004046,25/09/2025 23:54,25/09/2025 23:54,1,1,/home/users/alyduf25/INSPIRE/outputs/singapore/inference/dep000144/raw_outputs/ami-mini-20250925T165431.jpg,crop_1,nonmoth,Lepidoptera Macros,Hippotion celerio,Sesiidae,Synanthedon,Synanthedon myopaeformis,1.0875328365667734,0,TRUE
Track_004047,26/09/2025 00:06,26/09/2025 00:06,1,1,/home/users/alyduf25/INSPIRE/outputs/singapore/inference/dep000144/raw_outputs/ami-mini-20250925T170637.jpg,crop_1,nonmoth,Lepidoptera Macros,Hippotion celerio,Noctuidae,Brachylomia,Brachylomia viminalis,,0,TRUE
Track_004048,26/09/2025 00:10,26/09/2025 00:10,1,1,/home/users/alyduf25/INSPIRE/outputs/singapore/inference/dep000144/raw_outputs/ami-mini-20250925T171039.jpg,crop_1,nonmoth,Lepidoptera Macros,Hippotion celerio,Noctuidae,Conistra,Conistra rubiginosa,,0,TRUE
Track_004049,26/09/2025 00:14,26/09/2025 00:16,2,2,/home/users/alyduf25/INSPIRE/outputs/singapore/inference/dep000144/raw_outputs/ami-mini-20250925T171441.jpg,crop_1,nonmoth,Lepidoptera Macros,Hippotion celerio,Lasiocampidae,Malacosoma,Malacosoma castrense,0.2743164688208838,2.0166666666666666,FALSE
Track_004050,26/09/2025 00:18,26/09/2025 00:18,1,1,/home/users/alyduf25/INSPIRE/outputs/singapore/inference/dep000144/raw_outputs/ami-mini-20250925T171843.jpg,crop_1,nonmoth,Lepidoptera Macros,Theretra latreillii,Noctuidae,Cameraria,Cameraria ohridella,1.5973137812725766,0,TRUE
Track_004051,26/09/2025 00:20,26/09/2025 00:20,1,1,/home/users/alyduf25/INSPIRE/outputs/singapore/inference/dep000144/raw_outputs/ami-mini-20250925T172044.jpg,crop_1,nonmoth,Lepidoptera Macros,Theretra latreillii,Sesiidae,Synanthedon,Synanthedon myopaeformis,1.4622720557127236,0,TRUE
Track_004052,26/09/2025 00:22,26/09/2025 00:22,1,1,/home/users/alyduf25/INSPIRE/outputs/singapore/inference/dep000144/raw_outputs/ami-mini-20250925T172245.jpg,crop_1,nonmoth,Lepidoptera Macros,Exelastis pumilio,Depressariidae,Agonopterix,Agonopterix ciliella,1.4496473990270409,0,TRUE
Track_004053,26/09/2025 00:24,26/09/2025 00:24,1,1,/home/users/alyduf25/INSPIRE/outputs/singapore/inference/dep000144/raw_outputs/ami-mini-20250925T172446.jpg,crop_1,nonmoth,Lepidoptera Macros,Trilocha varians,Sesiidae,Synanthedon,Synanthedon myopaeformis,1.286403292262697,0,TRUE
Track_004054,26/09/2025 00:26,26/09/2025 00:26,1,1,/home/users/alyduf25/INSPIRE/outputs/singapore/inference/dep000144/raw_outputs/ami-mini-20250925T172647.jpg,crop_1,nonmoth,Lepidoptera Macros,Attacus atlas,Geometridae,Maculinea,Maculinea nausithous,1.7118911080710784,0,TRUE
Track_004055,26/09/2025 00:28,26/09/2025 00:28,1,1,/home/users/alyduf25/INSPIRE/outputs/singapore/inference/dep000144/raw_outputs/ami-mini-20250925T172848.jpg,crop_1,nonmoth,Lepidoptera Macros,Attacus atlas,Geometridae,Timandra,Timandra comae,1.0892030429390864,0,TRUE
Track_004056,26/09/2025 00:34,26/09/2025 00:34,1,1,/home/users/alyduf25/INSPIRE/outputs/singapore/inference/dep000144/raw_outputs/ami-mini-20250925T173451.jpg,crop_1,nonmoth,Lepidoptera Macros,Hyposidra talaca,Sesiidae,Synanthedon,Synanthedon myopaeformis,,0,TRUE
Track_004057,26/09/2025 00:40,26/09/2025 00:40,1,1,/home/users/alyduf25/INSPIRE/outputs/singapore/inference/dep000144/raw_outputs/ami-mini-20250925T174054.jpg,crop_1,nonmoth,Lepidoptera Micros,Tinea pellionella,Pyralidae,Plodia,Plodia interpunctella,,0,TRUE
Track_004058,26/09/2025 00:44,26/09/2025 00:46,2,2,/home/users/alyduf25/INSPIRE/outputs/singapore/inference/dep000144/raw_outputs/ami-mini-20250925T174456.jpg,crop_1,nonmoth,Lepidoptera Macros,Attacus atlas,Hepialidae,Triodia,Triodia sylvina,0.5313036551980302,2.0166666666666666,FALSE
Track_004059,26/09/2025 00:48,26/09/2025 00:53,3,3,/home/users/alyduf25/INSPIRE/outputs/singapore/inference/dep000144/raw_outputs/ami-mini-20250925T174858.jpg,crop_1,nonmoth,Lepidoptera Macros,Theretra latreillii,Noctuidae,Conistra,Conistra rubiginosa,0.9125768338472584,4.033333333333333,FALSE
Track_004060,26/09/2025 00:55,26/09/2025 00:57,2,2,/home/users/alyduf25/INSPIRE/outputs/singapore/inference/dep000144/raw_outputs/ami-mini-20250925T175501.jpg,crop_1,nonmoth,Lepidoptera Macros,Hippotion celerio,Lasiocampidae,Malacosoma,Malacosoma castrense,0.629260462,2.0166666666666666,FALSE
Track_004061,26/09/2025 00:59,26/09/2025 00:59,1,1,/home/users/alyduf25/INSPIRE/outputs/singapore/inference/dep000144/raw_outputs/ami-mini-20250925T175903.jpg,crop_1,nonmoth,Lepidoptera Macros,Trilocha varians,Geometridae,Agonopterix,Agonopterix ciliella,1.687767023626467,0,TRUE
Track_004062,26/09/2025 01:01,26/09/2025 01:01,1,1,/home/users/alyduf25/INSPIRE/outputs/singapore/inference/dep000144/raw_outputs/ami-mini-20250925T180104.jpg,crop_1,nonmoth,Lepidoptera Macros,Trilocha varians,Geometridae,Epinotia,Epinotia crenana,1.0936569767186666,0,TRUE
Track_004063,26/09/2025 01:03,26/09/2025 01:03,1,1,/home/users/alyduf25/INSPIRE/outputs/singapore/inference/dep000144/raw_outputs/ami-mini-20250925T180305.jpg,crop_1,nonmoth,Lepidoptera Macros,Hippotion celerio,Lasiocampidae,Malacosoma,Malacosoma castrense,1.2077630785880145,0,TRUE
Track_004064,26/09/2025 01:05,26/09/2025 01:05,1,1,/home/users/alyduf25/INSPIRE/outputs/singapore/inference/dep000144/raw_outputs/ami-mini-20250925T180506.jpg,crop_1,nonmoth,Lepidoptera Macros,Theretra latreillii,Coleophoridae,Coleophora,Coleophora discordella,1.2750380121926757,0,TRUE
Track_004065,26/09/2025 01:07,26/09/2025 01:09,2,2,/home/users/alyduf25/INSPIRE/outputs/singapore/inference/dep000144/raw_outputs/ami-mini-20250925T180707.jpg,crop_1,nonmoth,Lepidoptera Macros,Theretra latreillii,Geometridae,Timandra,Timandra comae,1.175915647989505,2.0166666666666666,FALSE
Track_004066,26/09/2025 01:11,26/09/2025 01:11,1,1,/home/users/alyduf25/INSPIRE/outputs/singapore/inference/dep000144/raw_outputs/ami-mini-20250925T181109.jpg,crop_1,nonmoth,Lepidoptera Macros,Hyposidra talaca,Crambidae,Udea,Udea decrepitalis,1.5231237743298756,0,TRUE
Track_004067,26/09/2025 01:11,26/09/2025 01:11,1,1,/home/users/alyduf25/INSPIRE/outputs/singapore/inference/dep000144/raw_outputs/ami-mini-20250925T181109.jpg,crop_2,moth,Diptera Nematocera,Phereoeca uterella,Noctuidae,Manulea,Manulea complana,2.8665820227949825,0,TRUE
Track_004068,26/09/2025 01:15,26/09/2025 01:21,4,4,/home/users/alyduf25/INSPIRE/outputs/singapore/inference/dep000144/raw_outputs/ami-mini-20250925T181511.jpg,crop_1,nonmoth,Lepidoptera Macros,Hippotion celerio,Depressariidae,Agonopterix,Agonopterix ciliella,0.8396492725734994,6.05,FALSE
Track_004069,26/09/2025 01:23,26/09/2025 01:23,1,1,/home/users/alyduf25/INSPIRE/outputs/singapore/inference/dep000144/raw_outputs/ami-mini-20250925T182315.jpg,crop_1,nonmoth,Lepidoptera Macros,Hippotion celerio,Geometridae,Plodia,Plodia interpunctella,1.6229267771646982,0,TRUE
Track_004070,26/09/2025 01:23,26/09/2025 01:23,1,1,/home/users/alyduf25/INSPIRE/outputs/singapore/inference/dep000144/raw_outputs/ami-mini-20250925T182315.jpg,crop_2,nonmoth,Diptera Nematocera,,,,,,0,TRUE
Track_004071,26/09/2025 01:27,26/09/2025 01:27,1,1,/home/users/alyduf25/INSPIRE/outputs/singapore/inference/dep000144/raw_outputs/ami-mini-20250925T182717.jpg,crop_1,nonmoth,Lepidoptera Macros,Hippotion celerio,Notodontidae,Odontosia,Odontosia sieversii,,0,TRUE
Track_004072,26/09/2025 01:31,26/09/2025 01:33,2,2,/home/users/alyduf25/INSPIRE/outputs/singapore/inference/dep000144/raw_outputs/ami-mini-20250925T183119.jpg,crop_1,moth,Lepidoptera Micros,Ephestiodes infimella,Hepialidae,Triodia,Triodia sylvina,0.2467203873839393,2.0166666666666666,FALSE
Track_004073,26/09/2025 01:35,26/09/2025 01:35,1,1,/home/users/alyduf25/INSPIRE/outputs/singapore/inference/dep000144/raw_outputs/ami-mini-20250925T183521.jpg,crop_1,nonmoth,Lepidoptera Macros,Hippotion rosetta,Geometridae,Synanthedon,Synanthedon myopaeformis,2.679761478603138,0,TRUE
Track_004074,26/09/2025 01:37,26/09/2025 01:41,3,3,/home/users/alyduf25/INSPIRE/outputs/singapore/inference/dep000144/raw_outputs/ami-mini-20250925T183722.jpg,crop_1,nonmoth,Lepidoptera Macros,Hippotion rosetta,Geometridae,Abraxas,Abraxas sylvata,1.039914038255248,4.033333333333333,FALSE
Track_004075,26/09/2025 01:47,26/09/2025 01:47,1,1,/home/users/alyduf25/INSPIRE/outputs/singapore/inference/dep000144/raw_outputs/ami-mini-20250925T184727.jpg,crop_1,nonmoth,Lepidoptera Macros,Hippotion celerio,Geometridae,Thetidia,Thetidia smaragdaria,,0,TRUE
Track_004076,26/09/2025 01:49,26/09/2025 01:49,1,1,/home/users/alyduf25/INSPIRE/outputs/singapore/inference/dep000144/raw_outputs/ami-mini-20250925T184928.jpg,crop_1,nonmoth,Lepidoptera Macros,Daphnis nerii,Sesiidae,Synanthedon,Synanthedon myopaeformis,1.1499078524535995,0,TRUE
Track_004077,26/09/2025 01:51,26/09/2025 01:53,2,2,/home/users/alyduf25/INSPIRE/outputs/singapore/inference/dep000144/raw_outputs/ami-mini-20250925T185129.jpg,crop_1,nonmoth,Lepidoptera Macros,Lyssa zampa,Meessiidae,Stenoptinea,Stenoptinea cyaneimarmorella,1.0596267009282967,2.0166666666666666,FALSE
Track_004078,26/09/2025 01:59,26/09/2025 01:59,1,1,/home/users/alyduf25/INSPIRE/outputs/singapore/inference/dep000144/raw_outputs/ami-mini-20250925T185933.jpg,crop_1,nonmoth,Lepidoptera Macros,Theretra latreillii,Geometridae,Idaea,Idaea contiguaria,,0,TRUE
Track_004079,26/09/2025 02:03,26/09/2025 02:03,1,1,/home/users/alyduf25/INSPIRE/outputs/singapore/inference/dep000144/raw_outputs/ami-mini-20250925T190335.jpg,crop_1,nonmoth,Lepidoptera Macros,Hippotion celerio,Lycaenidae,Lycaena,Lycaena alciphron,,0,TRUE
Track_004080,26/09/2025 02:05,26/09/2025 02:05,1,1,/home/users/alyduf25/INSPIRE/outputs/singapore/inference/dep000144/raw_outputs/ami-mini-20250925T190536.jpg,crop_1,nonmoth,Lepidoptera Macros,Hippotion celerio,Geometridae,Alsophila,Alsophila aescularia,2.2350553276878005,0,TRUE
Track_004081,26/09/2025 02:07,26/09/2025 02:07,1,1,/home/users/alyduf25/INSPIRE/outputs/singapore/inference/dep000144/raw_outputs/ami-mini-20250925T190737.jpg,crop_1,nonmoth,Lepidoptera Macros,Hippotion celerio,Noctuidae,Lithophane,Lithophane lamda,1.978302695998984,0,TRUE
Track_004082,26/09/2025 02:11,26/09/2025 02:11,1,1,/home/users/alyduf25/INSPIRE/outputs/singapore/inference/dep000144/raw_outputs/ami-mini-20250925T191139.jpg,crop_1,nonmoth,Lepidoptera Macros,Pergesa acteus,Pyralidae,Pyralis,Pyralis cardinalis,,0,TRUE
Track_004083,26/09/2025 02:13,26/09/2025 02:13,1,1,/home/users/alyduf25/INSPIRE/outputs/singapore/inference/dep000144/raw_outputs/ami-mini-20250925T191340.jpg,crop_1,moth,Diptera Nematocera,Achaea janata,Tortricidae,Acleris,Acleris aspersana,2.789339311022156,0,TRUE
Track_004084,26/09/2025 02:13,26/09/2025 02:13,1,1,/home/users/alyduf25/INSPIRE/outputs/singapore/inference/dep000144/raw_outputs/ami-mini-20250925T191340.jpg,crop_2,nonmoth,Lepidoptera Macros,Hippotion celerio,Pieridae,Anthocharis,Anthocharis cardamines,2.050806151551403,0,TRUE
Track_004085,26/09/2025 02:15,26/09/2025 02:15,1,1,/home/users/alyduf25/INSPIRE/outputs/singapore/inference/dep000144/raw_outputs/ami-mini-20250925T191541.jpg,crop_1,nonmoth,Lepidoptera Macros,Neogurelca hyas,Geometridae,Ecliptopera,Ecliptopera capitata,1.8068776139110887,0,TRUE
Track_004086,26/09/2025 02:15,26/09/2025 02:15,1,1,/home/users/alyduf25/INSPIRE/outputs/singapore/inference/dep000144/raw_outputs/ami-mini-20250925T191541.jpg,crop_2,nonmoth,Lepidoptera Macros,Eupanacra elegantulus,Noctuidae,Agrochola,Leptologia lota,1.932685726681583,0,TRUE
Track_004087,26/09/2025 02:17,26/09/2025 02:17,1,1,/home/users/alyduf25/INSPIRE/outputs/singapore/inference/dep000144/raw_outputs/ami-mini-20250925T191742.jpg,crop_1,nonmoth,Araneae,,,,,,0,TRUE
Track_004088,26/09/2025 02:19,26/09/2025 02:21,2,2,/home/users/alyduf25/INSPIRE/outputs/singapore/inference/dep000144/raw_outputs/ami-mini-20250925T191943.jpg,crop_1,nonmoth,Lepidoptera Macros,Lyssa zampa,Yponomeutidae,Yponomeuta,Yponomeuta plumbella,0.3810478486763958,2.0166666666666666,FALSE
Track_004089,26/09/2025 02:23,26/09/2025 02:23,1,1,/home/users/alyduf25/INSPIRE/outputs/singapore/inference/dep000144/raw_outputs/ami-mini-20250925T192345.jpg,crop_1,nonmoth,Lepidoptera Macros,Trilocha varians,Geometridae,Eupithecia,Eupithecia lanceata,2.3308181030548427,0,TRUE
Track_004090,26/09/2025 02:25,26/09/2025 02:33,5,5,/home/users/alyduf25/INSPIRE/outputs/singapore/inference/dep000144/raw_outputs/ami-mini-20250925T192546.jpg,crop_1,nonmoth,Lepidoptera Macros,Theretra latreillii,Noctuidae,Hofmannophila,Hofmannophila pseudospretella,0.7844410286126868,8.066666666666666,FALSE
Track_004091,26/09/2025 02:27,26/09/2025 02:29,2,2,/home/users/alyduf25/INSPIRE/outputs/singapore/inference/dep000144/raw_outputs/ami-mini-20250925T192747.jpg,crop_2,nonmoth,Lepidoptera Macros,Sympis rufibasis,Ypsolophidae,Ypsolopha,Ypsolopha nemorella,1.3259496084766098,2.0166666666666666,FALSE
Track_004092,26/09/2025 02:31,26/09/2025 02:33,2,2,/home/users/alyduf25/INSPIRE/outputs/singapore/inference/dep000144/raw_outputs/ami-mini-20250925T193149.jpg,crop_3,nonmoth,Lepidoptera Macros,Hyposidra talaca,Sesiidae,Synanthedon,Synanthedon andrenaeformis,0.8479537770285285,2.0166666666666666,FALSE
Track_004093,26/09/2025 02:35,26/09/2025 02:35,1,1,/home/users/alyduf25/INSPIRE/outputs/singapore/inference/dep000144/raw_outputs/ami-mini-20250925T193551.jpg,crop_1,nonmoth,Lepidoptera Macros,Theretra latreillii,Pieridae,Anthocharis,Anthocharis cardamines,1.4312569678211604,0,TRUE
Track_004094,26/09/2025 02:35,26/09/2025 02:35,1,1,/home/users/alyduf25/INSPIRE/outputs/singapore/inference/dep000144/raw_outputs/ami-mini-20250925T193551.jpg,crop_2,moth,Lepidoptera Macros,Hyposidra talaca,Pterophoridae,Amblyptilia,Amblyptilia acanthadactyla,2.344802473512538,0,TRUE
Track_004095,26/09/2025 02:37,26/09/2025 02:37,1,1,/home/users/alyduf25/INSPIRE/outputs/singapore/inference/dep000144/raw_outputs/ami-mini-20250925T193752.jpg,crop_1,nonmoth,Lepidoptera Macros,Hippotion celerio,Tortricidae,Grapholita,Grapholita jungiella,1.4845186668801498,0,TRUE
Track_004096,26/09/2025 02:39,26/09/2025 02:41,2,2,/home/users/alyduf25/INSPIRE/outputs/singapore/inference/dep000144/raw_outputs/ami-mini-20250925T193953.jpg,crop_1,nonmoth,Lepidoptera Macros,Hippotion rosetta,Noctuidae,Aspilapteryx,Aspilapteryx tringipennella,0.912517277,2.0166666666666666,FALSE
Track_004097,26/09/2025 02:41,26/09/2025 02:41,1,1,/home/users/alyduf25/INSPIRE/outputs/singapore/inference/dep000144/raw_outputs/ami-mini-20250925T194154.jpg,crop_2,moth,Lepidoptera Macros,Trilocha varians,Tortricidae,Retinia,Retinia resinella,2.760629159612977,0,TRUE
Track_004098,26/09/2025 02:43,26/09/2025 02:54,6,6,/home/users/alyduf25/INSPIRE/outputs/singapore/inference/dep000144/raw_outputs/ami-mini-20250925T194355.jpg,crop_1,nonmoth,Lepidoptera Macros,Hippotion celerio,Geometridae,Alsophila,Alsophila aescularia,0.5940386377602986,10.083333333333334,FALSE
Track_004099,26/09/2025 02:45,26/09/2025 02:45,1,1,/home/users/alyduf25/INSPIRE/outputs/singapore/inference/dep000144/raw_outputs/ami-mini-20250925T194556.jpg,crop_2,nonmoth,Lepidoptera Macros,Hyposidra talaca,Zygaenidae,Zygaena,Zygaena angelicae,2.555505746410112,0,TRUE
Track_004100,26/09/2025 02:54,26/09/2025 02:54,1,1,/home/users/alyduf25/INSPIRE/outputs/singapore/inference/dep000144/raw_outputs/ami-mini-20250925T195400.jpg,crop_2,nonmoth,Lepidoptera Micros,Ephestiodes infimella,Oecophoridae,Hofmannophila,Hofmannophila pseudospretella,2.9727445978873743,0,TRUE
Track_004101,26/09/2025 03:04,26/09/2025 03:04,1,1,/home/users/alyduf25/INSPIRE/outputs/singapore/inference/dep000144/raw_outputs/ami-mini-20250925T200405.jpg,crop_1,moth,Lepidoptera Macros,Trilocha varians,Argyresthiidae,Argyresthia,Argyresthia retinella,,0,TRUE
Track_004102,26/09/2025 03:08,26/09/2025 03:12,3,3,/home/users/alyduf25/INSPIRE/outputs/singapore/inference/dep000144/raw_outputs/ami-mini-20250925T200807.jpg,crop_1,nonmoth,Lepidoptera Macros,Daphnis nerii,Noctuidae,Gelechia,Gelechia senticetella,0.4118333120675899,4.033333333333333,FALSE
Track_004103,26/09/2025 03:16,26/09/2025 03:16,1,1,/home/users/alyduf25/INSPIRE/outputs/singapore/inference/dep000144/raw_outputs/ami-mini-20250925T201611.jpg,crop_1,nonmoth,Lepidoptera Macros,Daphnis nerii,Gracillariidae,Phyllonorycter,Phyllonorycter trifasciella,,0,TRUE
Track_004104,26/09/2025 03:20,26/09/2025 03:20,1,1,/home/users/alyduf25/INSPIRE/outputs/singapore/inference/dep000144/raw_outputs/ami-mini-20250925T202013.jpg,crop_1,nonmoth,Araneae,,,,,,0,TRUE
Track_004105,26/09/2025 03:26,26/09/2025 03:26,1,1,/home/users/alyduf25/INSPIRE/outputs/singapore/inference/dep000144/raw_outputs/ami-mini-20250925T202616.jpg,crop_1,nonmoth,Lepidoptera Macros,Attacus atlas,Sesiidae,Synanthedon,Synanthedon myopaeformis,,0,TRUE
Track_004106,26/09/2025 03:28,26/09/2025 03:28,1,1,/home/users/alyduf25/INSPIRE/outputs/singapore/inference/dep000144/raw_outputs/ami-mini-20250925T202817.jpg,crop_1,nonmoth,Lepidoptera Macros,Sphenarches anisodactylus,Momphidae,Mompha,Mompha subbistrigella,1.5376478775848257,0,TRUE
Track_004107,26/09/2025 03:30,26/09/2025 03:36,4,4,/home/users/alyduf25/INSPIRE/outputs/singapore/inference/dep000144/raw_outputs/ami-mini-20250925T203018.jpg,crop_1,nonmoth,Lepidoptera Macros,Trilocha varians,Geometridae,Lomaspilis,Lomaspilis opis,0.7455771599270593,6.05,FALSE
Track_004108,26/09/2025 03:30,26/09/2025 03:30,1,1,/home/users/alyduf25/INSPIRE/outputs/singapore/inference/dep000144/raw_outputs/ami-mini-20250925T203018.jpg,crop_2,nonmoth,Lepidoptera Macros,Hyposidra talaca,Tortricidae,Anthocharis,Anthocharis cardamines,2.0787912358776026,0,TRUE
Track_004109,26/09/2025 03:32,26/09/2025 03:36,3,3,/home/users/alyduf25/INSPIRE/outputs/singapore/inference/dep000144/raw_outputs/ami-mini-20250925T203219.jpg,crop_1,nonmoth,Lepidoptera Macros,Hippotion celerio,Adelidae,Adela,Adela croesella,1.025717768,4.033333333333333,FALSE
Track_004110,26/09/2025 03:32,26/09/2025 03:32,1,1,/home/users/alyduf25/INSPIRE/outputs/singapore/inference/dep000144/raw_outputs/ami-mini-20250925T203219.jpg,crop_3,moth,Lepidoptera Macros,Trilocha varians,Nolidae,Nycteola,Nycteola degenerana,2.509463303707068,0,TRUE
Track_004111,26/09/2025 03:38,26/09/2025 03:38,1,1,/home/users/alyduf25/INSPIRE/outputs/singapore/inference/dep000144/raw_outputs/ami-mini-20250925T203822.jpg,crop_2,nonmoth,Lepidoptera Macros,Hyposidra talaca,Noctuidae,Argyresthia,Dyseriocrania subpurpurella,1.239310184,0,TRUE
Track_004112,26/09/2025 03:38,26/09/2025 03:38,1,1,/home/users/alyduf25/INSPIRE/outputs/singapore/inference/dep000144/raw_outputs/ami-mini-20250925T203822.jpg,crop_3,moth,Lepidoptera Macros,Trilocha varians,Noctuidae,Dyseriocrania,Dyseriocrania subpurpurella,2.473766548479952,0,TRUE
Track_004113,26/09/2025 03:40,26/09/2025 03:40,1,1,/home/users/alyduf25/INSPIRE/outputs/singapore/inference/dep000144/raw_outputs/ami-mini-20250925T204023.jpg,crop_1,nonmoth,Lepidoptera Macros,Trilocha varians,Tortricidae,Idaea,Aglossa caprealis,1.1888947635061893,0,TRUE
Track_004114,26/09/2025 03:40,26/09/2025 03:40,1,1,/home/users/alyduf25/INSPIRE/outputs/singapore/inference/dep000144/raw_outputs/ami-mini-20250925T204023.jpg,crop_2,nonmoth,Lepidoptera Micros,Cryptothelea gloverii,Pyralidae,Plodia,Plodia interpunctella,2.6764115235716446,0,TRUE
Track_004115,26/09/2025 03:40,26/09/2025 03:40,1,1,/home/users/alyduf25/INSPIRE/outputs/singapore/inference/dep000144/raw_outputs/ami-mini-20250925T204023.jpg,crop_3,moth,Lepidoptera Macros,Theretra nessus,Noctuidae,Autographa,Autographa excelsa,1.873171304400912,0,TRUE
Track_004116,26/09/2025 03:42,26/09/2025 03:48,4,4,/home/users/alyduf25/INSPIRE/outputs/singapore/inference/dep000144/raw_outputs/ami-mini-20250925T204224.jpg,crop_1,nonmoth,Lepidoptera Macros,Sphenarches anisodactylus,Tortricidae,Idaea,Synanthedon myopaeformis,0.6453962433301825,6.05,FALSE
Track_004117,26/09/2025 03:44,26/09/2025 03:44,1,1,/home/users/alyduf25/INSPIRE/outputs/singapore/inference/dep000144/raw_outputs/ami-mini-20250925T204425.jpg,crop_2,nonmoth,Lepidoptera Macros,Lyssa zampa,Depressariidae,Agonopterix,Agonopterix scopariella,1.9617404669489624,0,TRUE
Track_004118,26/09/2025 03:50,26/09/2025 03:50,1,1,/home/users/alyduf25/INSPIRE/outputs/singapore/inference/dep000144/raw_outputs/ami-mini-20250925T205028.jpg,crop_1,nonmoth,Lepidoptera Macros,Maruca vitrata,Gelechiidae,Helcystogramma,Helcystogramma lutatella,1.9100964788328896,0,TRUE
Track_004119,26/09/2025 03:52,26/09/2025 03:56,3,3,/home/users/alyduf25/INSPIRE/outputs/singapore/inference/dep000144/raw_outputs/ami-mini-20250925T205229.jpg,crop_1,nonmoth,Lepidoptera Macros,Theretra latreillii,Geometridae,Eupithecia,Eupithecia dodoneata,1.1911617001780928,4.033333333333333,FALSE
Track_004120,26/09/2025 03:54,26/09/2025 03:54,1,1,/home/users/alyduf25/INSPIRE/outputs/singapore/inference/dep000144/raw_outputs/ami-mini-20250925T205430.jpg,crop_2,nonmoth,Lepidoptera Macros,Hippotion celerio,Crambidae,Anania,Anania stachydalis,2.100821043726208,0,TRUE
Track_004121,26/09/2025 03:58,26/09/2025 03:58,1,1,/home/users/alyduf25/INSPIRE/outputs/singapore/inference/dep000144/raw_outputs/ami-mini-20250925T205832.jpg,crop_2,nonmoth,Lepidoptera Macros,Maruca vitrata,Pieridae,Anthocharis,Anthocharis cardamines,1.7093295902836676,0,TRUE
Track_004122,26/09/2025 03:58,26/09/2025 03:58,1,1,/home/users/alyduf25/INSPIRE/outputs/singapore/inference/dep000144/raw_outputs/ami-mini-20250925T205832.jpg,crop_3,moth,Lepidoptera Macros,Trilocha varians,Noctuidae,Xanthia,Xanthia gilvago,2.207737822258716,0,TRUE
Track_004123,26/09/2025 04:00,26/09/2025 04:00,1,1,/home/users/alyduf25/INSPIRE/outputs/singapore/inference/dep000144/raw_outputs/ami-mini-20250925T210033.jpg,crop_1,nonmoth,Lepidoptera Macros,Attacus atlas,Lycaenidae,Maculinea,Maculinea nausithous,1.656937394066394,0,TRUE
Track_004124,26/09/2025 04:04,26/09/2025 04:04,1,1,/home/users/alyduf25/INSPIRE/outputs/singapore/inference/dep000144/raw_outputs/ami-mini-20250925T210435.jpg,crop_1,nonmoth,Lepidoptera Macros,Theretra alecto,Lasiocampidae,Incurvaria,Lampronia oehlmaniella,,0,TRUE
Track_004125,26/09/2025 04:04,26/09/2025 04:04,1,1,/home/users/alyduf25/INSPIRE/outputs/singapore/inference/dep000144/raw_outputs/ami-mini-20250925T210435.jpg,crop_2,nonmoth,Lepidoptera Macros,Theretra latreillii,Tineidae,Monopis,Monopis monachella,,0,TRUE
Track_004126,26/09/2025 04:06,26/09/2025 04:06,1,1,/home/users/alyduf25/INSPIRE/outputs/singapore/inference/dep000144/raw_outputs/ami-mini-20250925T210636.jpg,crop_1,nonmoth,Lepidoptera Macros,Trilocha varians,Noctuidae,Xestia,Xestia baja,1.713508343,0,TRUE
Track_004127,26/09/2025 04:06,26/09/2025 04:06,1,1,/home/users/alyduf25/INSPIRE/outputs/singapore/inference/dep000144/raw_outputs/ami-mini-20250925T210636.jpg,crop_2,nonmoth,Lepidoptera Macros,Attacus atlas,Gracillariidae,Phyllonorycter,Phyllonorycter corylifoliella,1.2698881925174774,0,TRUE
Track_004128,26/09/2025 04:08,26/09/2025 04:14,4,4,/home/users/alyduf25/INSPIRE/outputs/singapore/inference/dep000144/raw_outputs/ami-mini-20250925T210837.jpg,crop_1,nonmoth,Lepidoptera Macros,Hippotion celerio,Depressariidae,Agonopterix,Agonopterix scopariella,0.7743358623092368,6.05,FALSE
Track_004129,26/09/2025 04:08,26/09/2025 04:08,1,1,/home/users/alyduf25/INSPIRE/outputs/singapore/inference/dep000144/raw_outputs/ami-mini-20250925T210837.jpg,crop_2,moth,Lepidoptera Macros,Trilocha varians,Noctuidae,Aglossa,Aglossa caprealis,2.2190004090668705,0,TRUE
Track_004130,26/09/2025 04:10,26/09/2025 04:10,1,1,/home/users/alyduf25/INSPIRE/outputs/singapore/inference/dep000144/raw_outputs/ami-mini-20250925T211038.jpg,crop_2,moth,Lepidoptera Macros,Trilocha varians,Geometridae,Eupithecia,Eupithecia satyrata,1.6087272704475617,0,TRUE
Track_004131,26/09/2025 04:10,26/09/2025 04:10,1,1,/home/users/alyduf25/INSPIRE/outputs/singapore/inference/dep000144/raw_outputs/ami-mini-20250925T211038.jpg,crop_3,moth,Lepidoptera Macros,Attacus atlas,Depressariidae,Agonopterix,Agonopterix nervosa,2.331025943660812,0,TRUE
Track_004132,26/09/2025 04:12,26/09/2025 04:12,1,1,/home/users/alyduf25/INSPIRE/outputs/singapore/inference/dep000144/raw_outputs/ami-mini-20250925T211239.jpg,crop_2,nonmoth,Lepidoptera Macros,Daphnis nerii,Geometridae,Macaria,Macaria artesiaria,1.239844452678472,0,TRUE
Track_004133,26/09/2025 04:16,26/09/2025 04:16,1,1,/home/users/alyduf25/INSPIRE/outputs/singapore/inference/dep000144/raw_outputs/ami-mini-20250925T211641.jpg,crop_1,nonmoth,Lepidoptera Macros,Hippotion celerio,Geometridae,Synanthedon,Synanthedon myopaeformis,1.7113828896090773,0,TRUE
Track_004134,26/09/2025 04:18,26/09/2025 04:18,1,1,/home/users/alyduf25/INSPIRE/outputs/singapore/inference/dep000144/raw_outputs/ami-mini-20250925T211842.jpg,crop_1,nonmoth,Lepidoptera Macros,Sphenarches anisodactylus,Geometridae,Synanthedon,Synanthedon myopaeformis,1.6591229026592278,0,TRUE
Track_004135,26/09/2025 04:20,26/09/2025 04:20,1,1,/home/users/alyduf25/INSPIRE/outputs/singapore/inference/dep000144/raw_outputs/ami-mini-20250925T212043.jpg,crop_1,nonmoth,Lepidoptera Macros,Exelastis pumilio,Sesiidae,Synanthedon,Synanthedon myopaeformis,1.4813441196247017,0,TRUE
Track_004136,26/09/2025 04:22,26/09/2025 04:24,2,2,/home/users/alyduf25/INSPIRE/outputs/singapore/inference/dep000144/raw_outputs/ami-mini-20250925T212244.jpg,crop_1,nonmoth,Lepidoptera Macros,Trilocha varians,Sesiidae,Synanthedon,Synanthedon myopaeformis,0.9835970374851182,2.0166666666666666,FALSE
Track_004137,26/09/2025 04:24,26/09/2025 04:24,1,1,/home/users/alyduf25/INSPIRE/outputs/singapore/inference/dep000144/raw_outputs/ami-mini-20250925T212445.jpg,crop_2,nonmoth,Lepidoptera Macros,Trilocha varians,Nolidae,Nycteola,Nycteola degenerana,1.935460225853409,0,TRUE
Track_004138,26/09/2025 04:26,26/09/2025 04:26,1,1,/home/users/alyduf25/INSPIRE/outputs/singapore/inference/dep000144/raw_outputs/ami-mini-20250925T212646.jpg,crop_1,nonmoth,Lepidoptera Macros,Lyssa zampa,Geometridae,Thetidia,Thetidia smaragdaria,1.0202615782140023,0,TRUE
Track_004139,26/09/2025 04:28,26/09/2025 04:28,1,1,/home/users/alyduf25/INSPIRE/outputs/singapore/inference/dep000144/raw_outputs/ami-mini-20250925T212847.jpg,crop_1,nonmoth,Lepidoptera Macros,Exelastis pumilio,Hepialidae,Triodia,Triodia sylvina,1.4350976196890357,0,TRUE
Track_004140,26/09/2025 04:30,26/09/2025 04:30,1,1,/home/users/alyduf25/INSPIRE/outputs/singapore/inference/dep000144/raw_outputs/ami-mini-20250925T213048.jpg,crop_1,nonmoth,Lepidoptera Macros,Maruca vitrata,Tineidae,Nemapogon,Nemapogon clematella,1.875613044521412,0,TRUE
Track_004141,27/09/2025 19:31,27/09/2025 19:31,1,1,/home/users/alyduf25/INSPIRE/outputs/singapore/inference/dep000144/raw_outputs/ami-mini-20250927T123136.jpg,crop_1,nonmoth,Lepidoptera Micros,Tinea pellionella,Coleophoridae,Coleophora,Coleophora mayrella,,0,TRUE
Track_004142,27/09/2025 19:33,27/09/2025 19:33,1,1,/home/users/alyduf25/INSPIRE/outputs/singapore/inference/dep000144/raw_outputs/ami-mini-20250927T123337.jpg,crop_1,nonmoth,Lepidoptera Macros,Spodoptera litura,Geometridae,Operophtera,Operophtera brumata,2.819998791910022,0,TRUE
Track_004143,27/09/2025 19:35,27/09/2025 19:37,2,2,/home/users/alyduf25/INSPIRE/outputs/singapore/inference/dep000144/raw_outputs/ami-mini-20250927T123538.jpg,crop_1,nonmoth,Lepidoptera Macros,Sphenarches anisodactylus,Sesiidae,Synanthedon,Synanthedon myopaeformis,1.2667035064378578,2.0166666666666666,FALSE
Track_004144,27/09/2025 19:37,27/09/2025 19:37,1,1,/home/users/alyduf25/INSPIRE/outputs/singapore/inference/dep000144/raw_outputs/ami-mini-20250927T123739.jpg,crop_2,moth,Lepidoptera Macros,Trilocha varians,Geometridae,Callistege,Callistege mi,2.3859892141592787,0,TRUE
Track_004145,27/09/2025 19:39,27/09/2025 19:39,1,1,/home/users/alyduf25/INSPIRE/outputs/singapore/inference/dep000144/raw_outputs/ami-mini-20250927T123940.jpg,crop_1,nonmoth,Lepidoptera Macros,Hippotion rosetta,Geometridae,Triodia,Triodia sylvina,1.107322716235663,0,TRUE
Track_004146,27/09/2025 19:41,27/09/2025 19:41,1,1,/home/users/alyduf25/INSPIRE/outputs/singapore/inference/dep000144/raw_outputs/ami-mini-20250927T124141.jpg,crop_1,nonmoth,Araneae,,,,,,0,TRUE
Track_004147,27/09/2025 19:45,27/09/2025 19:45,1,1,/home/users/alyduf25/INSPIRE/outputs/singapore/inference/dep000144/raw_outputs/ami-mini-20250927T124543.jpg,crop_1,nonmoth,Lepidoptera Macros,Theretra latreillii,Depressariidae,Agonopterix,Agonopterix ciliella,,0,TRUE
Track_004148,27/09/2025 19:47,27/09/2025 19:47,1,1,/home/users/alyduf25/INSPIRE/outputs/singapore/inference/dep000144/raw_outputs/ami-mini-20250927T124744.jpg,crop_1,nonmoth,Lepidoptera Macros,Hippotion rosetta,Sesiidae,Synanthedon,Synanthedon myopaeformis,1.286133933825728,0,TRUE
Track_004149,27/09/2025 19:49,27/09/2025 19:49,1,1,/home/users/alyduf25/INSPIRE/outputs/singapore/inference/dep000144/raw_outputs/ami-mini-20250927T124945.jpg,crop_1,nonmoth,Lepidoptera Macros,Theretra latreillii,Geometridae,Orthonama,Orthonama obstipata,1.4082729364996738,0,TRUE
Track_004150,27/09/2025 19:51,27/09/2025 19:51,1,1,/home/users/alyduf25/INSPIRE/outputs/singapore/inference/dep000144/raw_outputs/ami-mini-20250927T125146.jpg,crop_1,nonmoth,Lepidoptera Macros,Theretra latreillii,Geometridae,Timandra,Timandra comae,1.4265314314376476,0,TRUE
Track_004151,27/09/2025 19:51,27/09/2025 19:51,1,1,/home/users/alyduf25/INSPIRE/outputs/singapore/inference/dep000144/raw_outputs/ami-mini-20250927T125146.jpg,crop_2,moth,Lepidoptera Macros,Hyposidra talaca,Pterophoridae,Gillmeria,Gillmeria pallidactyla,2.6162686270424054,0,TRUE
Track_004152,27/09/2025 19:53,27/09/2025 19:53,1,1,/home/users/alyduf25/INSPIRE/outputs/singapore/inference/dep000144/raw_outputs/ami-mini-20250927T125347.jpg,crop_2,nonmoth,Lepidoptera Micros,Tineola bisselliella,Tortricidae,Plodia,Plodia interpunctella,2.3435687801660032,0,TRUE
Track_004153,27/09/2025 19:59,27/09/2025 19:59,1,1,/home/users/alyduf25/INSPIRE/outputs/singapore/inference/dep000144/raw_outputs/ami-mini-20250927T125950.jpg,crop_1,nonmoth,Diptera Nematocera,,,,,,0,TRUE
Track_004154,27/09/2025 20:03,27/09/2025 20:03,1,1,/home/users/alyduf25/INSPIRE/outputs/singapore/inference/dep000144/raw_outputs/ami-mini-20250927T130352.jpg,crop_1,nonmoth,Diptera Nematocera,,,,,,0,TRUE
Track_004155,27/09/2025 20:05,27/09/2025 20:05,1,1,/home/users/alyduf25/INSPIRE/outputs/singapore/inference/dep000144/raw_outputs/ami-mini-20250927T130553.jpg,crop_1,nonmoth,Araneae,,,,,,0,TRUE
Track_004156,27/09/2025 20:07,27/09/2025 20:11,3,3,/home/users/alyduf25/INSPIRE/outputs/singapore/inference/dep000144/raw_outputs/ami-mini-20250927T130754.jpg,crop_1,nonmoth,Lepidoptera Macros,Hippotion rosetta,Geometridae,Thetidia,Thetidia smaragdaria,0.081168935,4.033333333333333,FALSE
Track_004157,27/09/2025 20:09,27/09/2025 20:09,1,1,/home/users/alyduf25/INSPIRE/outputs/singapore/inference/dep000144/raw_outputs/ami-mini-20250927T130955.jpg,crop_2,nonmoth,Diptera Nematocera,,,,,,0,TRUE
Track_004158,27/09/2025 20:13,27/09/2025 20:13,1,1,/home/users/alyduf25/INSPIRE/outputs/singapore/inference/dep000144/raw_outputs/ami-mini-20250927T131357.jpg,crop_1,nonmoth,Araneae,,,,,,0,TRUE
Track_004159,27/09/2025 20:15,27/09/2025 20:15,1,1,/home/users/alyduf25/INSPIRE/outputs/singapore/inference/dep000144/raw_outputs/ami-mini-20250927T131558.jpg,crop_1,nonmoth,Lepidoptera Macros,Theretra latreillii,Sesiidae,Synanthedon,Synanthedon myopaeformis,,0,TRUE
Track_004160,27/09/2025 20:17,27/09/2025 20:17,1,1,/home/users/alyduf25/INSPIRE/outputs/singapore/inference/dep000144/raw_outputs/ami-mini-20250927T131759.jpg,crop_1,nonmoth,Araneae,,,,,,0,TRUE
Track_004161,27/09/2025 20:20,27/09/2025 20:20,1,1,/home/users/alyduf25/INSPIRE/outputs/singapore/inference/dep000144/raw_outputs/ami-mini-20250927T132000.jpg,crop_1,nonmoth,Araneae,,,,,,0,TRUE
Track_004162,27/09/2025 20:22,27/09/2025 20:22,1,1,/home/users/alyduf25/INSPIRE/outputs/singapore/inference/dep000144/raw_outputs/ami-mini-20250927T132201.jpg,crop_1,nonmoth,Araneae,,,,,,0,TRUE
Track_004163,27/09/2025 20:24,27/09/2025 20:24,1,1,/home/users/alyduf25/INSPIRE/outputs/singapore/inference/dep000144/raw_outputs/ami-mini-20250927T132402.jpg,crop_1,nonmoth,Araneae,,,,,,0,TRUE
Track_004164,27/09/2025 20:26,27/09/2025 20:26,1,1,/home/users/alyduf25/INSPIRE/outputs/singapore/inference/dep000144/raw_outputs/ami-mini-20250927T132603.jpg,crop_1,nonmoth,Araneae,,,,,,0,TRUE
Track_004165,27/09/2025 20:28,27/09/2025 20:28,1,1,/home/users/alyduf25/INSPIRE/outputs/singapore/inference/dep000144/raw_outputs/ami-mini-20250927T132804.jpg,crop_1,nonmoth,Araneae,,,,,,0,TRUE
Track_004166,27/09/2025 20:30,27/09/2025 20:30,1,1,/home/users/alyduf25/INSPIRE/outputs/singapore/inference/dep000144/raw_outputs/ami-mini-20250927T133005.jpg,crop_1,nonmoth,Ephemeroptera,,,,,,0,TRUE
Track_004167,27/09/2025 20:32,27/09/2025 20:36,3,3,/home/users/alyduf25/INSPIRE/outputs/singapore/inference/dep000144/raw_outputs/ami-mini-20250927T133206.jpg,crop_1,nonmoth,Lepidoptera Macros,Hyposidra talaca,Noctuidae,Spialia,Spialia sertorius,0.046075348,4.033333333333333,FALSE
Track_004168,27/09/2025 20:38,27/09/2025 20:38,1,1,/home/users/alyduf25/INSPIRE/outputs/singapore/inference/dep000144/raw_outputs/ami-mini-20250927T133809.jpg,crop_1,nonmoth,Lepidoptera Macros,Theretra latreillii,Tortricidae,Spilonota,Spilonota ocellana,1.291548548753367,0,TRUE
Track_004169,27/09/2025 20:38,27/09/2025 20:38,1,1,/home/users/alyduf25/INSPIRE/outputs/singapore/inference/dep000144/raw_outputs/ami-mini-20250927T133809.jpg,crop_2,nonmoth,Diptera Nematocera,,,,,,0,TRUE
Track_004170,27/09/2025 20:40,27/09/2025 20:40,1,1,/home/users/alyduf25/INSPIRE/outputs/singapore/inference/dep000144/raw_outputs/ami-mini-20250927T134010.jpg,crop_1,nonmoth,Lepidoptera Macros,Trilocha varians,Geometridae,Aglossa,Aglossa caprealis,1.845082834258461,0,TRUE
Track_004171,27/09/2025 20:42,27/09/2025 20:44,2,2,/home/users/alyduf25/INSPIRE/outputs/singapore/inference/dep000144/raw_outputs/ami-mini-20250927T134211.jpg,crop_1,nonmoth,Lepidoptera Macros,Hyposidra talaca,Geometridae,Cleora,Cleora cinctaria,0.8323294695815717,2.0166666666666666,FALSE
Track_004172,27/09/2025 20:42,27/09/2025 20:44,2,2,/home/users/alyduf25/INSPIRE/outputs/singapore/inference/dep000144/raw_outputs/ami-mini-20250927T134211.jpg,crop_3,moth,Lepidoptera Macros,Hyposidra talaca,Geometridae,Idaea,Idaea emarginata,1.1954163612119222,2.0166666666666666,FALSE
Track_004173,27/09/2025 20:46,27/09/2025 20:46,1,1,/home/users/alyduf25/INSPIRE/outputs/singapore/inference/dep000144/raw_outputs/ami-mini-20250927T134613.jpg,crop_2,nonmoth,Lepidoptera Micros,Kunugia latipennis,Zygaenidae,Zygaena,Zygaena angelicae,1.7228347461603482,0,TRUE
Track_004174,27/09/2025 20:50,27/09/2025 20:50,1,1,/home/users/alyduf25/INSPIRE/outputs/singapore/inference/dep000144/raw_outputs/ami-mini-20250927T135015.jpg,crop_1,nonmoth,Lepidoptera Macros,Stenoptilodes taprobanes,Tortricidae,Spilonota,Spilonota ocellana,,0,TRUE
Track_004175,27/09/2025 20:52,27/09/2025 20:52,1,1,/home/users/alyduf25/INSPIRE/outputs/singapore/inference/dep000144/raw_outputs/ami-mini-20250927T135216.jpg,crop_1,nonmoth,Lepidoptera Macros,Theretra latreillii,Geometridae,Thetidia,Thetidia smaragdaria,1.258070947222806,0,TRUE
Track_004176,27/09/2025 21:02,27/09/2025 21:02,1,1,/home/users/alyduf25/INSPIRE/outputs/singapore/inference/dep000144/raw_outputs/ami-mini-20250927T140221.jpg,crop_1,nonmoth,Lepidoptera Macros,Sphenarches anisodactylus,Saturniidae,Antheraea,Antheraea yamamai,,0,TRUE
Track_004177,27/09/2025 21:02,27/09/2025 21:02,1,1,/home/users/alyduf25/INSPIRE/outputs/singapore/inference/dep000144/raw_outputs/ami-mini-20250927T140221.jpg,crop_3,moth,Lepidoptera Macros,Trilocha varians,Geometridae,Coleophora,Coleophora serratella,,0,TRUE
Track_004178,27/09/2025 21:04,27/09/2025 21:04,1,1,/home/users/alyduf25/INSPIRE/outputs/singapore/inference/dep000144/raw_outputs/ami-mini-20250927T140422.jpg,crop_1,nonmoth,Lepidoptera Macros,Hyposidra talaca,Lycaenidae,Maculinea,Maculinea nausithous,1.744201587518005,0,TRUE
Track_004179,27/09/2025 21:06,27/09/2025 21:08,2,2,/home/users/alyduf25/INSPIRE/outputs/singapore/inference/dep000144/raw_outputs/ami-mini-20250927T140623.jpg,crop_1,nonmoth,Lepidoptera Macros,Trilocha varians,Geometridae,Timandra,Timandra comae,0.7893211325263169,2.0166666666666666,FALSE
Track_004180,27/09/2025 21:06,27/09/2025 21:06,1,1,/home/users/alyduf25/INSPIRE/outputs/singapore/inference/dep000144/raw_outputs/ami-mini-20250927T140623.jpg,crop_2,moth,Lepidoptera Micros,Ephestiodes infimella,Noctuidae,Eupsilia,Eupsilia transversa,3.042959915,0,TRUE
Track_004181,27/09/2025 21:10,27/09/2025 21:14,3,3,/home/users/alyduf25/INSPIRE/outputs/singapore/inference/dep000144/raw_outputs/ami-mini-20250927T141025.jpg,crop_1,nonmoth,Lepidoptera Macros,Attacus atlas,Lycaenidae,Maculinea,Maculinea nausithous,0.7077014176914872,4.033333333333333,FALSE
Track_004182,27/09/2025 21:14,27/09/2025 21:14,1,1,/home/users/alyduf25/INSPIRE/outputs/singapore/inference/dep000144/raw_outputs/ami-mini-20250927T141427.jpg,crop_2,moth,Diptera Nematocera,Herpetogramma phaeopteralis,Bucculatricidae,Bucculatrix,Bucculatrix ulmella,3.140663532,0,TRUE
Track_004183,27/09/2025 21:16,27/09/2025 21:16,1,1,/home/users/alyduf25/INSPIRE/outputs/singapore/inference/dep000144/raw_outputs/ami-mini-20250927T141628.jpg,crop_1,nonmoth,Lepidoptera Macros,Trilocha varians,Depressariidae,Agonopterix,Agonopterix ciliella,1.0723703243185283,0,TRUE
Track_004184,27/09/2025 21:18,27/09/2025 21:32,8,8,/home/users/alyduf25/INSPIRE/outputs/singapore/inference/dep000144/raw_outputs/ami-mini-20250927T141829.jpg,crop_1,nonmoth,Lepidoptera Macros,Trilocha varians,Sesiidae,Synanthedon,Synanthedon myopaeformis,0.7033674736543368,14.116666666666667,FALSE
Track_004185,27/09/2025 21:30,27/09/2025 21:30,1,1,/home/users/alyduf25/INSPIRE/outputs/singapore/inference/dep000144/raw_outputs/ami-mini-20250927T143035.jpg,crop_2,nonmoth,Lepidoptera Micros,Plodia interpunctella,Psychidae,Psyche,Psyche casta,2.8340152240500904,0,TRUE
Track_004186,27/09/2025 21:30,27/09/2025 21:30,1,1,/home/users/alyduf25/INSPIRE/outputs/singapore/inference/dep000144/raw_outputs/ami-mini-20250927T143035.jpg,crop_4,moth,Lepidoptera Macros,Hyposidra talaca,Geometridae,Falcaria,Falcaria lacertinaria,2.213621305410434,0,TRUE
Track_004187,27/09/2025 21:36,27/09/2025 21:36,1,1,/home/users/alyduf25/INSPIRE/outputs/singapore/inference/dep000144/raw_outputs/ami-mini-20250927T143638.jpg,crop_1,nonmoth,Lepidoptera Macros,Attacus atlas,Nymphalidae,Boloria,Boloria thore,,0,TRUE
Track_004188,27/09/2025 21:38,27/09/2025 21:44,4,4,/home/users/alyduf25/INSPIRE/outputs/singapore/inference/dep000144/raw_outputs/ami-mini-20250927T143839.jpg,crop_1,nonmoth,Lepidoptera Macros,Dysphania militaris,Geometridae,Watsonalla,Watsonalla binaria,0.9168621992102912,6.05,FALSE
Track_004189,27/09/2025 21:48,27/09/2025 21:48,1,1,/home/users/alyduf25/INSPIRE/outputs/singapore/inference/dep000144/raw_outputs/ami-mini-20250927T144844.jpg,crop_1,nonmoth,Lepidoptera Macros,Attacus atlas,Depressariidae,Agonopterix,Agonopterix ciliella,,0,TRUE
Track_004190,27/09/2025 21:50,27/09/2025 21:52,2,2,/home/users/alyduf25/INSPIRE/outputs/singapore/inference/dep000144/raw_outputs/ami-mini-20250927T145045.jpg,crop_1,nonmoth,Lepidoptera Macros,Hippotion rosetta,Noctuidae,Conistra,Conistra rubiginosa,0.900906007,2.0166666666666666,FALSE
Track_004191,27/09/2025 22:04,27/09/2025 22:04,1,1,/home/users/alyduf25/INSPIRE/outputs/singapore/inference/dep000144/raw_outputs/ami-mini-20250927T150452.jpg,crop_1,nonmoth,Lepidoptera Macros,Hyposidra talaca,Noctuidae,Conistra,Conistra rubiginosa,,0,TRUE
Track_004192,27/09/2025 22:04,27/09/2025 22:04,1,1,/home/users/alyduf25/INSPIRE/outputs/singapore/inference/dep000144/raw_outputs/ami-mini-20250927T150452.jpg,crop_3,moth,Lepidoptera Macros,Hyposidra talaca,Geometridae,Mesoleuca,Mesoleuca albicillata,,0,TRUE
Track_004193,27/09/2025 22:08,27/09/2025 22:08,1,1,/home/users/alyduf25/INSPIRE/outputs/singapore/inference/dep000144/raw_outputs/ami-mini-20250927T150854.jpg,crop_1,nonmoth,Lepidoptera Macros,Daphnis nerii,Noctuidae,Conistra,Conistra rubiginosa,,0,TRUE
Track_004194,27/09/2025 22:10,27/09/2025 22:10,1,1,/home/users/alyduf25/INSPIRE/outputs/singapore/inference/dep000144/raw_outputs/ami-mini-20250927T151055.jpg,crop_1,nonmoth,Lepidoptera Macros,Hyposidra talaca,Geometridae,Agonopterix,Agonopterix ciliella,1.4484362017513486,0,TRUE
Track_004195,27/09/2025 22:12,27/09/2025 22:21,5,5,/home/users/alyduf25/INSPIRE/outputs/singapore/inference/dep000144/raw_outputs/ami-mini-20250927T151256.jpg,crop_1,nonmoth,Lepidoptera Macros,Theretra latreillii,Geometridae,Maculinea,Maculinea nausithous,0.6646744677151952,8.066666666666666,FALSE
Track_004196,27/09/2025 22:23,27/09/2025 22:23,1,1,/home/users/alyduf25/INSPIRE/outputs/singapore/inference/dep000144/raw_outputs/ami-mini-20250927T152301.jpg,crop_1,nonmoth,Lepidoptera Macros,Hippotion rosetta,Pieridae,Anthocharis,Anthocharis cardamines,1.6723617998149722,0,TRUE
Track_004197,27/09/2025 22:25,27/09/2025 22:29,3,3,/home/users/alyduf25/INSPIRE/outputs/singapore/inference/dep000144/raw_outputs/ami-mini-20250927T152502.jpg,crop_1,nonmoth,Lepidoptera Macros,Attacus atlas,Noctuidae,Conistra,Conistra rubiginosa,0.6500714908957069,4.033333333333333,FALSE
Track_004198,27/09/2025 22:27,27/09/2025 22:27,1,1,/home/users/alyduf25/INSPIRE/outputs/singapore/inference/dep000144/raw_outputs/ami-mini-20250927T152703.jpg,crop_2,moth,Lepidoptera Macros,Hyposidra talaca,Geometridae,Anticollix,Anticollix sparsata,2.390318370595073,0,TRUE
Track_004199,27/09/2025 22:31,27/09/2025 22:33,2,2,/home/users/alyduf25/INSPIRE/outputs/singapore/inference/dep000144/raw_outputs/ami-mini-20250927T153105.jpg,crop_1,nonmoth,Lepidoptera Macros,Daphnis nerii,Noctuidae,Conistra,Conistra rubiginosa,0.5967212604532545,2.0166666666666666,FALSE
Track_004200,27/09/2025 22:37,27/09/2025 22:39,2,2,/home/users/alyduf25/INSPIRE/outputs/singapore/inference/dep000144/raw_outputs/ami-mini-20250927T153708.jpg,crop_1,nonmoth,Lepidoptera Macros,Attacus atlas,Geometridae,Orthonama,Orthonama obstipata,0.1661878130253311,2.0166666666666666,FALSE
Track_004201,27/09/2025 22:53,27/09/2025 22:55,2,2,/home/users/alyduf25/INSPIRE/outputs/singapore/inference/dep000144/raw_outputs/ami-mini-20250927T155316.jpg,crop_1,nonmoth,Lepidoptera Macros,Saturnia pyri,Geometridae,Idaea,Idaea pallidata,0.05989725,2.0166666666666666,FALSE
Track_004202,27/09/2025 22:57,27/09/2025 22:57,1,1,/home/users/alyduf25/INSPIRE/outputs/singapore/inference/dep000144/raw_outputs/ami-mini-20250927T155718.jpg,crop_1,nonmoth,Lepidoptera Macros,Hippotion rosetta,Geometridae,Larentia,Larentia clavaria,1.5375915626494712,0,TRUE
Track_004203,27/09/2025 23:09,27/09/2025 23:09,1,1,/home/users/alyduf25/INSPIRE/outputs/singapore/inference/dep000144/raw_outputs/ami-mini-20250927T160924.jpg,crop_1,nonmoth,Araneae,,,,,,0,TRUE
Track_004204,27/09/2025 23:25,27/09/2025 23:25,1,1,/home/users/alyduf25/INSPIRE/outputs/singapore/inference/dep000144/raw_outputs/ami-mini-20250927T162532.jpg,crop_1,nonmoth,Lepidoptera Macros,Ocinara albicollis,Geometridae,Thetidia,Thetidia smaragdaria,,0,TRUE
Track_004205,27/09/2025 23:27,27/09/2025 23:27,1,1,/home/users/alyduf25/INSPIRE/outputs/singapore/inference/dep000144/raw_outputs/ami-mini-20250927T162733.jpg,crop_2,nonmoth,Lepidoptera Macros,Theretra latreillii,Geometridae,Ypsolopha,Ypsolopha dentella,1.919935736328592,0,TRUE
Track_004206,27/09/2025 23:37,27/09/2025 23:37,1,1,/home/users/alyduf25/INSPIRE/outputs/singapore/inference/dep000144/raw_outputs/ami-mini-20250927T163738.jpg,crop_1,nonmoth,Lepidoptera Macros,Hippotion rosetta,Sesiidae,Synanthedon,Synanthedon myopaeformis,,0,TRUE
Track_004207,27/09/2025 23:39,27/09/2025 23:41,2,2,/home/users/alyduf25/INSPIRE/outputs/singapore/inference/dep000144/raw_outputs/ami-mini-20250927T163939.jpg,crop_1,nonmoth,Lepidoptera Macros,Neogurelca hyas,Geometridae,Thetidia,Thetidia smaragdaria,1.1066209657950643,2.0166666666666666,FALSE
Track_004208,27/09/2025 23:39,27/09/2025 23:39,1,1,/home/users/alyduf25/INSPIRE/outputs/singapore/inference/dep000144/raw_outputs/ami-mini-20250927T163939.jpg,crop_3,moth,Lepidoptera Macros,Trilocha varians,Pterophoridae,Amblyptilia,Amblyptilia acanthadactyla,2.5744566574227905,0,TRUE
Track_004209,27/09/2025 23:53,27/09/2025 23:53,1,1,/home/users/alyduf25/INSPIRE/outputs/singapore/inference/dep000144/raw_outputs/ami-mini-20250927T165346.jpg,crop_1,nonmoth,Lepidoptera Macros,Theretra latreillii,Pieridae,Anthocharis,Anthocharis cardamines,,0,TRUE
Track_004210,27/09/2025 23:53,27/09/2025 23:53,1,1,/home/users/alyduf25/INSPIRE/outputs/singapore/inference/dep000144/raw_outputs/ami-mini-20250927T165346.jpg,crop_3,moth,Lepidoptera Macros,Traminda aventiaria,Geometridae,Mesoleuca,Mesoleuca albicillata,,0,TRUE
Track_004211,28/09/2025 00:09,28/09/2025 00:09,1,1,/home/users/alyduf25/INSPIRE/outputs/singapore/inference/dep000144/raw_outputs/ami-mini-20250927T170954.jpg,crop_1,nonmoth,Lepidoptera Macros,Prays nephelomima,Noctuidae,Udea,Udea fulvalis,,0,TRUE
Track_004212,28/09/2025 00:11,28/09/2025 00:11,1,1,/home/users/alyduf25/INSPIRE/outputs/singapore/inference/dep000144/raw_outputs/ami-mini-20250927T171155.jpg,crop_1,nonmoth,Araneae,,,,,,0,TRUE
Track_004213,28/09/2025 00:15,28/09/2025 00:17,2,2,/home/users/alyduf25/INSPIRE/outputs/singapore/inference/dep000144/raw_outputs/ami-mini-20250927T171557.jpg,crop_1,nonmoth,Lepidoptera Micros,Eupanacra mydon,Sesiidae,Synanthedon,Synanthedon myopaeformis,0.6664766375190663,2.0166666666666666,FALSE
Track_004214,28/09/2025 00:24,28/09/2025 00:24,1,1,/home/users/alyduf25/INSPIRE/outputs/singapore/inference/dep000144/raw_outputs/ami-mini-20250927T172401.jpg,crop_1,nonmoth,Araneae,,,,,,0,TRUE
Track_004215,28/09/2025 00:26,28/09/2025 00:26,1,1,/home/users/alyduf25/INSPIRE/outputs/singapore/inference/dep000144/raw_outputs/ami-mini-20250927T172602.jpg,crop_1,nonmoth,Lepidoptera Macros,Trilocha varians,Noctuidae,Adela,Adela croesella,,0,TRUE
Track_004216,28/09/2025 00:30,28/09/2025 00:34,3,3,/home/users/alyduf25/INSPIRE/outputs/singapore/inference/dep000144/raw_outputs/ami-mini-20250927T173004.jpg,crop_1,nonmoth,Lepidoptera Macros,Hippotion rosetta,Noctuidae,Conistra,Conistra rubiginosa,0.048303965,4.033333333333333,FALSE
Track_004217,28/09/2025 00:36,28/09/2025 00:42,4,4,/home/users/alyduf25/INSPIRE/outputs/singapore/inference/dep000144/raw_outputs/ami-mini-20250927T173607.jpg,crop_1,nonmoth,Lepidoptera Macros,Hyposidra talaca,Geometridae,Epinotia,Timandra comae,0.6387792500619293,6.05,FALSE
Track_004218,28/09/2025 00:36,28/09/2025 00:36,1,1,/home/users/alyduf25/INSPIRE/outputs/singapore/inference/dep000144/raw_outputs/ami-mini-20250927T173607.jpg,crop_3,moth,Lepidoptera Macros,Hyposidra talaca,Geometridae,Amblyptilia,Amblyptilia acanthadactyla,2.6619816304170865,0,TRUE
Track_004219,28/09/2025 00:40,28/09/2025 00:40,1,1,/home/users/alyduf25/INSPIRE/outputs/singapore/inference/dep000144/raw_outputs/ami-mini-20250927T174009.jpg,crop_2,moth,Lepidoptera Macros,Hyposidra talaca,Geometridae,Diurnea,Diurnea fagella,2.337135990125708,0,TRUE
Track_004220,28/09/2025 00:40,28/09/2025 00:40,1,1,/home/users/alyduf25/INSPIRE/outputs/singapore/inference/dep000144/raw_outputs/ami-mini-20250927T174009.jpg,crop_4,moth,Lepidoptera Macros,Hyposidra talaca,Geometridae,Hemithea,Hemithea aestivaria,2.3893849233209776,0,TRUE
Track_004221,28/09/2025 00:40,28/09/2025 00:40,1,1,/home/users/alyduf25/INSPIRE/outputs/singapore/inference/dep000144/raw_outputs/ami-mini-20250927T174009.jpg,crop_5,moth,Lepidoptera Micros,Gisilia thoracista,Pyralidae,Plodia,Plodia interpunctella,3.1999574136798925,0,TRUE
Track_004222,28/09/2025 00:44,28/09/2025 00:44,1,1,/home/users/alyduf25/INSPIRE/outputs/singapore/inference/dep000144/raw_outputs/ami-mini-20250927T174411.jpg,crop_1,nonmoth,Lepidoptera Macros,Attacus atlas,Lycaenidae,Maculinea,Maculinea nausithous,1.1493488172900388,0,TRUE
Track_004223,28/09/2025 00:44,28/09/2025 00:44,1,1,/home/users/alyduf25/INSPIRE/outputs/singapore/inference/dep000144/raw_outputs/ami-mini-20250927T174411.jpg,crop_2,nonmoth,Lepidoptera Micros,Plutella xylostella,Pyralidae,Plodia,Plodia interpunctella,2.764885616088925,0,TRUE
Track_004224,28/09/2025 00:46,28/09/2025 00:54,5,5,/home/users/alyduf25/INSPIRE/outputs/singapore/inference/dep000144/raw_outputs/ami-mini-20250927T174612.jpg,crop_1,nonmoth,Lepidoptera Macros,Hippotion rosetta,Lycaenidae,Maculinea,Maculinea nausithous,0.4617715129823073,8.066666666666666,FALSE
Track_004225,28/09/2025 00:58,28/09/2025 00:58,1,1,/home/users/alyduf25/INSPIRE/outputs/singapore/inference/dep000144/raw_outputs/ami-mini-20250927T175818.jpg,crop_1,nonmoth,Lepidoptera Macros,Hippotion celerio,Lypusidae,Agnoea,Agnoea josephinae,,0,TRUE
Track_004226,28/09/2025 01:00,28/09/2025 01:02,2,2,/home/users/alyduf25/INSPIRE/outputs/singapore/inference/dep000144/raw_outputs/ami-mini-20250927T180019.jpg,crop_1,nonmoth,Lepidoptera Macros,Attacus atlas,Geometridae,Maculinea,Maculinea nausithous,1.349726663,2.0166666666666666,FALSE
Track_004227,28/09/2025 01:04,28/09/2025 01:06,2,2,/home/users/alyduf25/INSPIRE/outputs/singapore/inference/dep000144/raw_outputs/ami-mini-20250927T180421.jpg,crop_1,nonmoth,Lepidoptera Macros,Maruca vitrata,Noctuidae,Agonopterix,Agonopterix scopariella,0.9569881577185204,2.0166666666666666,FALSE
Track_004228,28/09/2025 01:08,28/09/2025 01:10,2,2,/home/users/alyduf25/INSPIRE/outputs/singapore/inference/dep000144/raw_outputs/ami-mini-20250927T180823.jpg,crop_1,nonmoth,Lepidoptera Macros,Hippotion celerio,Geometridae,Timandra,Timandra comae,0.8265109040955794,2.0166666666666666,FALSE
Track_004229,28/09/2025 01:12,28/09/2025 01:14,2,2,/home/users/alyduf25/INSPIRE/outputs/singapore/inference/dep000144/raw_outputs/ami-mini-20250927T181225.jpg,crop_1,nonmoth,Lepidoptera Macros,Diaphania indica,Geometridae,Thetidia,Thetidia smaragdaria,0.6326959617411558,2.0166666666666666,FALSE
Track_004230,28/09/2025 01:14,28/09/2025 01:14,1,1,/home/users/alyduf25/INSPIRE/outputs/singapore/inference/dep000144/raw_outputs/ami-mini-20250927T181426.jpg,crop_3,moth,Lepidoptera Macros,Hyposidra talaca,Pieridae,Anthocharis,Anthocharis cardamines,2.186586131631553,0,TRUE
Track_004231,28/09/2025 01:16,28/09/2025 01:18,2,2,/home/users/alyduf25/INSPIRE/outputs/singapore/inference/dep000144/raw_outputs/ami-mini-20250927T181627.jpg,crop_1,nonmoth,Lepidoptera Macros,Hyposidra talaca,Sesiidae,Synanthedon,Synanthedon myopaeformis,1.0205169136548853,2.0166666666666666,FALSE
Track_004232,28/09/2025 01:20,28/09/2025 01:42,12,12,/home/users/alyduf25/INSPIRE/outputs/singapore/inference/dep000144/raw_outputs/ami-mini-20250927T182029.jpg,crop_1,nonmoth,Lepidoptera Macros,Hippotion rosetta,Tortricidae,Epinotia,Epinotia crenana,0.4222320986852148,22.183333333333334,FALSE
Track_004233,28/09/2025 01:32,28/09/2025 01:32,1,1,/home/users/alyduf25/INSPIRE/outputs/singapore/inference/dep000144/raw_outputs/ami-mini-20250927T183235.jpg,crop_3,moth,Lepidoptera Macros,Trilocha varians,Drepanidae,Falcaria,Falcaria lacertinaria,2.3296368687553586,0,TRUE
Track_004234,28/09/2025 01:44,28/09/2025 01:44,1,1,/home/users/alyduf25/INSPIRE/outputs/singapore/inference/dep000144/raw_outputs/ami-mini-20250927T184441.jpg,crop_1,nonmoth,Lepidoptera Macros,Hippotion rosetta,Geometridae,Thetidia,Thetidia smaragdaria,1.228090516665231,0,TRUE
Track_004235,28/09/2025 01:48,28/09/2025 01:50,2,2,/home/users/alyduf25/INSPIRE/outputs/singapore/inference/dep000144/raw_outputs/ami-mini-20250927T184843.jpg,crop_1,nonmoth,Lepidoptera Macros,Hippotion rosetta,Geometridae,Triodia,Triodia sylvina,0.1001085942567515,2.0166666666666666,FALSE
Track_004236,28/09/2025 01:48,28/09/2025 01:48,1,1,/home/users/alyduf25/INSPIRE/outputs/singapore/inference/dep000144/raw_outputs/ami-mini-20250927T184843.jpg,crop_3,moth,Lepidoptera Macros,Hyposidra talaca,Noctuidae,Falcaria,Falcaria lacertinaria,,0,TRUE
Track_004237,28/09/2025 01:56,28/09/2025 01:56,1,1,/home/users/alyduf25/INSPIRE/outputs/singapore/inference/dep000144/raw_outputs/ami-mini-20250927T185647.jpg,crop_1,nonmoth,Lepidoptera Micros,Tinea pellionella,Pyralidae,Plodia,Plodia interpunctella,,0,TRUE
Track_004238,28/09/2025 01:58,28/09/2025 01:58,1,1,/home/users/alyduf25/INSPIRE/outputs/singapore/inference/dep000144/raw_outputs/ami-mini-20250927T185848.jpg,crop_1,nonmoth,Lepidoptera Macros,Neogurelca hyas,Tortricidae,Epinotia,Epinotia nanana,3.057919751911131,0,TRUE
Track_004239,28/09/2025 02:00,28/09/2025 02:02,2,2,/home/users/alyduf25/INSPIRE/outputs/singapore/inference/dep000144/raw_outputs/ami-mini-20250927T190049.jpg,crop_1,nonmoth,Lepidoptera Macros,Attacus atlas,Sesiidae,Synanthedon,Synanthedon myopaeformis,0.9368937209972552,2.0166666666666666,FALSE
Track_004240,28/09/2025 02:04,28/09/2025 02:04,1,1,/home/users/alyduf25/INSPIRE/outputs/singapore/inference/dep000144/raw_outputs/ami-mini-20250927T190451.jpg,crop_1,nonmoth,Lepidoptera Macros,Theretra latreillii,Geometridae,Synanthedon,Synanthedon myopaeformis,1.0942942809845544,0,TRUE
Track_004241,28/09/2025 02:04,28/09/2025 02:04,1,1,/home/users/alyduf25/INSPIRE/outputs/singapore/inference/dep000144/raw_outputs/ami-mini-20250927T190451.jpg,crop_3,moth,Lepidoptera Macros,Trilocha varians,Pieridae,Gonepteryx,Gonepteryx rhamni,2.375754440858966,0,TRUE
Track_004242,28/09/2025 02:06,28/09/2025 02:08,2,2,/home/users/alyduf25/INSPIRE/outputs/singapore/inference/dep000144/raw_outputs/ami-mini-20250927T190652.jpg,crop_1,nonmoth,Lepidoptera Macros,Hyposidra talaca,Sesiidae,Synanthedon,Synanthedon myopaeformis,0.94616115,2.0166666666666666,FALSE
Track_004243,28/09/2025 02:10,28/09/2025 02:14,3,3,/home/users/alyduf25/INSPIRE/outputs/singapore/inference/dep000144/raw_outputs/ami-mini-20250927T191054.jpg,crop_1,nonmoth,Lepidoptera Macros,Stenoptilodes taprobanes,Noctuidae,Epinotia,Mormo maura,1.064021089380647,4.033333333333333,FALSE
Track_004244,28/09/2025 02:23,28/09/2025 02:23,1,1,/home/users/alyduf25/INSPIRE/outputs/singapore/inference/dep000144/raw_outputs/ami-mini-20250927T192300.jpg,crop_1,nonmoth,Lepidoptera Macros,Hippotion celerio,Adelidae,Adela,Adela croesella,,0,TRUE
Track_004245,28/09/2025 02:25,28/09/2025 02:31,4,4,/home/users/alyduf25/INSPIRE/outputs/singapore/inference/dep000144/raw_outputs/ami-mini-20250927T192501.jpg,crop_1,nonmoth,Lepidoptera Macros,Hippotion celerio,Lycaenidae,Agonopterix,Agonopterix ciliella,0.767706706,6.05,FALSE
Track_004246,28/09/2025 02:31,28/09/2025 02:31,1,1,/home/users/alyduf25/INSPIRE/outputs/singapore/inference/dep000144/raw_outputs/ami-mini-20250927T193104.jpg,crop_3,moth,Lepidoptera Macros,Trilocha varians,Geometridae,Idaea,Idaea emarginata,2.468514851361075,0,TRUE
Track_004247,28/09/2025 02:33,28/09/2025 02:33,1,1,/home/users/alyduf25/INSPIRE/outputs/singapore/inference/dep000144/raw_outputs/ami-mini-20250927T193305.jpg,crop_1,nonmoth,Lepidoptera Macros,Attacus atlas,Sesiidae,Synanthedon,Synanthedon myopaeformis,1.2760347449955909,0,TRUE
Track_004248,28/09/2025 02:33,28/09/2025 02:33,1,1,/home/users/alyduf25/INSPIRE/outputs/singapore/inference/dep000144/raw_outputs/ami-mini-20250927T193305.jpg,crop_2,moth,Lepidoptera Macros,Trilocha varians,Gelechiidae,Scrobipalpa,Scrobipalpa ocellatella,1.6187685133364642,0,TRUE
Track_004249,28/09/2025 02:33,28/09/2025 02:33,1,1,/home/users/alyduf25/INSPIRE/outputs/singapore/inference/dep000144/raw_outputs/ami-mini-20250927T193305.jpg,crop_4,moth,Lepidoptera Macros,Hyposidra talaca,Pieridae,Gonepteryx,Gonepteryx rhamni,1.548073054,0,TRUE
Track_004250,28/09/2025 02:35,28/09/2025 02:35,1,1,/home/users/alyduf25/INSPIRE/outputs/singapore/inference/dep000144/raw_outputs/ami-mini-20250927T193506.jpg,crop_1,nonmoth,Lepidoptera Macros,Theretra latreillii,Gelechiidae,Aristotelia,Aristotelia brizella,1.6982681117883605,0,TRUE
Track_004251,28/09/2025 02:37,28/09/2025 02:39,2,2,/home/users/alyduf25/INSPIRE/outputs/singapore/inference/dep000144/raw_outputs/ami-mini-20250927T193707.jpg,crop_1,nonmoth,Lepidoptera Macros,Theretra latreillii,Geometridae,Synanthedon,Synanthedon myopaeformis,1.2118864130906688,2.0166666666666666,FALSE
Track_004252,28/09/2025 02:41,28/09/2025 02:43,2,2,/home/users/alyduf25/INSPIRE/outputs/singapore/inference/dep000144/raw_outputs/ami-mini-20250927T194109.jpg,crop_1,nonmoth,Lepidoptera Macros,Maruca vitrata,Geometridae,Timandra,Timandra comae,0.7350211363172129,2.0166666666666666,FALSE
Track_004253,28/09/2025 02:41,28/09/2025 02:41,1,1,/home/users/alyduf25/INSPIRE/outputs/singapore/inference/dep000144/raw_outputs/ami-mini-20250927T194109.jpg,crop_3,nonmoth,Lepidoptera Macros,Trilocha varians,Depressariidae,Agonopterix,Agonopterix ciliella,2.337194093125257,0,TRUE
Track_004254,28/09/2025 02:45,28/09/2025 02:45,1,1,/home/users/alyduf25/INSPIRE/outputs/singapore/inference/dep000144/raw_outputs/ami-mini-20250927T194511.jpg,crop_1,nonmoth,Lepidoptera Macros,Hippotion celerio,Geometridae,Timandra,Timandra comae,1.6410284992253694,0,TRUE
Track_004255,28/09/2025 02:49,28/09/2025 02:51,2,2,/home/users/alyduf25/INSPIRE/outputs/singapore/inference/dep000144/raw_outputs/ami-mini-20250927T194913.jpg,crop_2,nonmoth,Lepidoptera Macros,Hippotion celerio,Nymphalidae,Boloria,Boloria frigga,0.2957370975150908,2.0166666666666666,FALSE
Track_004256,28/09/2025 02:55,28/09/2025 03:05,6,6,/home/users/alyduf25/INSPIRE/outputs/singapore/inference/dep000144/raw_outputs/ami-mini-20250927T195516.jpg,crop_1,nonmoth,Lepidoptera Macros,Attacus atlas,Geometridae,Epinotia,Synanthedon myopaeformis,0.7509474964977197,10.083333333333334,FALSE
Track_004257,28/09/2025 02:57,28/09/2025 02:57,1,1,/home/users/alyduf25/INSPIRE/outputs/singapore/inference/dep000144/raw_outputs/ami-mini-20250927T195717.jpg,crop_3,moth,Lepidoptera Macros,Traminda aventiaria,Geometridae,Aglossa,Aglossa caprealis,2.2283926451493152,0,TRUE
Track_004258,28/09/2025 03:01,28/09/2025 03:01,1,1,/home/users/alyduf25/INSPIRE/outputs/singapore/inference/dep000144/raw_outputs/ami-mini-20250927T200119.jpg,crop_3,moth,Lepidoptera Macros,Trilocha varians,Geometridae,Phigalia,Phigalia pilosaria,2.2095921486403283,0,TRUE
Track_004259,28/09/2025 03:07,28/09/2025 03:07,1,1,/home/users/alyduf25/INSPIRE/outputs/singapore/inference/dep000144/raw_outputs/ami-mini-20250927T200722.jpg,crop_1,nonmoth,Lepidoptera Macros,Hippotion rosetta,Depressariidae,Agonopterix,Agonopterix scopariella,1.552231741939171,0,TRUE
Track_004260,28/09/2025 03:07,28/09/2025 03:07,1,1,/home/users/alyduf25/INSPIRE/outputs/singapore/inference/dep000144/raw_outputs/ami-mini-20250927T200722.jpg,crop_3,moth,Lepidoptera Macros,Trilocha varians,Cosmopterigidae,Pancalia,Pancalia leuwenhoekella,2.599752198174557,0,TRUE
Track_004261,28/09/2025 03:09,28/09/2025 03:09,1,1,/home/users/alyduf25/INSPIRE/outputs/singapore/inference/dep000144/raw_outputs/ami-mini-20250927T200923.jpg,crop_1,moth,Lepidoptera Macros,Trilocha varians,Geometridae,Eriocrania,Eriocrania semipurpurella,1.5871300876615324,0,TRUE
Track_004262,28/09/2025 03:11,28/09/2025 03:15,3,3,/home/users/alyduf25/INSPIRE/outputs/singapore/inference/dep000144/raw_outputs/ami-mini-20250927T201124.jpg,crop_1,nonmoth,Lepidoptera Macros,Hippotion celerio,Gelechiidae,Thiotricha,Thiotricha subocellea,0.8745619786371727,4.033333333333333,FALSE
Track_004263,28/09/2025 03:15,28/09/2025 03:15,1,1,/home/users/alyduf25/INSPIRE/outputs/singapore/inference/dep000144/raw_outputs/ami-mini-20250927T201526.jpg,crop_3,moth,Lepidoptera Macros,Trilocha varians,Noctuidae,Euxoa,Euxoa tritici,2.197389560629511,0,TRUE
Track_004264,28/09/2025 03:19,28/09/2025 03:21,2,2,/home/users/alyduf25/INSPIRE/outputs/singapore/inference/dep000144/raw_outputs/ami-mini-20250927T201928.jpg,crop_1,nonmoth,Lepidoptera Macros,Hippotion celerio,Lycaenidae,Maculinea,Maculinea nausithous,0.8384352537286729,2.0166666666666666,FALSE
Track_004265,28/09/2025 03:23,28/09/2025 03:23,1,1,/home/users/alyduf25/INSPIRE/outputs/singapore/inference/dep000144/raw_outputs/ami-mini-20250927T202330.jpg,crop_1,nonmoth,Lepidoptera Macros,Hippotion celerio,Geometridae,Scotopteryx,Scotopteryx bipunctaria,1.494821698796011,0,TRUE
Track_004266,28/09/2025 03:25,28/09/2025 03:25,1,1,/home/users/alyduf25/INSPIRE/outputs/singapore/inference/dep000144/raw_outputs/ami-mini-20250927T202531.jpg,crop_1,nonmoth,Lepidoptera Macros,Hippotion celerio,Geometridae,Idaea,Idaea rusticata,1.6660426118259233,0,TRUE
Track_004267,28/09/2025 03:27,28/09/2025 03:27,1,1,/home/users/alyduf25/INSPIRE/outputs/singapore/inference/dep000144/raw_outputs/ami-mini-20250927T202732.jpg,crop_1,nonmoth,Lepidoptera Macros,Theretra latreillii,Geometridae,Timandra,Timandra comae,1.494122497626429,0,TRUE
Track_004268,28/09/2025 03:29,28/09/2025 03:33,3,3,/home/users/alyduf25/INSPIRE/outputs/singapore/inference/dep000144/raw_outputs/ami-mini-20250927T202933.jpg,crop_1,nonmoth,Lepidoptera Macros,Hippotion celerio,Lycaenidae,Maculinea,Maculinea nausithous,0.8214648023339817,4.033333333333333,FALSE
Track_004269,28/09/2025 03:35,28/09/2025 03:39,3,3,/home/users/alyduf25/INSPIRE/outputs/singapore/inference/dep000144/raw_outputs/ami-mini-20250927T203536.jpg,crop_1,nonmoth,Lepidoptera Macros,Hippotion celerio,Geometridae,Maculinea,Maculinea nausithous,0.8083297832933214,4.033333333333333,FALSE
Track_004270,28/09/2025 03:41,28/09/2025 03:45,3,3,/home/users/alyduf25/INSPIRE/outputs/singapore/inference/dep000144/raw_outputs/ami-mini-20250927T204139.jpg,crop_1,nonmoth,Lepidoptera Macros,Trilocha varians,Geometridae,Conistra,Conistra rubiginosa,0.9369707507441316,4.033333333333333,FALSE
Track_004271,28/09/2025 03:47,28/09/2025 03:47,1,1,/home/users/alyduf25/INSPIRE/outputs/singapore/inference/dep000144/raw_outputs/ami-mini-20250927T204742.jpg,crop_1,nonmoth,Lepidoptera Macros,Theretra latreillii,Noctuidae,Malacosoma,Malacosoma castrense,1.217679321093721,0,TRUE
Track_004272,28/09/2025 03:49,28/09/2025 03:49,1,1,/home/users/alyduf25/INSPIRE/outputs/singapore/inference/dep000144/raw_outputs/ami-mini-20250927T204943.jpg,crop_1,nonmoth,Lepidoptera Macros,Hippotion celerio,Geometridae,Timandra,Timandra comae,1.5643759336432497,0,TRUE
Track_004273,28/09/2025 03:53,28/09/2025 03:53,1,1,/home/users/alyduf25/INSPIRE/outputs/singapore/inference/dep000144/raw_outputs/ami-mini-20250927T205345.jpg,crop_1,nonmoth,Lepidoptera Macros,Hippotion celerio,Noctuidae,Argyresthia,Hofmannophila pseudospretella,,0,TRUE
Track_004274,28/09/2025 03:55,28/09/2025 03:57,2,2,/home/users/alyduf25/INSPIRE/outputs/singapore/inference/dep000144/raw_outputs/ami-mini-20250927T205546.jpg,crop_1,nonmoth,Lepidoptera Macros,Hippotion celerio,Gelechiidae,Helcystogramma,Helcystogramma lutatella,0.9492626670408628,2.0166666666666666,FALSE
Track_004275,28/09/2025 03:59,28/09/2025 03:59,1,1,/home/users/alyduf25/INSPIRE/outputs/singapore/inference/dep000144/raw_outputs/ami-mini-20250927T205948.jpg,crop_1,nonmoth,Lepidoptera Macros,Hippotion rosetta,Gelechiidae,Gelechia,Gelechia muscosella,1.3047236661492476,0,TRUE
Track_004276,28/09/2025 04:01,28/09/2025 04:01,1,1,/home/users/alyduf25/INSPIRE/outputs/singapore/inference/dep000144/raw_outputs/ami-mini-20250927T210149.jpg,crop_2,nonmoth,Lepidoptera Macros,Hippotion celerio,Crambidae,Catoptria,Catoptria lythargyrella,1.357754513170431,0,TRUE
Track_004277,28/09/2025 04:05,28/09/2025 04:09,3,3,/home/users/alyduf25/INSPIRE/outputs/singapore/inference/dep000144/raw_outputs/ami-mini-20250927T210551.jpg,crop_3,moth,Lepidoptera Macros,Hippotion rosetta,Geometridae,Argyresthia,Argyresthia retinella,0.7729506258695871,4.033333333333333,FALSE
Track_004278,28/09/2025 04:13,28/09/2025 04:13,1,1,/home/users/alyduf25/INSPIRE/outputs/singapore/inference/dep000144/raw_outputs/ami-mini-20250927T211355.jpg,crop_1,nonmoth,Lepidoptera Macros,Theretra latreillii,Crambidae,Catoptria,Catoptria fulgidella,,0,TRUE
Track_004279,28/09/2025 04:15,28/09/2025 04:15,1,1,/home/users/alyduf25/INSPIRE/outputs/singapore/inference/dep000144/raw_outputs/ami-mini-20250927T211556.jpg,crop_1,nonmoth,Lepidoptera Macros,Hippotion celerio,Lycaenidae,Maculinea,Maculinea nausithous,1.854269313165231,0,TRUE
Track_004280,28/09/2025 04:15,28/09/2025 04:15,1,1,/home/users/alyduf25/INSPIRE/outputs/singapore/inference/dep000144/raw_outputs/ami-mini-20250927T211556.jpg,crop_3,moth,Lepidoptera Macros,Hyposidra talaca,Geometridae,Timandra,Timandra comae,2.702122699314988,0,TRUE
Track_004281,28/09/2025 04:17,28/09/2025 04:19,2,2,/home/users/alyduf25/INSPIRE/outputs/singapore/inference/dep000144/raw_outputs/ami-mini-20250927T211757.jpg,crop_1,nonmoth,Lepidoptera Macros,Hippotion celerio,Noctuidae,Conistra,Conistra rubiginosa,0.8157289411450948,2.0166666666666666,FALSE
Track_004282,28/09/2025 04:21,28/09/2025 04:21,1,1,/home/users/alyduf25/INSPIRE/outputs/singapore/inference/dep000144/raw_outputs/ami-mini-20250927T212159.jpg,crop_1,moth,Lepidoptera Macros,Trilocha varians,Geometridae,Idaea,Idaea emarginata,2.224652322539655,0,TRUE
Track_004283,28/09/2025 04:28,28/09/2025 04:30,2,2,/home/users/alyduf25/INSPIRE/outputs/singapore/inference/dep000144/raw_outputs/ami-mini-20250927T212802.jpg,crop_1,nonmoth,Lepidoptera Macros,Hippotion celerio,Pieridae,Anthocharis,Anthocharis cardamines,0.7192691044421571,2.0166666666666666,FALSE
Track_004284,29/09/2025 19:22,29/09/2025 19:22,1,1,/home/users/alyduf25/INSPIRE/outputs/singapore/inference/dep000144/raw_outputs/ami-mini-20250929T122248.jpg,crop_2,nonmoth,Lepidoptera Micros,Ephestiodes infimella,Noctuidae,Graphiphora,Graphiphora augur,,0,TRUE
Track_004285,29/09/2025 19:28,29/09/2025 19:28,1,1,/home/users/alyduf25/INSPIRE/outputs/singapore/inference/dep000144/raw_outputs/ami-mini-20250929T122851.jpg,crop_1,nonmoth,Lepidoptera Micros,Cryptothelea gloverii,Noctuidae,Ypsolopha,Ypsolopha dentella,,0,TRUE
Track_004286,29/09/2025 20:09,29/09/2025 20:09,1,1,/home/users/alyduf25/INSPIRE/outputs/singapore/inference/dep000144/raw_outputs/ami-mini-20250929T130911.jpg,crop_1,nonmoth,Lepidoptera Micros,Tinea pellionella,Pterophoridae,Emmelina,Emmelina monodactyla,,0,TRUE
Track_004287,29/09/2025 20:17,29/09/2025 20:17,1,1,/home/users/alyduf25/INSPIRE/outputs/singapore/inference/dep000144/raw_outputs/ami-mini-20250929T131715.jpg,crop_1,nonmoth,Lepidoptera Macros,Hyposidra talaca,Geometridae,Pancalia,Pancalia leuwenhoekella,,0,TRUE
Track_004288,29/09/2025 20:21,29/09/2025 20:21,1,1,/home/users/alyduf25/INSPIRE/outputs/singapore/inference/dep000144/raw_outputs/ami-mini-20250929T132117.jpg,crop_1,nonmoth,Diptera Nematocera,,,,,,0,TRUE
Track_004289,29/09/2025 20:23,29/09/2025 20:23,1,1,/home/users/alyduf25/INSPIRE/outputs/singapore/inference/dep000144/raw_outputs/ami-mini-20250929T132318.jpg,crop_1,nonmoth,Lepidoptera Micros,Tinea pellionella,Pyralidae,Plodia,Plodia interpunctella,,0,TRUE
Track_004290,29/09/2025 20:33,29/09/2025 20:33,1,1,/home/users/alyduf25/INSPIRE/outputs/singapore/inference/dep000144/raw_outputs/ami-mini-20250929T133323.jpg,crop_1,nonmoth,Diptera Nematocera,,,,,,0,TRUE
Track_004291,29/09/2025 20:37,29/09/2025 20:37,1,1,/home/users/alyduf25/INSPIRE/outputs/singapore/inference/dep000144/raw_outputs/ami-mini-20250929T133725.jpg,crop_1,nonmoth,Araneae,,,,,,0,TRUE
Track_004292,29/09/2025 20:39,29/09/2025 20:41,2,2,/home/users/alyduf25/INSPIRE/outputs/singapore/inference/dep000144/raw_outputs/ami-mini-20250929T133926.jpg,crop_1,nonmoth,Lepidoptera Macros,Maruca vitrata,Gelechiidae,Bryotropha,Bryotropha similis,0.8124038138876113,2.0166666666666666,FALSE
Track_004293,29/09/2025 20:43,29/09/2025 20:43,1,1,/home/users/alyduf25/INSPIRE/outputs/singapore/inference/dep000144/raw_outputs/ami-mini-20250929T134328.jpg,crop_1,nonmoth,Lepidoptera Macros,Agrius convolvuli,Geometridae,Timandra,Timandra comae,1.5606160844517225,0,TRUE
Track_004294,29/09/2025 20:45,29/09/2025 20:45,1,1,/home/users/alyduf25/INSPIRE/outputs/singapore/inference/dep000144/raw_outputs/ami-mini-20250929T134529.jpg,crop_1,nonmoth,Lepidoptera Macros,Trilocha varians,Crambidae,Evergestis,Evergestis aenealis,1.866925949911548,0,TRUE
Track_004295,29/09/2025 20:47,29/09/2025 20:47,1,1,/home/users/alyduf25/INSPIRE/outputs/singapore/inference/dep000144/raw_outputs/ami-mini-20250929T134730.jpg,crop_1,nonmoth,Lepidoptera Macros,Hippotion rosetta,Sesiidae,Synanthedon,Synanthedon myopaeformis,1.7905623538070774,0,TRUE
Track_004296,29/09/2025 20:49,29/09/2025 20:49,1,1,/home/users/alyduf25/INSPIRE/outputs/singapore/inference/dep000144/raw_outputs/ami-mini-20250929T134931.jpg,crop_1,nonmoth,Lepidoptera Macros,Hippotion rosetta,Noctuidae,Oegoconia,Tyta luctuosa,1.6307447664125585,0,TRUE
Track_004297,29/09/2025 20:53,29/09/2025 20:57,3,3,/home/users/alyduf25/INSPIRE/outputs/singapore/inference/dep000144/raw_outputs/ami-mini-20250929T135333.jpg,crop_1,nonmoth,Lepidoptera Macros,Hyposidra talaca,Geometridae,Synanthedon,Synanthedon myopaeformis,0.8167157319778624,4.033333333333333,FALSE
Track_004298,29/09/2025 20:55,29/09/2025 20:55,1,1,/home/users/alyduf25/INSPIRE/outputs/singapore/inference/dep000144/raw_outputs/ami-mini-20250929T135534.jpg,crop_2,nonmoth,Lepidoptera Micros,Hypena lividalis,Geometridae,Operophtera,Operophtera brumata,3.0655152842900613,0,TRUE
Track_004299,29/09/2025 21:05,29/09/2025 21:09,3,3,/home/users/alyduf25/INSPIRE/outputs/singapore/inference/dep000144/raw_outputs/ami-mini-20250929T140539.jpg,crop_1,nonmoth,Lepidoptera Macros,Attacus atlas,Sesiidae,Synanthedon,Synanthedon myopaeformis,0.5214597937035621,4.033333333333333,FALSE
Track_004300,29/09/2025 21:07,29/09/2025 21:07,1,1,/home/users/alyduf25/INSPIRE/outputs/singapore/inference/dep000144/raw_outputs/ami-mini-20250929T140740.jpg,crop_3,moth,Lepidoptera Macros,Trilocha varians,Pterophoridae,Amblyptilia,Amblyptilia acanthadactyla,2.378813643821976,0,TRUE
Track_004301,29/09/2025 21:11,29/09/2025 21:15,3,3,/home/users/alyduf25/INSPIRE/outputs/singapore/inference/dep000144/raw_outputs/ami-mini-20250929T141142.jpg,crop_1,nonmoth,Lepidoptera Macros,Hippotion rosetta,Tortricidae,Epinotia,Epinotia crenana,0.4054752173206346,4.033333333333333,FALSE
Track_004302,29/09/2025 21:15,29/09/2025 21:15,1,1,/home/users/alyduf25/INSPIRE/outputs/singapore/inference/dep000144/raw_outputs/ami-mini-20250929T141544.jpg,crop_3,moth,Lepidoptera Macros,Hyposidra talaca,Geometridae,Amblyptilia,Amblyptilia acanthadactyla,2.3304855606630213,0,TRUE
Track_004303,29/09/2025 21:17,29/09/2025 21:25,5,5,/home/users/alyduf25/INSPIRE/outputs/singapore/inference/dep000144/raw_outputs/ami-mini-20250929T141745.jpg,crop_1,nonmoth,Lepidoptera Macros,Trilocha varians,Geometridae,Pararge,Pararge petropolitana,0.6173794705377127,8.066666666666666,FALSE
Track_004304,29/09/2025 21:27,29/09/2025 21:27,1,1,/home/users/alyduf25/INSPIRE/outputs/singapore/inference/dep000144/raw_outputs/ami-mini-20250929T142750.jpg,crop_1,nonmoth,Lepidoptera Macros,Maruca vitrata,Notodontidae,Stauropus,Stauropus fagi,1.5368568005211003,0,TRUE
Track_004305,29/09/2025 21:29,29/09/2025 21:31,2,2,/home/users/alyduf25/INSPIRE/outputs/singapore/inference/dep000144/raw_outputs/ami-mini-20250929T142951.jpg,crop_1,nonmoth,Lepidoptera Macros,Theretra nessus,Geometridae,Conistra,Conistra rubiginosa,0.5558827402169997,2.0166666666666666,FALSE
Track_004306,29/09/2025 21:35,29/09/2025 21:35,1,1,/home/users/alyduf25/INSPIRE/outputs/singapore/inference/dep000144/raw_outputs/ami-mini-20250929T143554.jpg,crop_1,nonmoth,Lepidoptera Micros,Phereoeca uterella,Erebidae,Manulea,Manulea complana,,0,TRUE
Track_004307,29/09/2025 21:37,29/09/2025 21:39,2,2,/home/users/alyduf25/INSPIRE/outputs/singapore/inference/dep000144/raw_outputs/ami-mini-20250929T143755.jpg,crop_1,nonmoth,Lepidoptera Macros,Exelastis pumilio,Pieridae,Anthocharis,Anthocharis cardamines,1.633567502396291,2.0166666666666666,FALSE
Track_004308,29/09/2025 21:37,29/09/2025 21:41,3,3,/home/users/alyduf25/INSPIRE/outputs/singapore/inference/dep000144/raw_outputs/ami-mini-20250929T143755.jpg,crop_2,moth,Diptera Nematocera,Ephestiodes infimella,Geometridae,Ascotis,Ascotis selenaria,0.9300682976151616,4.033333333333333,FALSE
Track_004309,29/09/2025 21:41,29/09/2025 21:41,1,1,/home/users/alyduf25/INSPIRE/outputs/singapore/inference/dep000144/raw_outputs/ami-mini-20250929T144157.jpg,crop_1,nonmoth,Lepidoptera Macros,Diaphania indica,Adelidae,Adela,Adela croesella,1.773275687441416,0,TRUE
Track_004310,29/09/2025 21:43,29/09/2025 21:45,2,2,/home/users/alyduf25/INSPIRE/outputs/singapore/inference/dep000144/raw_outputs/ami-mini-20250929T144358.jpg,crop_1,nonmoth,Lepidoptera Macros,Hyposidra talaca,Geometridae,Alsophila,Alsophila aescularia,0.6789657234269967,2.0166666666666666,FALSE
Track_004311,29/09/2025 21:48,29/09/2025 21:50,2,2,/home/users/alyduf25/INSPIRE/outputs/singapore/inference/dep000144/raw_outputs/ami-mini-20250929T144800.jpg,crop_1,nonmoth,Lepidoptera Macros,Hyposidra talaca,Lycaenidae,Maculinea,Maculinea nausithous,0.5899949151436843,2.0166666666666666,FALSE
Track_004312,29/09/2025 21:52,29/09/2025 21:56,3,3,/home/users/alyduf25/INSPIRE/outputs/singapore/inference/dep000144/raw_outputs/ami-mini-20250929T145202.jpg,crop_1,nonmoth,Lepidoptera Macros,Attacus atlas,Geometridae,Synanthedon,Synanthedon myopaeformis,0.7648097764426178,4.033333333333333,FALSE
Track_004313,29/09/2025 22:00,29/09/2025 22:00,1,1,/home/users/alyduf25/INSPIRE/outputs/singapore/inference/dep000144/raw_outputs/ami-mini-20250929T150006.jpg,crop_1,nonmoth,Lepidoptera Macros,Attacus atlas,Geometridae,Synanthedon,Synanthedon myopaeformis,,0,TRUE
Track_004314,29/09/2025 22:02,29/09/2025 22:02,1,1,/home/users/alyduf25/INSPIRE/outputs/singapore/inference/dep000144/raw_outputs/ami-mini-20250929T150207.jpg,crop_1,nonmoth,Lepidoptera Macros,Attacus atlas,Geometridae,Agonopterix,Agonopterix ciliella,1.693331806754955,0,TRUE
Track_004315,29/09/2025 22:04,29/09/2025 22:04,1,1,/home/users/alyduf25/INSPIRE/outputs/singapore/inference/dep000144/raw_outputs/ami-mini-20250929T150408.jpg,crop_1,nonmoth,Lepidoptera Macros,Trilocha varians,Geometridae,Thetidia,Thetidia smaragdaria,1.343066751079312,0,TRUE
Track_004316,29/09/2025 22:06,29/09/2025 22:08,2,2,/home/users/alyduf25/INSPIRE/outputs/singapore/inference/dep000144/raw_outputs/ami-mini-20250929T150609.jpg,crop_1,nonmoth,Lepidoptera Macros,Attacus atlas,Crambidae,Agriphila,Agriphila tristellus,1.0640710998541465,2.0166666666666666,FALSE
Track_004317,29/09/2025 22:10,29/09/2025 22:10,1,1,/home/users/alyduf25/INSPIRE/outputs/singapore/inference/dep000144/raw_outputs/ami-mini-20250929T151011.jpg,crop_2,nonmoth,Lepidoptera Macros,Hyposidra talaca,Noctuidae,Hofmannophila,Hofmannophila pseudospretella,1.4776668082148403,0,TRUE
Track_004318,29/09/2025 22:12,29/09/2025 22:14,2,2,/home/users/alyduf25/INSPIRE/outputs/singapore/inference/dep000144/raw_outputs/ami-mini-20250929T151212.jpg,crop_1,nonmoth,Lepidoptera Macros,Theretra nessus,Lycaenidae,Maculinea,Maculinea nausithous,1.1240032785118808,2.0166666666666666,FALSE
Track_004319,29/09/2025 22:16,29/09/2025 22:22,4,4,/home/users/alyduf25/INSPIRE/outputs/singapore/inference/dep000144/raw_outputs/ami-mini-20250929T151614.jpg,crop_1,nonmoth,Lepidoptera Macros,Hippotion rosetta,Pyralidae,Aglossa,Aglossa caprealis,0.9734047953733432,6.05,FALSE
Track_004320,29/09/2025 22:24,29/09/2025 22:26,2,2,/home/users/alyduf25/INSPIRE/outputs/singapore/inference/dep000144/raw_outputs/ami-mini-20250929T152418.jpg,crop_1,nonmoth,Lepidoptera Macros,Attacus atlas,Geometridae,Xanthorhoe,Xanthorhoe ferrugata,0.9330405806694376,2.0166666666666666,FALSE
Track_004321,29/09/2025 22:28,29/09/2025 22:28,1,1,/home/users/alyduf25/INSPIRE/outputs/singapore/inference/dep000144/raw_outputs/ami-mini-20250929T152820.jpg,crop_1,nonmoth,Lepidoptera Micros,Ephestiodes infimella,Erebidae,Spilarctia,Spilarctia lutea,2.754745361808873,0,TRUE
Track_004322,29/09/2025 22:30,29/09/2025 22:30,1,1,/home/users/alyduf25/INSPIRE/outputs/singapore/inference/dep000144/raw_outputs/ami-mini-20250929T153021.jpg,crop_1,nonmoth,Lepidoptera Macros,Attacus atlas,Geometridae,Malacosoma,Malacosoma castrense,3.053804955647505,0,TRUE
Track_004323,29/09/2025 22:32,29/09/2025 22:32,1,1,/home/users/alyduf25/INSPIRE/outputs/singapore/inference/dep000144/raw_outputs/ami-mini-20250929T153222.jpg,crop_1,nonmoth,Lepidoptera Macros,Attacus atlas,Pieridae,Anthocharis,Anthocharis cardamines,1.2656919729888678,0,TRUE
Track_004324,29/09/2025 22:36,29/09/2025 22:36,1,1,/home/users/alyduf25/INSPIRE/outputs/singapore/inference/dep000144/raw_outputs/ami-mini-20250929T153624.jpg,crop_1,nonmoth,Lepidoptera Micros,Tinea pellionella,Noctuidae,Agrochola,Agrochola lota,,0,TRUE
Track_004325,29/09/2025 22:38,29/09/2025 22:38,1,1,/home/users/alyduf25/INSPIRE/outputs/singapore/inference/dep000144/raw_outputs/ami-mini-20250929T153825.jpg,crop_2,nonmoth,Diptera Nematocera,,,,,,0,TRUE
Track_004326,29/09/2025 22:40,29/09/2025 22:42,2,2,/home/users/alyduf25/INSPIRE/outputs/singapore/inference/dep000144/raw_outputs/ami-mini-20250929T154026.jpg,crop_1,nonmoth,Lepidoptera Macros,Attacus atlas,Geometridae,Synanthedon,Synanthedon myopaeformis,0.8116651137445673,2.0166666666666666,FALSE
Track_004327,29/09/2025 22:40,29/09/2025 22:40,1,1,/home/users/alyduf25/INSPIRE/outputs/singapore/inference/dep000144/raw_outputs/ami-mini-20250929T154026.jpg,crop_3,nonmoth,Diptera Nematocera,,,,,,0,TRUE
Track_004328,29/09/2025 22:44,29/09/2025 22:46,2,2,/home/users/alyduf25/INSPIRE/outputs/singapore/inference/dep000144/raw_outputs/ami-mini-20250929T154428.jpg,crop_1,nonmoth,Lepidoptera Macros,Neogurelca hyas,Sesiidae,Synanthedon,Synanthedon myopaeformis,1.032676351238758,2.0166666666666666,FALSE
Track_004329,29/09/2025 22:48,29/09/2025 22:48,1,1,/home/users/alyduf25/INSPIRE/outputs/singapore/inference/dep000144/raw_outputs/ami-mini-20250929T154830.jpg,crop_1,nonmoth,Lepidoptera Macros,Hippotion rosetta,Geometridae,Manulea,Manulea complana,1.262582820957377,0,TRUE
Track_004330,29/09/2025 22:50,29/09/2025 22:56,4,4,/home/users/alyduf25/INSPIRE/outputs/singapore/inference/dep000144/raw_outputs/ami-mini-20250929T155031.jpg,crop_1,nonmoth,Lepidoptera Macros,Attacus atlas,Geometridae,Agonopterix,Agonopterix ciliella,0.6199806253568082,6.05,FALSE
Track_004331,29/09/2025 22:52,29/09/2025 22:56,3,3,/home/users/alyduf25/INSPIRE/outputs/singapore/inference/dep000144/raw_outputs/ami-mini-20250929T155232.jpg,crop_3,moth,Lepidoptera Macros,Hyposidra talaca,Geometridae,Maculinea,Maculinea nausithous,0.8506792549216282,4.033333333333333,FALSE
Track_004332,29/09/2025 22:54,29/09/2025 22:54,1,1,/home/users/alyduf25/INSPIRE/outputs/singapore/inference/dep000144/raw_outputs/ami-mini-20250929T155433.jpg,crop_4,moth,Lepidoptera Macros,Hyposidra talaca,Noctuidae,Tiliacea,Tiliacea aurago,1.4186687891423342,0,TRUE
Track_004333,29/09/2025 22:58,29/09/2025 22:58,1,1,/home/users/alyduf25/INSPIRE/outputs/singapore/inference/dep000144/raw_outputs/ami-mini-20250929T155835.jpg,crop_1,nonmoth,Lepidoptera Macros,Attacus atlas,Geometridae,Thetidia,Thetidia smaragdaria,1.603918678145679,0,TRUE
Track_004334,29/09/2025 23:00,29/09/2025 23:00,1,1,/home/users/alyduf25/INSPIRE/outputs/singapore/inference/dep000144/raw_outputs/ami-mini-20250929T160036.jpg,crop_1,nonmoth,Lepidoptera Macros,Attacus atlas,Geometridae,Orthonama,Orthonama obstipata,1.321985251069155,0,TRUE
Track_004335,29/09/2025 23:02,29/09/2025 23:02,1,1,/home/users/alyduf25/INSPIRE/outputs/singapore/inference/dep000144/raw_outputs/ami-mini-20250929T160237.jpg,crop_1,nonmoth,Lepidoptera Macros,Attacus atlas,Geometridae,Triodia,Triodia sylvina,1.0946026966509104,0,TRUE
Track_004336,29/09/2025 23:08,29/09/2025 23:12,3,3,/home/users/alyduf25/INSPIRE/outputs/singapore/inference/dep000144/raw_outputs/ami-mini-20250929T160840.jpg,crop_1,nonmoth,Lepidoptera Macros,Hyposidra talaca,Geometridae,Timandra,Timandra comae,0.4666452904275824,4.033333333333333,FALSE
Track_004337,29/09/2025 23:08,29/09/2025 23:08,1,1,/home/users/alyduf25/INSPIRE/outputs/singapore/inference/dep000144/raw_outputs/ami-mini-20250929T160840.jpg,crop_2,moth,Lepidoptera Macros,Hyposidra talaca,Pterophoridae,Amblyptilia,Amblyptilia acanthadactyla,,0,TRUE
Track_004338,29/09/2025 23:14,29/09/2025 23:14,1,1,/home/users/alyduf25/INSPIRE/outputs/singapore/inference/dep000144/raw_outputs/ami-mini-20250929T161443.jpg,crop_1,nonmoth,Lepidoptera Macros,Daphnis nerii,Sesiidae,Synanthedon,Synanthedon myopaeformis,1.4062439657430776,0,TRUE
Track_004339,29/09/2025 23:16,29/09/2025 23:24,5,5,/home/users/alyduf25/INSPIRE/outputs/singapore/inference/dep000144/raw_outputs/ami-mini-20250929T161644.jpg,crop_1,nonmoth,Lepidoptera Macros,Hippotion celerio,Crambidae,Pediasia,Pediasia luteella,0.4446859015723425,8.066666666666666,FALSE
Track_004340,29/09/2025 23:26,29/09/2025 23:26,1,1,/home/users/alyduf25/INSPIRE/outputs/singapore/inference/dep000144/raw_outputs/ami-mini-20250929T162649.jpg,crop_1,nonmoth,Lepidoptera Macros,Hippotion celerio,Geometridae,Maculinea,Maculinea nausithous,2.2378326013310263,0,TRUE
Track_004341,29/09/2025 23:28,29/09/2025 23:30,2,2,/home/users/alyduf25/INSPIRE/outputs/singapore/inference/dep000144/raw_outputs/ami-mini-20250929T162850.jpg,crop_1,nonmoth,Lepidoptera Macros,Theretra nessus,Depressariidae,Agonopterix,Agonopterix ciliella,1.0822327184018738,2.0166666666666666,FALSE
Track_004342,29/09/2025 23:32,29/09/2025 23:34,2,2,/home/users/alyduf25/INSPIRE/outputs/singapore/inference/dep000144/raw_outputs/ami-mini-20250929T163252.jpg,crop_1,nonmoth,Lepidoptera Macros,Hippotion rosetta,Lycaenidae,Maculinea,Maculinea nausithous,0.5445622794382352,2.0166666666666666,FALSE
Track_004343,29/09/2025 23:36,29/09/2025 23:36,1,1,/home/users/alyduf25/INSPIRE/outputs/singapore/inference/dep000144/raw_outputs/ami-mini-20250929T163654.jpg,crop_1,nonmoth,Lepidoptera Macros,Trilocha varians,Depressariidae,Depressaria,Depressaria emeritella,1.5744165048798204,0,TRUE
Track_004344,29/09/2025 23:36,29/09/2025 23:36,1,1,/home/users/alyduf25/INSPIRE/outputs/singapore/inference/dep000144/raw_outputs/ami-mini-20250929T163654.jpg,crop_3,moth,Lepidoptera Macros,Neogurelca hyas,Tortricidae,Apotomis,Apotomis sororculana,2.514051659396901,0,TRUE
Track_004345,29/09/2025 23:38,29/09/2025 23:38,1,1,/home/users/alyduf25/INSPIRE/outputs/singapore/inference/dep000144/raw_outputs/ami-mini-20250929T163855.jpg,crop_1,nonmoth,Lepidoptera Macros,Hippotion rosetta,Noctuidae,Conistra,Conistra rubiginosa,1.8769432997469129,0,TRUE
Track_004346,29/09/2025 23:40,29/09/2025 23:40,1,1,/home/users/alyduf25/INSPIRE/outputs/singapore/inference/dep000144/raw_outputs/ami-mini-20250929T164056.jpg,crop_1,nonmoth,Lepidoptera Macros,Sphenarches anisodactylus,Sesiidae,Synanthedon,Synanthedon myopaeformis,1.9508563265507408,0,TRUE
Track_004347,29/09/2025 23:42,29/09/2025 23:42,1,1,/home/users/alyduf25/INSPIRE/outputs/singapore/inference/dep000144/raw_outputs/ami-mini-20250929T164257.jpg,crop_1,nonmoth,Lepidoptera Macros,Hippotion celerio,Geometridae,Thetidia,Thetidia smaragdaria,1.6993667730171358,0,TRUE
Track_004348,29/09/2025 23:44,29/09/2025 23:49,3,3,/home/users/alyduf25/INSPIRE/outputs/singapore/inference/dep000144/raw_outputs/ami-mini-20250929T164458.jpg,crop_1,nonmoth,Lepidoptera Macros,Attacus atlas,Noctuidae,Conistra,Conistra rubiginosa,0.9801701397329592,4.033333333333333,FALSE
Track_004349,29/09/2025 23:51,29/09/2025 23:53,2,2,/home/users/alyduf25/INSPIRE/outputs/singapore/inference/dep000144/raw_outputs/ami-mini-20250929T165101.jpg,crop_1,nonmoth,Lepidoptera Macros,Hippotion rosetta,Geometridae,Timandra,Timandra comae,1.2486197620095894,2.0166666666666666,FALSE
Track_004350,29/09/2025 23:55,30/09/2025 00:03,5,5,/home/users/alyduf25/INSPIRE/outputs/singapore/inference/dep000144/raw_outputs/ami-mini-20250929T165503.jpg,crop_1,nonmoth,Lepidoptera Macros,Lyssa zampa,Noctuidae,Thaumetopoea,Thaumetopoea processionea,0.6548994269680705,8.066666666666666,FALSE
Track_004351,29/09/2025 23:57,29/09/2025 23:57,1,1,/home/users/alyduf25/INSPIRE/outputs/singapore/inference/dep000144/raw_outputs/ami-mini-20250929T165704.jpg,crop_3,moth,Lepidoptera Macros,Trilocha varians,Lycaenidae,Maculinea,Maculinea nausithous,2.337005711612076,0,TRUE
Track_004352,30/09/2025 00:05,30/09/2025 00:05,1,1,/home/users/alyduf25/INSPIRE/outputs/singapore/inference/dep000144/raw_outputs/ami-mini-20250929T170508.jpg,crop_1,nonmoth,Lepidoptera Macros,Hypena lividalis,Noctuidae,Hecatera,Hecatera dysodea,2.021770535458568,0,TRUE
Track_004353,30/09/2025 00:07,30/09/2025 00:07,1,1,/home/users/alyduf25/INSPIRE/outputs/singapore/inference/dep000144/raw_outputs/ami-mini-20250929T170709.jpg,crop_1,nonmoth,Lepidoptera Macros,Hippotion rosetta,Geometridae,Maculinea,Maculinea nausithous,1.8718556189003168,0,TRUE
Track_004354,30/09/2025 00:09,30/09/2025 00:13,3,3,/home/users/alyduf25/INSPIRE/outputs/singapore/inference/dep000144/raw_outputs/ami-mini-20250929T170910.jpg,crop_1,nonmoth,Lepidoptera Macros,Lyssa zampa,Tortricidae,Gibberifera,Gibberifera simplana,1.0618594290406955,4.033333333333333,FALSE
Track_004355,30/09/2025 00:15,30/09/2025 00:15,1,1,/home/users/alyduf25/INSPIRE/outputs/singapore/inference/dep000144/raw_outputs/ami-mini-20250929T171513.jpg,crop_1,nonmoth,Lepidoptera Macros,Hippotion celerio,Noctuidae,Trachea,Trachea atriplicis,1.648409250321897,0,TRUE
Track_004356,30/09/2025 00:15,30/09/2025 00:15,1,1,/home/users/alyduf25/INSPIRE/outputs/singapore/inference/dep000144/raw_outputs/ami-mini-20250929T171513.jpg,crop_3,nonmoth,Diptera Nematocera,,,,,,0,TRUE
Track_004357,30/09/2025 00:21,30/09/2025 00:21,1,1,/home/users/alyduf25/INSPIRE/outputs/singapore/inference/dep000144/raw_outputs/ami-mini-20250929T172116.jpg,crop_1,nonmoth,Lepidoptera Macros,Diaphania indica,Geometridae,Timandra,Timandra comae,,0,TRUE
Track_004358,30/09/2025 00:25,30/09/2025 00:27,2,2,/home/users/alyduf25/INSPIRE/outputs/singapore/inference/dep000144/raw_outputs/ami-mini-20250929T172518.jpg,crop_1,nonmoth,Lepidoptera Macros,Theretra nessus,Epermeniidae,Epermenia,Epermenia chaerophyllellus,0.1056442211768493,2.0166666666666666,FALSE
Track_004359,30/09/2025 00:29,30/09/2025 00:29,1,1,/home/users/alyduf25/INSPIRE/outputs/singapore/inference/dep000144/raw_outputs/ami-mini-20250929T172920.jpg,crop_1,nonmoth,Lepidoptera Macros,Attacus atlas,Sesiidae,Synanthedon,Synanthedon myopaeformis,1.717138090327046,0,TRUE
Track_004360,30/09/2025 00:33,30/09/2025 00:35,2,2,/home/users/alyduf25/INSPIRE/outputs/singapore/inference/dep000144/raw_outputs/ami-mini-20250929T173322.jpg,crop_1,nonmoth,Lepidoptera Macros,Trilocha varians,Depressariidae,Agonopterix,Agonopterix scopariella,0.7404300640223485,2.0166666666666666,FALSE
Track_004361,30/09/2025 00:37,30/09/2025 00:39,2,2,/home/users/alyduf25/INSPIRE/outputs/singapore/inference/dep000144/raw_outputs/ami-mini-20250929T173724.jpg,crop_1,nonmoth,Lepidoptera Macros,Macroglossum corythus,Tortricidae,Venusia,Venusia blomeri,1.1077651977222072,2.0166666666666666,FALSE
Track_004362,30/09/2025 00:37,30/09/2025 00:37,1,1,/home/users/alyduf25/INSPIRE/outputs/singapore/inference/dep000144/raw_outputs/ami-mini-20250929T173724.jpg,crop_2,moth,Lepidoptera Macros,Hyposidra talaca,Noctuidae,Hofmannophila,Hofmannophila pseudospretella,2.6107321145192177,0,TRUE
Track_004363,30/09/2025 00:41,30/09/2025 00:43,2,2,/home/users/alyduf25/INSPIRE/outputs/singapore/inference/dep000144/raw_outputs/ami-mini-20250929T174126.jpg,crop_1,nonmoth,Lepidoptera Macros,Attacus atlas,Noctuidae,Conistra,Conistra rubiginosa,1.111679186,2.0166666666666666,FALSE
Track_004364,30/09/2025 00:41,30/09/2025 00:41,1,1,/home/users/alyduf25/INSPIRE/outputs/singapore/inference/dep000144/raw_outputs/ami-mini-20250929T174126.jpg,crop_3,moth,Lepidoptera Macros,Trilocha varians,Coleophoridae,Coleophora,Coleophora discordella,2.373871004971164,0,TRUE
Track_004365,30/09/2025 00:45,30/09/2025 00:45,1,1,/home/users/alyduf25/INSPIRE/outputs/singapore/inference/dep000144/raw_outputs/ami-mini-20250929T174528.jpg,crop_1,nonmoth,Lepidoptera Macros,Attacus atlas,Geometridae,Yponomeuta,Yponomeuta evonymella,1.6633845469043709,0,TRUE
Track_004366,30/09/2025 00:49,30/09/2025 00:49,1,1,/home/users/alyduf25/INSPIRE/outputs/singapore/inference/dep000144/raw_outputs/ami-mini-20250929T174930.jpg,crop_1,nonmoth,Lepidoptera Macros,Attacus atlas,Depressariidae,Agonopterix,Agonopterix ciliella,,0,TRUE
Track_004367,30/09/2025 00:51,30/09/2025 00:51,1,1,/home/users/alyduf25/INSPIRE/outputs/singapore/inference/dep000144/raw_outputs/ami-mini-20250929T175131.jpg,crop_1,nonmoth,Lepidoptera Macros,Pergesa acteus,Geometridae,Scotopteryx,Scotopteryx bipunctaria,1.6176170983997964,0,TRUE
Track_004368,30/09/2025 00:57,30/09/2025 00:57,1,1,/home/users/alyduf25/INSPIRE/outputs/singapore/inference/dep000144/raw_outputs/ami-mini-20250929T175734.jpg,crop_1,nonmoth,Lepidoptera Macros,Hippotion celerio,Lycaenidae,Maculinea,Maculinea nausithous,,0,TRUE
Track_004369,30/09/2025 00:59,30/09/2025 00:59,1,1,/home/users/alyduf25/INSPIRE/outputs/singapore/inference/dep000144/raw_outputs/ami-mini-20250929T175935.jpg,crop_1,nonmoth,Lepidoptera Macros,Attacus atlas,Geometridae,Thetidia,Thetidia smaragdaria,1.2379674597122337,0,TRUE
Track_004370,30/09/2025 00:59,30/09/2025 00:59,1,1,/home/users/alyduf25/INSPIRE/outputs/singapore/inference/dep000144/raw_outputs/ami-mini-20250929T175935.jpg,crop_3,moth,Lepidoptera Macros,Cultripalpa partita,Geometridae,Mesoleuca,Mesoleuca albicillata,2.333756652622928,0,TRUE
Track_004371,30/09/2025 01:01,30/09/2025 01:01,1,1,/home/users/alyduf25/INSPIRE/outputs/singapore/inference/dep000144/raw_outputs/ami-mini-20250929T180136.jpg,crop_1,nonmoth,Lepidoptera Macros,Attacus atlas,Geometridae,Coleophora,Coleophora discordella,1.7587889931884757,0,TRUE
Track_004372,30/09/2025 01:03,30/09/2025 01:07,3,3,/home/users/alyduf25/INSPIRE/outputs/singapore/inference/dep000144/raw_outputs/ami-mini-20250929T180337.jpg,crop_1,nonmoth,Lepidoptera Macros,Attacus atlas,Hepialidae,Triodia,Triodia sylvina,0.8355458164828015,4.033333333333333,FALSE
Track_004373,30/09/2025 01:11,30/09/2025 01:15,3,3,/home/users/alyduf25/INSPIRE/outputs/singapore/inference/dep000144/raw_outputs/ami-mini-20250929T181141.jpg,crop_1,nonmoth,Lepidoptera Macros,Attacus atlas,Sesiidae,Synanthedon,Synanthedon myopaeformis,0.7421621492396806,4.033333333333333,FALSE
Track_004374,30/09/2025 01:11,30/09/2025 01:11,1,1,/home/users/alyduf25/INSPIRE/outputs/singapore/inference/dep000144/raw_outputs/ami-mini-20250929T181141.jpg,crop_2,moth,Lepidoptera Micros,Stathmopoda auriferella,Gracillariidae,Cameraria,Cameraria ohridella,,0,TRUE
Track_004375,30/09/2025 01:15,30/09/2025 01:15,1,1,/home/users/alyduf25/INSPIRE/outputs/singapore/inference/dep000144/raw_outputs/ami-mini-20250929T181543.jpg,crop_2,nonmoth,Diptera Nematocera,,,,,,0,TRUE
Track_004376,30/09/2025 01:17,30/09/2025 01:17,1,1,/home/users/alyduf25/INSPIRE/outputs/singapore/inference/dep000144/raw_outputs/ami-mini-20250929T181744.jpg,crop_1,nonmoth,Lepidoptera Macros,Attacus atlas,Geometridae,Epinotia,Synanthedon myopaeformis,1.2242080556503878,0,TRUE
Track_004377,30/09/2025 01:17,30/09/2025 01:17,1,1,/home/users/alyduf25/INSPIRE/outputs/singapore/inference/dep000144/raw_outputs/ami-mini-20250929T181744.jpg,crop_2,nonmoth,Lepidoptera Micros,Tinea pellionella,Drepanidae,Cilix,Cilix glaucata,2.8179909642426204,0,TRUE
Track_004378,30/09/2025 01:21,30/09/2025 01:23,2,2,/home/users/alyduf25/INSPIRE/outputs/singapore/inference/dep000144/raw_outputs/ami-mini-20250929T182146.jpg,crop_1,nonmoth,Lepidoptera Macros,Daphnis nerii,Geometridae,Agonopterix,Agonopterix ciliella,0.8486476134198992,2.0166666666666666,FALSE
Track_004379,30/09/2025 01:27,30/09/2025 01:27,1,1,/home/users/alyduf25/INSPIRE/outputs/singapore/inference/dep000144/raw_outputs/ami-mini-20250929T182749.jpg,crop_1,nonmoth,Lepidoptera Macros,Attacus atlas,Pyralidae,Plodia,Plodia interpunctella,,0,TRUE
Track_004380,30/09/2025 01:27,30/09/2025 01:27,1,1,/home/users/alyduf25/INSPIRE/outputs/singapore/inference/dep000144/raw_outputs/ami-mini-20250929T182749.jpg,crop_2,nonmoth,Diptera Brachycera,,,,,,0,TRUE
Track_004381,30/09/2025 01:29,30/09/2025 01:31,2,2,/home/users/alyduf25/INSPIRE/outputs/singapore/inference/dep000144/raw_outputs/ami-mini-20250929T182950.jpg,crop_1,nonmoth,Lepidoptera Macros,Attacus atlas,Sesiidae,Synanthedon,Synanthedon myopaeformis,0.9624965979246812,2.0166666666666666,FALSE
Track_004382,30/09/2025 01:33,30/09/2025 01:33,1,1,/home/users/alyduf25/INSPIRE/outputs/singapore/inference/dep000144/raw_outputs/ami-mini-20250929T183352.jpg,crop_1,nonmoth,Lepidoptera Macros,Hippotion rosetta,Geometridae,Xanthorhoe,Xanthorhoe ferrugata,1.2588199104991131,0,TRUE
Track_004383,30/09/2025 01:33,30/09/2025 01:33,1,1,/home/users/alyduf25/INSPIRE/outputs/singapore/inference/dep000144/raw_outputs/ami-mini-20250929T183352.jpg,crop_3,nonmoth,Lepidoptera Micros,Ephestiodes infimella,Noctuidae,Noctua,Noctua janthe,3.0711603250131407,0,TRUE
Track_004384,30/09/2025 01:35,30/09/2025 01:41,4,4,/home/users/alyduf25/INSPIRE/outputs/singapore/inference/dep000144/raw_outputs/ami-mini-20250929T183553.jpg,crop_2,moth,Lepidoptera Micros,Ephestiodes infimella,Pieridae,Anthocharis,Anthocharis cardamines,0.4618870492702451,6.05,FALSE
Track_004385,30/09/2025 01:37,30/09/2025 01:39,2,2,/home/users/alyduf25/INSPIRE/outputs/singapore/inference/dep000144/raw_outputs/ami-mini-20250929T183754.jpg,crop_1,nonmoth,Lepidoptera Macros,Theretra nessus,Lycaenidae,Maculinea,Maculinea nausithous,1.5326170492515336,2.0166666666666666,FALSE
Track_004386,30/09/2025 01:39,30/09/2025 01:39,1,1,/home/users/alyduf25/INSPIRE/outputs/singapore/inference/dep000144/raw_outputs/ami-mini-20250929T183955.jpg,crop_2,moth,Lepidoptera Macros,Hyposidra talaca,Geometridae,Mesoleuca,Mesoleuca albicillata,2.455205959733166,0,TRUE
Track_004387,30/09/2025 01:41,30/09/2025 01:41,1,1,/home/users/alyduf25/INSPIRE/outputs/singapore/inference/dep000144/raw_outputs/ami-mini-20250929T184156.jpg,crop_1,nonmoth,Lepidoptera Macros,Attacus atlas,Lycaenidae,Maculinea,Maculinea nausithous,1.3869384927191335,0,TRUE
Track_004388,30/09/2025 01:43,30/09/2025 01:43,1,1,/home/users/alyduf25/INSPIRE/outputs/singapore/inference/dep000144/raw_outputs/ami-mini-20250929T184357.jpg,crop_1,nonmoth,Lepidoptera Macros,Attacus atlas,Geometridae,Xanthorhoe,Xanthorhoe ferrugata,1.618292936663944,0,TRUE
Track_004389,30/09/2025 01:45,30/09/2025 01:47,2,2,/home/users/alyduf25/INSPIRE/outputs/singapore/inference/dep000144/raw_outputs/ami-mini-20250929T184558.jpg,crop_2,moth,Lepidoptera Micros,Ephestiodes infimella,Tortricidae,Habrosyne,Habrosyne pyritoides,1.576842215204591,2.0166666666666666,FALSE
Track_004390,30/09/2025 01:47,30/09/2025 01:50,2,2,/home/users/alyduf25/INSPIRE/outputs/singapore/inference/dep000144/raw_outputs/ami-mini-20250929T184759.jpg,crop_1,nonmoth,Lepidoptera Macros,Attacus atlas,Pieridae,Anthocharis,Anthocharis cardamines,1.885326715697271,2.0166666666666666,FALSE
Track_004391,30/09/2025 01:52,30/09/2025 01:52,1,1,/home/users/alyduf25/INSPIRE/outputs/singapore/inference/dep000144/raw_outputs/ami-mini-20250929T185201.jpg,crop_1,nonmoth,Lepidoptera Macros,Hyposidra talaca,Geometridae,Thetidia,Thetidia smaragdaria,1.624409224664506,0,TRUE
Track_004392,30/09/2025 01:54,30/09/2025 01:54,1,1,/home/users/alyduf25/INSPIRE/outputs/singapore/inference/dep000144/raw_outputs/ami-mini-20250929T185402.jpg,crop_1,nonmoth,Lepidoptera Macros,Sphenarches anisodactylus,Geometridae,Synanthedon,Synanthedon myopaeformis,1.7373409735233356,0,TRUE
Track_004393,30/09/2025 01:56,30/09/2025 01:56,1,1,/home/users/alyduf25/INSPIRE/outputs/singapore/inference/dep000144/raw_outputs/ami-mini-20250929T185603.jpg,crop_1,nonmoth,Lepidoptera Macros,Trilocha varians,Noctuidae,Coleophora,Coleophora mayrella,1.042413745234603,0,TRUE
Track_004394,30/09/2025 01:58,30/09/2025 02:00,2,2,/home/users/alyduf25/INSPIRE/outputs/singapore/inference/dep000144/raw_outputs/ami-mini-20250929T185804.jpg,crop_1,nonmoth,Lepidoptera Macros,Attacus atlas,Sesiidae,Synanthedon,Synanthedon myopaeformis,1.077449113166132,2.0166666666666666,FALSE
Track_004395,30/09/2025 02:02,30/09/2025 02:02,1,1,/home/users/alyduf25/INSPIRE/outputs/singapore/inference/dep000144/raw_outputs/ami-mini-20250929T190206.jpg,crop_1,nonmoth,Diptera Nematocera,,,,,,0,TRUE
Track_004396,30/09/2025 02:02,30/09/2025 02:02,1,1,/home/users/alyduf25/INSPIRE/outputs/singapore/inference/dep000144/raw_outputs/ami-mini-20250929T190206.jpg,crop_3,moth,Lepidoptera Macros,Trilocha varians,Geometridae,Agnoea,Agnoea josephinae,2.2265675530895304,0,TRUE
Track_004397,30/09/2025 02:04,30/09/2025 02:06,2,2,/home/users/alyduf25/INSPIRE/outputs/singapore/inference/dep000144/raw_outputs/ami-mini-20250929T190407.jpg,crop_1,nonmoth,Lepidoptera Macros,Theretra nessus,Lycaenidae,Maculinea,Maculinea nausithous,1.1064502292585223,2.0166666666666666,FALSE
Track_004398,30/09/2025 02:08,30/09/2025 02:20,7,7,/home/users/alyduf25/INSPIRE/outputs/singapore/inference/dep000144/raw_outputs/ami-mini-20250929T190809.jpg,crop_1,nonmoth,Lepidoptera Macros,Attacus atlas,Geometridae,Maculinea,Maculinea nausithous,0.679795619,12.1,FALSE
Track_004399,30/09/2025 02:16,30/09/2025 02:16,1,1,/home/users/alyduf25/INSPIRE/outputs/singapore/inference/dep000144/raw_outputs/ami-mini-20250929T191613.jpg,crop_2,nonmoth,Lepidoptera Micros,Phereoeca uterella,Noctuidae,Plodia,Plodia interpunctella,2.815215236215354,0,TRUE
Track_004400,30/09/2025 02:22,30/09/2025 02:24,2,2,/home/users/alyduf25/INSPIRE/outputs/singapore/inference/dep000144/raw_outputs/ami-mini-20250929T192216.jpg,crop_1,nonmoth,Lepidoptera Macros,Attacus atlas,Geometridae,Thetidia,Thetidia smaragdaria,1.126645142447107,2.0166666666666666,FALSE
Track_004401,30/09/2025 02:26,30/09/2025 02:26,1,1,/home/users/alyduf25/INSPIRE/outputs/singapore/inference/dep000144/raw_outputs/ami-mini-20250929T192618.jpg,crop_1,nonmoth,Lepidoptera Macros,Theretra nessus,Geometridae,Timandra,Timandra comae,1.5350598936884077,0,TRUE
Track_004402,30/09/2025 02:28,30/09/2025 02:30,2,2,/home/users/alyduf25/INSPIRE/outputs/singapore/inference/dep000144/raw_outputs/ami-mini-20250929T192819.jpg,crop_1,nonmoth,Lepidoptera Macros,Hyposidra talaca,Geometridae,Xanthorhoe,Xanthorhoe ferrugata,0.9869556285643696,2.0166666666666666,FALSE
Track_004403,30/09/2025 02:32,30/09/2025 02:34,2,2,/home/users/alyduf25/INSPIRE/outputs/singapore/inference/dep000144/raw_outputs/ami-mini-20250929T193221.jpg,crop_1,nonmoth,Lepidoptera Macros,Attacus atlas,Sesiidae,Synanthedon,Synanthedon myopaeformis,0.9534413632772688,2.0166666666666666,FALSE
Track_004404,30/09/2025 02:36,30/09/2025 02:36,1,1,/home/users/alyduf25/INSPIRE/outputs/singapore/inference/dep000144/raw_outputs/ami-mini-20250929T193623.jpg,crop_1,nonmoth,Lepidoptera Macros,Lyssa zampa,Lycaenidae,Maculinea,Maculinea nausithous,1.4492558719368267,0,TRUE
Track_004405,30/09/2025 02:38,30/09/2025 02:44,4,4,/home/users/alyduf25/INSPIRE/outputs/singapore/inference/dep000144/raw_outputs/ami-mini-20250929T193824.jpg,crop_1,nonmoth,Lepidoptera Macros,Trilocha varians,Momphidae,Mompha,Mompha subbistrigella,0.816396524,6.05,FALSE
Track_004406,30/09/2025 02:40,30/09/2025 02:44,3,3,/home/users/alyduf25/INSPIRE/outputs/singapore/inference/dep000144/raw_outputs/ami-mini-20250929T194025.jpg,crop_2,nonmoth,Lepidoptera Macros,Trilocha varians,Erebidae,Herminia,Herminia grisealis,0.7764900085382167,4.033333333333333,FALSE
Track_004407,30/09/2025 02:46,30/09/2025 02:46,1,1,/home/users/alyduf25/INSPIRE/outputs/singapore/inference/dep000144/raw_outputs/ami-mini-20250929T194628.jpg,crop_1,nonmoth,Lepidoptera Macros,Theretra latreillii,Depressariidae,Agonopterix,Agonopterix ciliella,1.337741326512066,0,TRUE
Track_004408,30/09/2025 02:48,30/09/2025 02:48,1,1,/home/users/alyduf25/INSPIRE/outputs/singapore/inference/dep000144/raw_outputs/ami-mini-20250929T194829.jpg,crop_1,nonmoth,Lepidoptera Macros,Trilocha varians,Lycaenidae,Maculinea,Maculinea nausithous,1.0525679369295866,0,TRUE
Track_004409,30/09/2025 02:48,30/09/2025 02:48,1,1,/home/users/alyduf25/INSPIRE/outputs/singapore/inference/dep000144/raw_outputs/ami-mini-20250929T194829.jpg,crop_2,nonmoth,Lepidoptera Micros,Tinea pellionella,Noctuidae,Plodia,Plodia interpunctella,2.951040188339165,0,TRUE
Track_004410,30/09/2025 02:50,30/09/2025 02:50,1,1,/home/users/alyduf25/INSPIRE/outputs/singapore/inference/dep000144/raw_outputs/ami-mini-20250929T195030.jpg,crop_1,nonmoth,Lepidoptera Macros,Theretra latreillii,Lycaenidae,Maculinea,Maculinea nausithous,1.7557565663250954,0,TRUE
Track_004411,30/09/2025 02:50,30/09/2025 02:50,1,1,/home/users/alyduf25/INSPIRE/outputs/singapore/inference/dep000144/raw_outputs/ami-mini-20250929T195030.jpg,crop_2,nonmoth,Diptera Nematocera,,,,,,0,TRUE
Track_004412,30/09/2025 02:52,30/09/2025 02:52,1,1,/home/users/alyduf25/INSPIRE/outputs/singapore/inference/dep000144/raw_outputs/ami-mini-20250929T195231.jpg,crop_1,nonmoth,Lepidoptera Macros,Hippotion celerio,Geometridae,Timandra,Timandra comae,1.2083170757473334,0,TRUE
Track_004413,30/09/2025 02:54,30/09/2025 02:56,2,2,/home/users/alyduf25/INSPIRE/outputs/singapore/inference/dep000144/raw_outputs/ami-mini-20250929T195432.jpg,crop_1,nonmoth,Lepidoptera Macros,Hippotion celerio,Noctuidae,Conistra,Conistra rubiginosa,1.1227318686743273,2.0166666666666666,FALSE
Track_004414,30/09/2025 03:00,30/09/2025 03:00,1,1,/home/users/alyduf25/INSPIRE/outputs/singapore/inference/dep000144/raw_outputs/ami-mini-20250929T200035.jpg,crop_1,nonmoth,Lepidoptera Macros,Daphnis nerii,Geometridae,Timandra,Timandra comae,,0,TRUE
Track_004415,30/09/2025 03:02,30/09/2025 03:02,1,1,/home/users/alyduf25/INSPIRE/outputs/singapore/inference/dep000144/raw_outputs/ami-mini-20250929T200236.jpg,crop_2,nonmoth,Lepidoptera Macros,Hippotion celerio,Noctuidae,Batrachedra,Bedellia somnulentella,1.6171848530179789,0,TRUE
Track_004416,30/09/2025 03:04,30/09/2025 03:06,2,2,/home/users/alyduf25/INSPIRE/outputs/singapore/inference/dep000144/raw_outputs/ami-mini-20250929T200437.jpg,crop_1,nonmoth,Lepidoptera Macros,Hippotion celerio,Geometridae,Conistra,Conistra rubiginosa,1.1333410734727865,2.0166666666666666,FALSE
Track_004417,30/09/2025 03:08,30/09/2025 03:10,2,2,/home/users/alyduf25/INSPIRE/outputs/singapore/inference/dep000144/raw_outputs/ami-mini-20250929T200839.jpg,crop_1,nonmoth,Lepidoptera Macros,Hippotion celerio,Geometridae,Timandra,Timandra comae,1.172659438,2.0166666666666666,FALSE
Track_004418,30/09/2025 03:14,30/09/2025 03:18,3,3,/home/users/alyduf25/INSPIRE/outputs/singapore/inference/dep000144/raw_outputs/ami-mini-20250929T201442.jpg,crop_1,nonmoth,Lepidoptera Macros,Trilocha varians,Lycaenidae,Maculinea,Maculinea nausithous,0.5946086701772376,4.033333333333333,FALSE
Track_004419,30/09/2025 03:18,30/09/2025 03:18,1,1,/home/users/alyduf25/INSPIRE/outputs/singapore/inference/dep000144/raw_outputs/ami-mini-20250929T201844.jpg,crop_3,nonmoth,Lepidoptera Macros,Plodia interpunctella,Pyralidae,Plodia,Plodia interpunctella,2.6850378567841595,0,TRUE
Track_004420,30/09/2025 03:20,30/09/2025 03:24,3,3,/home/users/alyduf25/INSPIRE/outputs/singapore/inference/dep000144/raw_outputs/ami-mini-20250929T202045.jpg,crop_1,nonmoth,Lepidoptera Macros,Hippotion celerio,Sesiidae,Synanthedon,Synanthedon myopaeformis,0.9741328422309006,4.033333333333333,FALSE
Track_004421,30/09/2025 03:26,30/09/2025 03:26,1,1,/home/users/alyduf25/INSPIRE/outputs/singapore/inference/dep000144/raw_outputs/ami-mini-20250929T202648.jpg,crop_1,nonmoth,Lepidoptera Macros,Hippotion celerio,Geometridae,Maculinea,Maculinea nausithous,1.41708772,0,TRUE
Track_004422,30/09/2025 03:28,30/09/2025 03:32,3,3,/home/users/alyduf25/INSPIRE/outputs/singapore/inference/dep000144/raw_outputs/ami-mini-20250929T202849.jpg,crop_1,nonmoth,Lepidoptera Macros,Hippotion celerio,Lycaenidae,Maculinea,Maculinea nausithous,0.8202485223553418,4.033333333333333,FALSE
Track_004423,30/09/2025 03:28,30/09/2025 03:28,1,1,/home/users/alyduf25/INSPIRE/outputs/singapore/inference/dep000144/raw_outputs/ami-mini-20250929T202849.jpg,crop_3,moth,Lepidoptera Macros,Trilocha varians,Geometridae,Amblyptilia,Amblyptilia acanthadactyla,2.598398585843288,0,TRUE
Track_004424,30/09/2025 03:34,30/09/2025 03:34,1,1,/home/users/alyduf25/INSPIRE/outputs/singapore/inference/dep000144/raw_outputs/ami-mini-20250929T203452.jpg,crop_1,nonmoth,Lepidoptera Macros,Hippotion celerio,Lycaenidae,Maculinea,Maculinea nausithous,1.384267442,0,TRUE
Track_004425,30/09/2025 03:36,30/09/2025 03:36,1,1,/home/users/alyduf25/INSPIRE/outputs/singapore/inference/dep000144/raw_outputs/ami-mini-20250929T203653.jpg,crop_1,nonmoth,Lepidoptera Macros,Hippotion celerio,Geometridae,Maculinea,Maculinea nausithous,1.324905835511128,0,TRUE
Track_004426,30/09/2025 03:38,30/09/2025 03:38,1,1,/home/users/alyduf25/INSPIRE/outputs/singapore/inference/dep000144/raw_outputs/ami-mini-20250929T203854.jpg,crop_1,nonmoth,Lepidoptera Macros,Macroglossum corythus,Sesiidae,Synanthedon,Synanthedon myopaeformis,1.3815865955893123,0,TRUE
Track_004427,30/09/2025 03:40,30/09/2025 03:40,1,1,/home/users/alyduf25/INSPIRE/outputs/singapore/inference/dep000144/raw_outputs/ami-mini-20250929T204055.jpg,crop_1,nonmoth,Lepidoptera Macros,Hippotion rosetta,Geometridae,Timandra,Timandra comae,1.1004952011940987,0,TRUE
Track_004428,30/09/2025 03:44,30/09/2025 03:44,1,1,/home/users/alyduf25/INSPIRE/outputs/singapore/inference/dep000144/raw_outputs/ami-mini-20250929T204457.jpg,crop_1,nonmoth,Lepidoptera Macros,Attacus atlas,Depressariidae,Agonopterix,Agonopterix scopariella,,0,TRUE
Track_004429,30/09/2025 03:46,30/09/2025 03:46,1,1,/home/users/alyduf25/INSPIRE/outputs/singapore/inference/dep000144/raw_outputs/ami-mini-20250929T204658.jpg,crop_1,nonmoth,Lepidoptera Macros,Trilocha varians,Tortricidae,Notocelia,Notocelia rosaecolana,1.9194169851962577,0,TRUE
Track_004430,30/09/2025 03:48,30/09/2025 03:48,1,1,/home/users/alyduf25/INSPIRE/outputs/singapore/inference/dep000144/raw_outputs/ami-mini-20250929T204859.jpg,crop_1,nonmoth,Lepidoptera Macros,Hippotion celerio,Geometridae,Catephia,Catephia alchymista,1.3564664927998042,0,TRUE
Track_004431,30/09/2025 03:51,30/09/2025 03:51,1,1,/home/users/alyduf25/INSPIRE/outputs/singapore/inference/dep000144/raw_outputs/ami-mini-20250929T205100.jpg,crop_1,nonmoth,Lepidoptera Macros,Trilocha varians,Lycaenidae,Synanthedon,Synanthedon myopaeformis,1.3121719006963934,0,TRUE
Track_004432,30/09/2025 03:53,30/09/2025 03:55,2,2,/home/users/alyduf25/INSPIRE/outputs/singapore/inference/dep000144/raw_outputs/ami-mini-20250929T205301.jpg,crop_1,nonmoth,Lepidoptera Macros,Daphnis hypothous,Geometridae,Timandra,Timandra comae,0.8058912147254045,2.0166666666666666,FALSE
Track_004433,30/09/2025 03:57,30/09/2025 03:57,1,1,/home/users/alyduf25/INSPIRE/outputs/singapore/inference/dep000144/raw_outputs/ami-mini-20250929T205703.jpg,crop_1,nonmoth,Lepidoptera Macros,Hippotion celerio,Zygaenidae,Zygaena,Zygaena angelicae,1.9479320637630635,0,TRUE
Track_004434,30/09/2025 03:59,30/09/2025 03:59,1,1,/home/users/alyduf25/INSPIRE/outputs/singapore/inference/dep000144/raw_outputs/ami-mini-20250929T205904.jpg,crop_1,nonmoth,Lepidoptera Macros,Hippotion celerio,Pieridae,Anthocharis,Anthocharis cardamines,1.7678194280649884,0,TRUE
Track_004435,30/09/2025 04:01,30/09/2025 04:01,1,1,/home/users/alyduf25/INSPIRE/outputs/singapore/inference/dep000144/raw_outputs/ami-mini-20250929T210105.jpg,crop_1,nonmoth,Lepidoptera Macros,Theretra latreillii,Pyralidae,Aglossa,Aglossa caprealis,1.716001745973703,0,TRUE
Track_004436,30/09/2025 04:07,30/09/2025 04:07,1,1,/home/users/alyduf25/INSPIRE/outputs/singapore/inference/dep000144/raw_outputs/ami-mini-20250929T210708.jpg,crop_1,nonmoth,Lepidoptera Macros,Hippotion celerio,Noctuidae,Conistra,Conistra rubiginosa,,0,TRUE
Track_004437,30/09/2025 04:15,30/09/2025 04:17,2,2,/home/users/alyduf25/INSPIRE/outputs/singapore/inference/dep000144/raw_outputs/ami-mini-20250929T211512.jpg,crop_1,nonmoth,Lepidoptera Macros,Hippotion celerio,Geometridae,Idaea,Conistra rubiginosa,0.7777146522755456,2.0166666666666666,FALSE
Track_004438,30/09/2025 04:23,30/09/2025 04:25,2,2,/home/users/alyduf25/INSPIRE/outputs/singapore/inference/dep000144/raw_outputs/ami-mini-20250929T212316.jpg,crop_1,nonmoth,Lepidoptera Macros,Hippotion celerio,Geometridae,Malacosoma,Malacosoma castrense,0.4987853546296791,2.0166666666666666,FALSE
Track_004439,30/09/2025 04:27,30/09/2025 04:27,1,1,/home/users/alyduf25/INSPIRE/outputs/singapore/inference/dep000144/raw_outputs/ami-mini-20250929T212718.jpg,crop_1,nonmoth,Lepidoptera Macros,Hippotion celerio,Lycaenidae,Maculinea,Maculinea nausithous,1.5180280265473711,0,TRUE
Track_004440,30/09/2025 04:29,30/09/2025 04:29,1,1,/home/users/alyduf25/INSPIRE/outputs/singapore/inference/dep000144/raw_outputs/ami-mini-20250929T212919.jpg,crop_1,nonmoth,Lepidoptera Macros,Trilocha varians,Lycaenidae,Maculinea,Maculinea nausithous,1.233787588989669,0,TRUE
